customer_id,signup_day,population_type,hard_negative_subtype,ring_id,device_id,address_id,payment_fp_id
C0000000,53,normal,,,D000001,A000001,PF000001
C0000001,10,normal,,,D000002,A000002,PF000002
C0000002,60,normal,,,D000003,A000003,PF000003
C0000003,14,naive_abuse,,NA_RING0039,D006039,A000004,PF006039
C0000004,53,normal,,,D000005,A000005,PF000005
C0000005,63,normal,,,D000006,A000006,PF000006
C0000006,7,normal,,,D000007,A000007,PF000007
C0000007,21,normal,,,D000008,A000008,PF000008
C0000008,29,normal,,,D000009,A000009,PF000009
C0000009,92,normal,,,D000010,A000010,PF000010
C0000010,22,normal,,,D000011,A000011,PF000011
C0000011,92,naive_abuse,,NA_RING0055,D006055,A000012,PF000012
C0000012,53,adaptive_abuse,,AA_RING0081,D006187,A006187,PF006187
C0000013,94,normal,,,D000014,A000014,PF000014
C0000014,83,normal,,,D000015,A000015,PF000015
C0000015,29,normal,,,D000016,A000016,PF000016
C0000016,55,normal,,,D000017,A000017,PF000017
C0000017,71,normal,,,D000018,A000018,PF000018
C0000018,7,naive_abuse,,NA_RING0045,D000019,A000019,PF006045
C0000019,66,hard_negative,promo_spike,,D000020,A000020,PF000020
C0000020,45,naive_abuse,,NA_RING0039,D006039,A006039,PF000021
C0000021,3,normal,,,D000022,A000022,PF000022
C0000022,86,adaptive_abuse,,AA_RING0098,D000023,A006204,PF006204
C0000023,26,normal,,,D000024,A000024,PF000024
C0000024,87,normal,,,D000025,A000025,PF000025
C0000025,20,normal,,,D000026,A000026,PF000026
C0000026,54,adaptive_abuse,,AA_RING0072,D006178,A006178,PF006178
C0000027,37,normal,,,D000028,A000028,PF000028
C0000028,89,naive_abuse,,NA_RING0096,D006096,A006096,PF006096
C0000029,95,normal,,,D000030,A000030,PF000030
C0000030,77,adaptive_abuse,,AA_RING0013,D006119,A000031,PF000031
C0000031,84,normal,,,D000032,A000032,PF000032
C0000032,76,normal,,,D000033,A000033,PF000033
C0000033,29,adaptive_abuse,,AA_RING0067,D006173,A000034,PF000034
C0000034,92,normal,,,D000035,A000035,PF000035
C0000035,53,normal,,,D000036,A000036,PF000036
C0000036,34,normal,,,D000037,A000037,PF000037
C0000037,19,normal,,,D000038,A000038,PF000038
C0000038,70,normal,,,D000039,A000039,PF000039
C0000039,27,normal,,,D000040,A000040,PF000040
C0000040,65,normal,,,D000041,A000041,PF000041
C0000041,6,naive_abuse,,NA_RING0030,D006030,A000042,PF000042
C0000042,63,normal,,,D000043,A000043,PF000043
C0000043,64,normal,,,D000044,A000044,PF000044
C0000044,52,normal,,,D000045,A000045,PF000045
C0000045,65,normal,,,D000046,A000046,PF000046
C0000046,99,normal,,,D000047,A000047,PF000047
C0000047,83,adaptive_abuse,,AA_RING0095,D006201,A000048,PF000048
C0000048,43,adaptive_abuse,,AA_RING0024,D006130,A006130,PF006130
C0000049,87,normal,,,D000050,A000050,PF000050
C0000050,95,normal,,,D000051,A000051,PF000051
C0000051,16,normal,,,D000052,A000052,PF000052
C0000052,35,normal,,,D000053,A000053,PF000053
C0000053,74,normal,,,D000054,A000054,PF000054
C0000054,51,normal,,,D000055,A000055,PF000055
C0000055,13,normal,,,D000056,A000056,PF000056
C0000056,47,normal,,,D000057,A000057,PF000057
C0000057,37,normal,,,D000058,A000058,PF000058
C0000058,73,normal,,,D000059,A000059,PF000059
C0000059,51,normal,,,D000060,A000060,PF000060
C0000060,13,normal,,,D000061,A000061,PF000061
C0000061,4,hard_negative,promo_spike,,D000062,A000062,PF000062
C0000062,28,normal,,,D000063,A000063,PF000063
C0000063,15,normal,,,D000064,A000064,PF000064
C0000064,87,normal,,,D000065,A000065,PF000065
C0000065,27,hard_negative,promo_spike,,D000066,A000066,PF000066
C0000066,63,normal,,,D000067,A000067,PF000067
C0000067,12,naive_abuse,,NA_RING0103,D006103,A000068,PF006103
C0000068,44,adaptive_abuse,,AA_RING0082,D006188,A000069,PF006188
C0000069,93,normal,,,D000070,A000070,PF000070
C0000070,64,normal,,,D000071,A000071,PF000071
C0000071,28,normal,,,D000072,A000072,PF000072
C0000072,74,adaptive_abuse,,AA_RING0022,D000073,A000073,PF000073
C0000073,50,normal,,,D000074,A000074,PF000074
C0000074,23,adaptive_abuse,,AA_RING0073,D006179,A006179,PF000075
C0000075,99,normal,,,D000076,A000076,PF000076
C0000076,93,normal,,,D000077,A000077,PF000077
C0000077,56,normal,,,D000078,A000078,PF000078
C0000078,3,normal,,,D000079,A000079,PF000079
C0000079,41,normal,,,D000080,A000080,PF000080
C0000080,51,normal,,,D000081,A000081,PF000081
C0000081,92,hard_negative,high_return_fashion,,D000082,A000082,PF000082
C0000082,73,naive_abuse,,NA_RING0025,D000083,A006025,PF006025
C0000083,22,normal,,,D000084,A000084,PF000084
C0000084,51,normal,,,D000085,A000085,PF000085
C0000085,17,normal,,,D000086,A000086,PF000086
C0000086,47,hard_negative,promo_spike,,D000087,A000087,PF000087
C0000087,53,normal,,,D000088,A000088,PF000088
C0000088,50,naive_abuse,,NA_RING0074,D000089,A000089,PF006074
C0000089,42,normal,,,D000090,A000090,PF000090
C0000090,43,normal,,,D000091,A000091,PF000091
C0000091,79,normal,,,D000092,A000092,PF000092
C0000092,50,normal,,,D000093,A000093,PF000093
C0000093,4,hard_negative,shared_household,HH0031,D006241,A006241,PF006241
C0000094,74,normal,,,D000095,A000095,PF000095
C0000095,61,normal,,,D000096,A000096,PF000096
C0000096,69,adaptive_abuse,,AA_RING0038,D006144,A006144,PF006144
C0000097,71,adaptive_abuse,,AA_RING0070,D000098,A006176,PF006176
C0000098,17,naive_abuse,,NA_RING0004,D006004,A000099,PF006004
C0000099,97,normal,,,D000100,A000100,PF000100
C0000100,99,normal,,,D000101,A000101,PF000101
C0000101,14,naive_abuse,,NA_RING0094,D000102,A006094,PF000102
C0000102,21,normal,,,D000103,A000103,PF000103
C0000103,24,normal,,,D000104,A000104,PF000104
C0000104,96,naive_abuse,,NA_RING0088,D006088,A000105,PF006088
C0000105,93,normal,,,D000106,A000106,PF000106
C0000106,26,normal,,,D000107,A000107,PF000107
C0000107,63,adaptive_abuse,,AA_RING0007,D000108,A000108,PF006113
C0000108,24,normal,,,D000109,A000109,PF000109
C0000109,3,normal,,,D000110,A000110,PF000110
C0000110,23,normal,,,D000111,A000111,PF000111
C0000111,7,normal,,,D000112,A000112,PF000112
C0000112,84,normal,,,D000113,A000113,PF000113
C0000113,78,hard_negative,promo_spike,,D000114,A000114,PF000114
C0000114,18,naive_abuse,,NA_RING0077,D006077,A006077,PF000115
C0000115,56,normal,,,D000116,A000116,PF000116
C0000116,20,normal,,,D000117,A000117,PF000117
C0000117,56,naive_abuse,,NA_RING0007,D006007,A006007,PF000118
C0000118,89,normal,,,D000119,A000119,PF000119
C0000119,87,normal,,,D000120,A000120,PF000120
C0000120,83,normal,,,D000121,A000121,PF000121
C0000121,24,normal,,,D000122,A000122,PF000122
C0000122,19,normal,,,D000123,A000123,PF000123
C0000123,16,normal,,,D000124,A000124,PF000124
C0000124,12,normal,,,D000125,A000125,PF000125
C0000125,61,normal,,,D000126,A000126,PF000126
C0000126,65,normal,,,D000127,A000127,PF000127
C0000127,88,normal,,,D000128,A000128,PF000128
C0000128,9,normal,,,D000129,A000129,PF000129
C0000129,26,normal,,,D000130,A000130,PF000130
C0000130,72,normal,,,D000131,A000131,PF000131
C0000131,68,normal,,,D000132,A000132,PF000132
C0000132,42,normal,,,D000133,A000133,PF000133
C0000133,15,normal,,,D000134,A000134,PF000134
C0000134,48,adaptive_abuse,,AA_RING0021,D006127,A000135,PF000135
C0000135,17,normal,,,D000136,A000136,PF000136
C0000136,53,naive_abuse,,NA_RING0095,D006095,A006095,PF006095
C0000137,90,adaptive_abuse,,AA_RING0014,D006120,A000138,PF000138
C0000138,19,normal,,,D000139,A000139,PF000139
C0000139,11,normal,,,D000140,A000140,PF000140
C0000140,73,naive_abuse,,NA_RING0070,D000141,A006070,PF006070
C0000141,2,normal,,,D000142,A000142,PF000142
C0000142,98,normal,,,D000143,A000143,PF000143
C0000143,77,normal,,,D000144,A000144,PF000144
C0000144,40,normal,,,D000145,A000145,PF000145
C0000145,36,normal,,,D000146,A000146,PF000146
C0000146,38,adaptive_abuse,,AA_RING0057,D000147,A006163,PF006163
C0000147,39,adaptive_abuse,,AA_RING0007,D006113,A000148,PF006113
C0000148,83,normal,,,D000149,A000149,PF000149
C0000149,79,hard_negative,high_return_fashion,,D000150,A000150,PF000150
C0000150,20,normal,,,D000151,A000151,PF000151
C0000151,17,adaptive_abuse,,AA_RING0100,D000152,A006206,PF006206
C0000152,54,normal,,,D000153,A000153,PF000153
C0000153,65,adaptive_abuse,,AA_RING0077,D006183,A000154,PF000154
C0000154,72,naive_abuse,,NA_RING0092,D000155,A000155,PF006092
C0000155,31,normal,,,D000156,A000156,PF000156
C0000156,48,normal,,,D000157,A000157,PF000157
C0000157,10,naive_abuse,,NA_RING0036,D006036,A006036,PF000158
C0000158,45,normal,,,D000159,A000159,PF000159
C0000159,68,normal,,,D000160,A000160,PF000160
C0000160,30,adaptive_abuse,,AA_RING0003,D006109,A006109,PF000161
C0000161,31,normal,,,D000162,A000162,PF000162
C0000162,46,normal,,,D000163,A000163,PF000163
C0000163,86,normal,,,D000164,A000164,PF000164
C0000164,60,normal,,,D000165,A000165,PF000165
C0000165,91,adaptive_abuse,,AA_RING0029,D006135,A006135,PF006135
C0000166,6,normal,,,D000167,A000167,PF000167
C0000167,84,normal,,,D000168,A000168,PF000168
C0000168,4,normal,,,D000169,A000169,PF000169
C0000169,32,adaptive_abuse,,AA_RING0070,D000170,A006176,PF006176
C0000170,42,normal,,,D000171,A000171,PF000171
C0000171,23,naive_abuse,,NA_RING0033,D006033,A006033,PF006033
C0000172,98,hard_negative,new_merchant_thin_history,,D000173,A000173,PF000173
C0000173,89,naive_abuse,,NA_RING0052,D006052,A000174,PF000174
C0000174,57,adaptive_abuse,,AA_RING0024,D000175,A000175,PF000175
C0000175,45,naive_abuse,,NA_RING0066,D006066,A000176,PF006066
C0000176,76,adaptive_abuse,,AA_RING0026,D000177,A000177,PF006132
C0000177,70,normal,,,D000178,A000178,PF000178
C0000178,48,hard_negative,popular_product_volume,,D000179,A000179,PF000179
C0000179,82,normal,,,D000180,A000180,PF000180
C0000180,19,normal,,,D000181,A000181,PF000181
C0000181,27,naive_abuse,,NA_RING0031,D006031,A000182,PF006031
C0000182,1,adaptive_abuse,,AA_RING0068,D000183,A000183,PF000183
C0000183,11,hard_negative,shared_household,HH0027,D000184,A006237,PF000184
C0000184,19,normal,,,D000185,A000185,PF000185
C0000185,62,normal,,,D000186,A000186,PF000186
C0000186,85,normal,,,D000187,A000187,PF000187
C0000187,59,normal,,,D000188,A000188,PF000188
C0000188,44,normal,,,D000189,A000189,PF000189
C0000189,27,normal,,,D000190,A000190,PF000190
C0000190,10,normal,,,D000191,A000191,PF000191
C0000191,58,hard_negative,shared_household,HH0028,D000192,A006238,PF006238
C0000192,14,normal,,,D000193,A000193,PF000193
C0000193,79,adaptive_abuse,,AA_RING0060,D006166,A000194,PF000194
C0000194,40,normal,,,D000195,A000195,PF000195
C0000195,35,normal,,,D000196,A000196,PF000196
C0000196,2,normal,,,D000197,A000197,PF000197
C0000197,24,normal,,,D000198,A000198,PF000198
C0000198,1,adaptive_abuse,,AA_RING0066,D006172,A006172,PF006172
C0000199,72,normal,,,D000200,A000200,PF000200
C0000200,48,normal,,,D000201,A000201,PF000201
C0000201,78,adaptive_abuse,,AA_RING0086,D006192,A006192,PF006192
C0000202,56,adaptive_abuse,,AA_RING0088,D006194,A006194,PF006194
C0000203,95,normal,,,D000204,A000204,PF000204
C0000204,78,normal,,,D000205,A000205,PF000205
C0000205,14,normal,,,D000206,A000206,PF000206
C0000206,11,normal,,,D000207,A000207,PF000207
C0000207,88,normal,,,D000208,A000208,PF000208
C0000208,26,normal,,,D000209,A000209,PF000209
C0000209,76,adaptive_abuse,,AA_RING0027,D006133,A000210,PF006133
C0000210,62,normal,,,D000211,A000211,PF000211
C0000211,70,normal,,,D000212,A000212,PF000212
C0000212,26,normal,,,D000213,A000213,PF000213
C0000213,31,naive_abuse,,NA_RING0084,D000214,A006084,PF006084
C0000214,55,normal,,,D000215,A000215,PF000215
C0000215,2,naive_abuse,,NA_RING0015,D000216,A000216,PF000216
C0000216,31,adaptive_abuse,,AA_RING0063,D006169,A000217,PF000217
C0000217,50,normal,,,D000218,A000218,PF000218
C0000218,20,normal,,,D000219,A000219,PF000219
C0000219,28,normal,,,D000220,A000220,PF000220
C0000220,98,normal,,,D000221,A000221,PF000221
C0000221,28,adaptive_abuse,,AA_RING0015,D000222,A006121,PF006121
C0000222,90,normal,,,D000223,A000223,PF000223
C0000223,92,hard_negative,shared_household,HH0013,D000224,A006223,PF000224
C0000224,67,normal,,,D000225,A000225,PF000225
C0000225,15,normal,,,D000226,A000226,PF000226
C0000226,20,normal,,,D000227,A000227,PF000227
C0000227,93,normal,,,D000228,A000228,PF000228
C0000228,0,normal,,,D000229,A000229,PF000229
C0000229,50,normal,,,D000230,A000230,PF000230
C0000230,59,normal,,,D000231,A000231,PF000231
C0000231,83,hard_negative,popular_product_volume,,D000232,A000232,PF000232
C0000232,89,normal,,,D000233,A000233,PF000233
C0000233,28,adaptive_abuse,,AA_RING0012,D006118,A000234,PF000234
C0000234,50,normal,,,D000235,A000235,PF000235
C0000235,63,normal,,,D000236,A000236,PF000236
C0000236,96,normal,,,D000237,A000237,PF000237
C0000237,55,normal,,,D000238,A000238,PF000238
C0000238,12,normal,,,D000239,A000239,PF000239
C0000239,92,normal,,,D000240,A000240,PF000240
C0000240,51,adaptive_abuse,,,D000241,A000241,PF000241
C0000241,17,normal,,,D000242,A000242,PF000242
C0000242,19,normal,,,D000243,A000243,PF000243
C0000243,20,normal,,,D000244,A000244,PF000244
C0000244,72,normal,,,D000245,A000245,PF000245
C0000245,94,normal,,,D000246,A000246,PF000246
C0000246,44,normal,,,D000247,A000247,PF000247
C0000247,9,normal,,,D000248,A000248,PF000248
C0000248,88,normal,,,D000249,A000249,PF000249
C0000249,63,adaptive_abuse,,AA_RING0001,D006107,A000250,PF006107
C0000250,57,normal,,,D000251,A000251,PF000251
C0000251,6,naive_abuse,,NA_RING0066,D006066,A006066,PF000252
C0000252,97,normal,,,D000253,A000253,PF000253
C0000253,7,normal,,,D000254,A000254,PF000254
C0000254,61,naive_abuse,,NA_RING0031,D000255,A006031,PF006031
C0000255,59,normal,,,D000256,A000256,PF000256
C0000256,51,hard_negative,promo_spike,,D000257,A000257,PF000257
C0000257,55,normal,,,D000258,A000258,PF000258
C0000258,39,normal,,,D000259,A000259,PF000259
C0000259,57,naive_abuse,,NA_RING0086,D000260,A000260,PF006086
C0000260,36,normal,,,D000261,A000261,PF000261
C0000261,47,normal,,,D000262,A000262,PF000262
C0000262,67,normal,,,D000263,A000263,PF000263
C0000263,74,normal,,,D000264,A000264,PF000264
C0000264,15,adaptive_abuse,,AA_RING0093,D006199,A000265,PF006199
C0000265,99,normal,,,D000266,A000266,PF000266
C0000266,9,normal,,,D000267,A000267,PF000267
C0000267,27,naive_abuse,,NA_RING0051,D006051,A006051,PF006051
C0000268,34,normal,,,D000269,A000269,PF000269
C0000269,32,hard_negative,popular_product_volume,,D000270,A000270,PF000270
C0000270,35,normal,,,D000271,A000271,PF000271
C0000271,32,normal,,,D000272,A000272,PF000272
C0000272,43,hard_negative,new_merchant_thin_history,,D000273,A000273,PF000273
C0000273,76,normal,,,D000274,A000274,PF000274
C0000274,82,normal,,,D000275,A000275,PF000275
C0000275,34,normal,,,D000276,A000276,PF000276
C0000276,25,hard_negative,shared_household,HH0018,D000277,A006228,PF000277
C0000277,67,naive_abuse,,NA_RING0104,D006104,A000278,PF000278
C0000278,5,normal,,,D000279,A000279,PF000279
C0000279,44,normal,,,D000280,A000280,PF000280
C0000280,22,adaptive_abuse,,AA_RING0038,D006144,A000281,PF006144
C0000281,60,normal,,,D000282,A000282,PF000282
C0000282,7,normal,,,D000283,A000283,PF000283
C0000283,82,normal,,,D000284,A000284,PF000284
C0000284,26,normal,,,D000285,A000285,PF000285
C0000285,51,naive_abuse,,NA_RING0076,D006076,A006076,PF000286
C0000286,57,hard_negative,promo_spike,,D000287,A000287,PF000287
C0000287,47,hard_negative,shared_household,HH0047,D000288,A006257,PF000288
C0000288,44,normal,,,D000289,A000289,PF000289
C0000289,26,normal,,,D000290,A000290,PF000290
C0000290,77,normal,,,D000291,A000291,PF000291
C0000291,51,normal,,,D000292,A000292,PF000292
C0000292,21,normal,,,D000293,A000293,PF000293
C0000293,26,normal,,,D000294,A000294,PF000294
C0000294,43,normal,,,D000295,A000295,PF000295
C0000295,84,normal,,,D000296,A000296,PF000296
C0000296,96,hard_negative,promo_spike,,D000297,A000297,PF000297
C0000297,38,normal,,,D000298,A000298,PF000298
C0000298,39,normal,,,D000299,A000299,PF000299
C0000299,12,hard_negative,shared_household,HH0026,D006236,A006236,PF000300
C0000300,54,hard_negative,popular_product_volume,,D000301,A000301,PF000301
C0000301,23,naive_abuse,,NA_RING0064,D006064,A006064,PF006064
C0000302,81,normal,,,D000303,A000303,PF000303
C0000303,53,naive_abuse,,NA_RING0051,D000304,A006051,PF000304
C0000304,22,normal,,,D000305,A000305,PF000305
C0000305,91,normal,,,D000306,A000306,PF000306
C0000306,81,normal,,,D000307,A000307,PF000307
C0000307,30,normal,,,D000308,A000308,PF000308
C0000308,12,normal,,,D000309,A000309,PF000309
C0000309,26,normal,,,D000310,A000310,PF000310
C0000310,37,hard_negative,high_return_fashion,,D000311,A000311,PF000311
C0000311,40,normal,,,D000312,A000312,PF000312
C0000312,82,normal,,,D000313,A000313,PF000313
C0000313,96,normal,,,D000314,A000314,PF000314
C0000314,74,normal,,,D000315,A000315,PF000315
C0000315,84,normal,,,D000316,A000316,PF000316
C0000316,12,normal,,,D000317,A000317,PF000317
C0000317,14,normal,,,D000318,A000318,PF000318
C0000318,90,hard_negative,high_return_fashion,,D000319,A000319,PF000319
C0000319,61,adaptive_abuse,,AA_RING0096,D006202,A006202,PF000320
C0000320,23,normal,,,D000321,A000321,PF000321
C0000321,79,normal,,,D000322,A000322,PF000322
C0000322,17,naive_abuse,,NA_RING0038,D006038,A006038,PF000323
C0000323,76,adaptive_abuse,,AA_RING0052,D006158,A000324,PF000324
C0000324,88,normal,,,D000325,A000325,PF000325
C0000325,48,naive_abuse,,NA_RING0018,D000326,A006018,PF006018
C0000326,65,adaptive_abuse,,AA_RING0043,D006149,A006149,PF006149
C0000327,73,hard_negative,shared_household,HH0014,D006224,A006224,PF000328
C0000328,88,normal,,,D000329,A000329,PF000329
C0000329,58,normal,,,D000330,A000330,PF000330
C0000330,29,normal,,,D000331,A000331,PF000331
C0000331,20,normal,,,D000332,A000332,PF000332
C0000332,35,normal,,,D000333,A000333,PF000333
C0000333,5,normal,,,D000334,A000334,PF000334
C0000334,69,normal,,,D000335,A000335,PF000335
C0000335,36,normal,,,D000336,A000336,PF000336
C0000336,71,naive_abuse,,NA_RING0042,D000337,A006042,PF006042
C0000337,6,normal,,,D000338,A000338,PF000338
C0000338,32,normal,,,D000339,A000339,PF000339
C0000339,39,hard_negative,new_merchant_thin_history,,D000340,A000340,PF000340
C0000340,8,naive_abuse,,NA_RING0038,D000341,A006038,PF006038
C0000341,82,adaptive_abuse,,AA_RING0045,D000342,A006151,PF006151
C0000342,59,naive_abuse,,NA_RING0014,D006014,A000343,PF006014
C0000343,84,naive_abuse,,NA_RING0029,D006029,A006029,PF000344
C0000344,80,normal,,,D000345,A000345,PF000345
C0000345,3,normal,,,D000346,A000346,PF000346
C0000346,86,normal,,,D000347,A000347,PF000347
C0000347,6,normal,,,D000348,A000348,PF000348
C0000348,87,adaptive_abuse,,AA_RING0030,D006136,A000349,PF006136
C0000349,66,normal,,,D000350,A000350,PF000350
C0000350,81,normal,,,D000351,A000351,PF000351
C0000351,49,normal,,,D000352,A000352,PF000352
C0000352,16,normal,,,D000353,A000353,PF000353
C0000353,14,normal,,,D000354,A000354,PF000354
C0000354,11,normal,,,D000355,A000355,PF000355
C0000355,80,adaptive_abuse,,AA_RING0033,D006139,A000356,PF006139
C0000356,53,normal,,,D000357,A000357,PF000357
C0000357,21,naive_abuse,,NA_RING0020,D000358,A006020,PF000358
C0000358,12,normal,,,D000359,A000359,PF000359
C0000359,7,normal,,,D000360,A000360,PF000360
C0000360,25,normal,,,D000361,A000361,PF000361
C0000361,74,naive_abuse,,NA_RING0063,D000362,A006063,PF006063
C0000362,89,normal,,,D000363,A000363,PF000363
C0000363,60,adaptive_abuse,,AA_RING0091,D006197,A006197,PF006197
C0000364,99,normal,,,D000365,A000365,PF000365
C0000365,39,normal,,,D000366,A000366,PF000366
C0000366,33,naive_abuse,,NA_RING0042,D000367,A000367,PF006042
C0000367,69,normal,,,D000368,A000368,PF000368
C0000368,13,normal,,,D000369,A000369,PF000369
C0000369,91,adaptive_abuse,,AA_RING0046,D000370,A000370,PF000370
C0000370,78,normal,,,D000371,A000371,PF000371
C0000371,3,normal,,,D000372,A000372,PF000372
C0000372,18,normal,,,D000373,A000373,PF000373
C0000373,62,normal,,,D000374,A000374,PF000374
C0000374,73,hard_negative,promo_spike,,D000375,A000375,PF000375
C0000375,21,hard_negative,shared_household,HH0008,D006218,A006218,PF000376
C0000376,74,normal,,,D000377,A000377,PF000377
C0000377,47,naive_abuse,,NA_RING0096,D000378,A006096,PF006096
C0000378,67,normal,,,D000379,A000379,PF000379
C0000379,42,normal,,,D000380,A000380,PF000380
C0000380,45,normal,,,D000381,A000381,PF000381
C0000381,38,adaptive_abuse,,AA_RING0068,D006174,A000382,PF006174
C0000382,15,normal,,,D000383,A000383,PF000383
C0000383,19,normal,,,D000384,A000384,PF000384
C0000384,16,normal,,,D000385,A000385,PF000385
C0000385,80,naive_abuse,,NA_RING0069,D006069,A006069,PF000386
C0000386,42,normal,,,D000387,A000387,PF000387
C0000387,37,normal,,,D000388,A000388,PF000388
C0000388,85,hard_negative,shared_household,HH0027,D000389,A006237,PF000389
C0000389,88,normal,,,D000390,A000390,PF000390
C0000390,23,normal,,,D000391,A000391,PF000391
C0000391,35,normal,,,D000392,A000392,PF000392
C0000392,41,normal,,,D000393,A000393,PF000393
C0000393,83,normal,,,D000394,A000394,PF000394
C0000394,67,naive_abuse,,NA_RING0074,D000395,A006074,PF006074
C0000395,54,normal,,,D000396,A000396,PF000396
C0000396,23,normal,,,D000397,A000397,PF000397
C0000397,38,adaptive_abuse,,AA_RING0075,D000398,A000398,PF006181
C0000398,2,normal,,,D000399,A000399,PF000399
C0000399,70,normal,,,D000400,A000400,PF000400
C0000400,91,adaptive_abuse,,AA_RING0024,D006130,A000401,PF000401
C0000401,78,normal,,,D000402,A000402,PF000402
C0000402,30,hard_negative,shared_household,HH0021,D000403,A006231,PF000403
C0000403,48,hard_negative,new_merchant_thin_history,,D000404,A000404,PF000404
C0000404,95,normal,,,D000405,A000405,PF000405
C0000405,42,normal,,,D000406,A000406,PF000406
C0000406,83,normal,,,D000407,A000407,PF000407
C0000407,57,normal,,,D000408,A000408,PF000408
C0000408,49,normal,,,D000409,A000409,PF000409
C0000409,58,normal,,,D000410,A000410,PF000410
C0000410,22,hard_negative,new_merchant_thin_history,,D000411,A000411,PF000411
C0000411,42,adaptive_abuse,,AA_RING0057,D000412,A006163,PF006163
C0000412,30,naive_abuse,,NA_RING0014,D006014,A000413,PF000413
C0000413,75,normal,,,D000414,A000414,PF000414
C0000414,61,normal,,,D000415,A000415,PF000415
C0000415,39,normal,,,D000416,A000416,PF000416
C0000416,82,normal,,,D000417,A000417,PF000417
C0000417,45,adaptive_abuse,,AA_RING0008,D006114,A006114,PF000418
C0000418,95,normal,,,D000419,A000419,PF000419
C0000419,60,normal,,,D000420,A000420,PF000420
C0000420,88,naive_abuse,,NA_RING0090,D000421,A006090,PF006090
C0000421,98,normal,,,D000422,A000422,PF000422
C0000422,32,normal,,,D000423,A000423,PF000423
C0000423,26,normal,,,D000424,A000424,PF000424
C0000424,83,normal,,,D000425,A000425,PF000425
C0000425,23,hard_negative,popular_product_volume,,D000426,A000426,PF000426
C0000426,75,normal,,,D000427,A000427,PF000427
C0000427,17,adaptive_abuse,,AA_RING0085,D006191,A006191,PF006191
C0000428,86,naive_abuse,,NA_RING0037,D000429,A006037,PF000429
C0000429,68,naive_abuse,,NA_RING0035,D000430,A006035,PF006035
C0000430,52,normal,,,D000431,A000431,PF000431
C0000431,44,normal,,,D000432,A000432,PF000432
C0000432,63,naive_abuse,,NA_RING0071,D006071,A000433,PF000433
C0000433,38,normal,,,D000434,A000434,PF000434
C0000434,39,normal,,,D000435,A000435,PF000435
C0000435,20,hard_negative,popular_product_volume,,D000436,A000436,PF000436
C0000436,15,normal,,,D000437,A000437,PF000437
C0000437,89,hard_negative,high_return_fashion,,D000438,A000438,PF000438
C0000438,74,adaptive_abuse,,AA_RING0037,D006143,A006143,PF006143
C0000439,44,hard_negative,shared_household,HH0032,D006242,A006242,PF000440
C0000440,83,normal,,,D000441,A000441,PF000441
C0000441,60,naive_abuse,,NA_RING0025,D006025,A006025,PF006025
C0000442,59,normal,,,D000443,A000443,PF000443
C0000443,11,hard_negative,promo_spike,,D000444,A000444,PF000444
C0000444,53,naive_abuse,,NA_RING0089,D006089,A006089,PF006089
C0000445,10,hard_negative,promo_spike,,D000446,A000446,PF000446
C0000446,68,normal,,,D000447,A000447,PF000447
C0000447,6,normal,,,D000448,A000448,PF000448
C0000448,51,normal,,,D000449,A000449,PF000449
C0000449,36,normal,,,D000450,A000450,PF000450
C0000450,13,normal,,,D000451,A000451,PF000451
C0000451,47,normal,,,D000452,A000452,PF000452
C0000452,20,normal,,,D000453,A000453,PF000453
C0000453,24,hard_negative,high_return_fashion,,D000454,A000454,PF000454
C0000454,88,adaptive_abuse,,AA_RING0051,D000455,A000455,PF000455
C0000455,34,normal,,,D000456,A000456,PF000456
C0000456,40,hard_negative,popular_product_volume,,D000457,A000457,PF000457
C0000457,0,normal,,,D000458,A000458,PF000458
C0000458,30,normal,,,D000459,A000459,PF000459
C0000459,35,normal,,,D000460,A000460,PF000460
C0000460,71,hard_negative,high_return_fashion,,D000461,A000461,PF000461
C0000461,11,adaptive_abuse,,AA_RING0033,D006139,A006139,PF006139
C0000462,92,hard_negative,shared_household,HH0028,D000463,A006238,PF000463
C0000463,12,adaptive_abuse,,AA_RING0057,D006163,A000464,PF006163
C0000464,65,adaptive_abuse,,AA_RING0040,D006146,A006146,PF000465
C0000465,0,normal,,,D000466,A000466,PF000466
C0000466,81,normal,,,D000467,A000467,PF000467
C0000467,69,normal,,,D000468,A000468,PF000468
C0000468,83,adaptive_abuse,,AA_RING0047,D000469,A006153,PF006153
C0000469,93,normal,,,D000470,A000470,PF000470
C0000470,83,normal,,,D000471,A000471,PF000471
C0000471,62,naive_abuse,,NA_RING0035,D006035,A000472,PF006035
C0000472,83,normal,,,D000473,A000473,PF000473
C0000473,9,hard_negative,shared_household,HH0046,D000474,A006256,PF000474
C0000474,64,normal,,,D000475,A000475,PF000475
C0000475,98,adaptive_abuse,,AA_RING0095,D000476,A000476,PF000476
C0000476,37,naive_abuse,,NA_RING0005,D000477,A000477,PF006005
C0000477,97,normal,,,D000478,A000478,PF000478
C0000478,50,hard_negative,popular_product_volume,,D000479,A000479,PF000479
C0000479,46,normal,,,D000480,A000480,PF000480
C0000480,30,normal,,,D000481,A000481,PF000481
C0000481,10,normal,,,D000482,A000482,PF000482
C0000482,87,naive_abuse,,NA_RING0084,D006084,A006084,PF006084
C0000483,72,normal,,,D000484,A000484,PF000484
C0000484,40,normal,,,D000485,A000485,PF000485
C0000485,96,hard_negative,popular_product_volume,,D000486,A000486,PF000486
C0000486,18,normal,,,D000487,A000487,PF000487
C0000487,77,normal,,,D000488,A000488,PF000488
C0000488,45,normal,,,D000489,A000489,PF000489
C0000489,62,normal,,,D000490,A000490,PF000490
C0000490,3,naive_abuse,,NA_RING0007,D006007,A006007,PF006007
C0000491,61,normal,,,D000492,A000492,PF000492
C0000492,67,normal,,,D000493,A000493,PF000493
C0000493,97,adaptive_abuse,,AA_RING0031,D006137,A000494,PF006137
C0000494,34,normal,,,D000495,A000495,PF000495
C0000495,7,hard_negative,promo_spike,,D000496,A000496,PF000496
C0000496,6,normal,,,D000497,A000497,PF000497
C0000497,14,naive_abuse,,NA_RING0079,D006079,A000498,PF000498
C0000498,29,hard_negative,popular_product_volume,,D000499,A000499,PF000499
C0000499,83,naive_abuse,,NA_RING0045,D000500,A006045,PF000500
C0000500,19,normal,,,D000501,A000501,PF000501
C0000501,14,normal,,,D000502,A000502,PF000502
C0000502,3,hard_negative,popular_product_volume,,D000503,A000503,PF000503
C0000503,38,normal,,,D000504,A000504,PF000504
C0000504,60,normal,,,D000505,A000505,PF000505
C0000505,28,normal,,,D000506,A000506,PF000506
C0000506,49,adaptive_abuse,,AA_RING0102,D000507,A006208,PF006208
C0000507,24,hard_negative,shared_household,HH0024,D006234,A006234,PF000508
C0000508,80,normal,,,D000509,A000509,PF000509
C0000509,2,hard_negative,popular_product_volume,,D000510,A000510,PF000510
C0000510,20,normal,,,D000511,A000511,PF000511
C0000511,56,normal,,,D000512,A000512,PF000512
C0000512,84,normal,,,D000513,A000513,PF000513
C0000513,40,normal,,,D000514,A000514,PF000514
C0000514,6,normal,,,D000515,A000515,PF000515
C0000515,55,naive_abuse,,NA_RING0063,D006063,A006063,PF000516
C0000516,27,naive_abuse,,NA_RING0038,D006038,A006038,PF006038
C0000517,30,normal,,,D000518,A000518,PF000518
C0000518,92,normal,,,D000519,A000519,PF000519
C0000519,94,normal,,,D000520,A000520,PF000520
C0000520,25,adaptive_abuse,,AA_RING0096,D006202,A000521,PF006202
C0000521,59,adaptive_abuse,,AA_RING0015,D006121,A000522,PF006121
C0000522,54,adaptive_abuse,,AA_RING0011,D006117,A006117,PF000523
C0000523,96,normal,,,D000524,A000524,PF000524
C0000524,94,normal,,,D000525,A000525,PF000525
C0000525,35,normal,,,D000526,A000526,PF000526
C0000526,2,normal,,,D000527,A000527,PF000527
C0000527,0,normal,,,D000528,A000528,PF000528
C0000528,0,normal,,,D000529,A000529,PF000529
C0000529,78,adaptive_abuse,,AA_RING0073,D006179,A006179,PF006179
C0000530,73,normal,,,D000531,A000531,PF000531
C0000531,82,normal,,,D000532,A000532,PF000532
C0000532,13,naive_abuse,,NA_RING0028,D000533,A000533,PF006028
C0000533,5,normal,,,D000534,A000534,PF000534
C0000534,17,hard_negative,high_return_fashion,,D000535,A000535,PF000535
C0000535,62,normal,,,D000536,A000536,PF000536
C0000536,0,naive_abuse,,NA_RING0063,D006063,A000537,PF006063
C0000537,66,normal,,,D000538,A000538,PF000538
C0000538,88,normal,,,D000539,A000539,PF000539
C0000539,14,hard_negative,promo_spike,,D000540,A000540,PF000540
C0000540,73,normal,,,D000541,A000541,PF000541
C0000541,55,normal,,,D000542,A000542,PF000542
C0000542,94,normal,,,D000543,A000543,PF000543
C0000543,24,normal,,,D000544,A000544,PF000544
C0000544,22,hard_negative,high_return_fashion,,D000545,A000545,PF000545
C0000545,1,normal,,,D000546,A000546,PF000546
C0000546,70,normal,,,D000547,A000547,PF000547
C0000547,86,normal,,,D000548,A000548,PF000548
C0000548,1,naive_abuse,,NA_RING0032,D006032,A006032,PF006032
C0000549,49,normal,,,D000550,A000550,PF000550
C0000550,72,normal,,,D000551,A000551,PF000551
C0000551,78,naive_abuse,,NA_RING0002,D000552,A000552,PF000552
C0000552,93,normal,,,D000553,A000553,PF000553
C0000553,72,hard_negative,shared_household,HH0045,D000554,A006255,PF000554
C0000554,92,normal,,,D000555,A000555,PF000555
C0000555,99,normal,,,D000556,A000556,PF000556
C0000556,92,normal,,,D000557,A000557,PF000557
C0000557,43,adaptive_abuse,,AA_RING0072,D006178,A000558,PF000558
C0000558,40,normal,,,D000559,A000559,PF000559
C0000559,42,normal,,,D000560,A000560,PF000560
C0000560,95,normal,,,D000561,A000561,PF000561
C0000561,28,normal,,,D000562,A000562,PF000562
C0000562,75,normal,,,D000563,A000563,PF000563
C0000563,62,normal,,,D000564,A000564,PF000564
C0000564,6,normal,,,D000565,A000565,PF000565
C0000565,48,normal,,,D000566,A000566,PF000566
C0000566,19,normal,,,D000567,A000567,PF000567
C0000567,72,normal,,,D000568,A000568,PF000568
C0000568,44,normal,,,D000569,A000569,PF000569
C0000569,35,normal,,,D000570,A000570,PF000570
C0000570,6,normal,,,D000571,A000571,PF000571
C0000571,13,normal,,,D000572,A000572,PF000572
C0000572,76,normal,,,D000573,A000573,PF000573
C0000573,86,normal,,,D000574,A000574,PF000574
C0000574,29,normal,,,D000575,A000575,PF000575
C0000575,82,hard_negative,promo_spike,,D000576,A000576,PF000576
C0000576,55,normal,,,D000577,A000577,PF000577
C0000577,35,naive_abuse,,NA_RING0046,D000578,A006046,PF006046
C0000578,45,normal,,,D000579,A000579,PF000579
C0000579,69,hard_negative,high_return_fashion,,D000580,A000580,PF000580
C0000580,90,normal,,,D000581,A000581,PF000581
C0000581,49,normal,,,D000582,A000582,PF000582
C0000582,34,normal,,,D000583,A000583,PF000583
C0000583,76,adaptive_abuse,,AA_RING0073,D006179,A000584,PF006179
C0000584,52,normal,,,D000585,A000585,PF000585
C0000585,39,normal,,,D000586,A000586,PF000586
C0000586,45,normal,,,D000587,A000587,PF000587
C0000587,53,hard_negative,shared_household,HH0035,D006245,A006245,PF006245
C0000588,14,normal,,,D000589,A000589,PF000589
C0000589,5,normal,,,D000590,A000590,PF000590
C0000590,66,normal,,,D000591,A000591,PF000591
C0000591,17,adaptive_abuse,,AA_RING0067,D000592,A006173,PF000592
C0000592,53,normal,,,D000593,A000593,PF000593
C0000593,78,normal,,,D000594,A000594,PF000594
C0000594,21,adaptive_abuse,,AA_RING0091,D006197,A000595,PF006197
C0000595,38,normal,,,D000596,A000596,PF000596
C0000596,97,normal,,,D000597,A000597,PF000597
C0000597,3,normal,,,D000598,A000598,PF000598
C0000598,75,normal,,,D000599,A000599,PF000599
C0000599,16,normal,,,D000600,A000600,PF000600
C0000600,90,normal,,,D000601,A000601,PF000601
C0000601,41,hard_negative,promo_spike,,D000602,A000602,PF000602
C0000602,0,hard_negative,promo_spike,,D000603,A000603,PF000603
C0000603,71,normal,,,D000604,A000604,PF000604
C0000604,14,normal,,,D000605,A000605,PF000605
C0000605,36,normal,,,D000606,A000606,PF000606
C0000606,50,adaptive_abuse,,AA_RING0043,D000607,A006149,PF006149
C0000607,74,normal,,,D000608,A000608,PF000608
C0000608,41,normal,,,D000609,A000609,PF000609
C0000609,85,normal,,,D000610,A000610,PF000610
C0000610,48,normal,,,D000611,A000611,PF000611
C0000611,34,normal,,,D000612,A000612,PF000612
C0000612,33,hard_negative,high_return_fashion,,D000613,A000613,PF000613
C0000613,80,normal,,,D000614,A000614,PF000614
C0000614,66,adaptive_abuse,,AA_RING0072,D006178,A006178,PF000615
C0000615,12,normal,,,D000616,A000616,PF000616
C0000616,75,hard_negative,high_return_fashion,,D000617,A000617,PF000617
C0000617,41,naive_abuse,,NA_RING0021,D006021,A006021,PF000618
C0000618,34,adaptive_abuse,,AA_RING0031,D006137,A000619,PF006137
C0000619,9,normal,,,D000620,A000620,PF000620
C0000620,99,normal,,,D000621,A000621,PF000621
C0000621,5,normal,,,D000622,A000622,PF000622
C0000622,99,normal,,,D000623,A000623,PF000623
C0000623,6,normal,,,D000624,A000624,PF000624
C0000624,50,adaptive_abuse,,AA_RING0058,D006164,A000625,PF006164
C0000625,10,adaptive_abuse,,AA_RING0048,D006154,A006154,PF006154
C0000626,49,normal,,,D000627,A000627,PF000627
C0000627,83,normal,,,D000628,A000628,PF000628
C0000628,59,naive_abuse,,NA_RING0086,D006086,A006086,PF000629
C0000629,54,adaptive_abuse,,AA_RING0074,D006180,A000630,PF006180
C0000630,11,normal,,,D000631,A000631,PF000631
C0000631,94,normal,,,D000632,A000632,PF000632
C0000632,37,naive_abuse,,NA_RING0025,D006025,A006025,PF006025
C0000633,53,normal,,,D000634,A000634,PF000634
C0000634,89,normal,,,D000635,A000635,PF000635
C0000635,62,adaptive_abuse,,AA_RING0041,D006147,A000636,PF006147
C0000636,73,adaptive_abuse,,AA_RING0061,D006167,A000637,PF000637
C0000637,18,adaptive_abuse,,AA_RING0044,D000638,A000638,PF000638
C0000638,46,hard_negative,shared_household,HH0010,D006220,A006220,PF000639
C0000639,54,normal,,,D000640,A000640,PF000640
C0000640,17,normal,,,D000641,A000641,PF000641
C0000641,38,normal,,,D000642,A000642,PF000642
C0000642,83,normal,,,D000643,A000643,PF000643
C0000643,93,normal,,,D000644,A000644,PF000644
C0000644,82,normal,,,D000645,A000645,PF000645
C0000645,93,normal,,,D000646,A000646,PF000646
C0000646,99,hard_negative,popular_product_volume,,D000647,A000647,PF000647
C0000647,19,normal,,,D000648,A000648,PF000648
C0000648,85,normal,,,D000649,A000649,PF000649
C0000649,62,normal,,,D000650,A000650,PF000650
C0000650,85,normal,,,D000651,A000651,PF000651
C0000651,63,naive_abuse,,NA_RING0020,D000652,A006020,PF006020
C0000652,12,normal,,,D000653,A000653,PF000653
C0000653,56,normal,,,D000654,A000654,PF000654
C0000654,76,hard_negative,new_merchant_thin_history,,D000655,A000655,PF000655
C0000655,12,normal,,,D000656,A000656,PF000656
C0000656,50,normal,,,D000657,A000657,PF000657
C0000657,65,normal,,,D000658,A000658,PF000658
C0000658,46,normal,,,D000659,A000659,PF000659
C0000659,79,normal,,,D000660,A000660,PF000660
C0000660,12,normal,,,D000661,A000661,PF000661
C0000661,34,normal,,,D000662,A000662,PF000662
C0000662,95,normal,,,D000663,A000663,PF000663
C0000663,51,normal,,,D000664,A000664,PF000664
C0000664,18,normal,,,D000665,A000665,PF000665
C0000665,11,naive_abuse,,NA_RING0050,D000666,A006050,PF006050
C0000666,59,normal,,,D000667,A000667,PF000667
C0000667,93,normal,,,D000668,A000668,PF000668
C0000668,4,normal,,,D000669,A000669,PF000669
C0000669,10,normal,,,D000670,A000670,PF000670
C0000670,37,normal,,,D000671,A000671,PF000671
C0000671,20,naive_abuse,,NA_RING0105,D006105,A006105,PF006105
C0000672,12,naive_abuse,,NA_RING0057,D006057,A006057,PF000673
C0000673,29,normal,,,D000674,A000674,PF000674
C0000674,64,normal,,,D000675,A000675,PF000675
C0000675,82,adaptive_abuse,,AA_RING0009,D000676,A006115,PF006115
C0000676,30,normal,,,D000677,A000677,PF000677
C0000677,70,normal,,,D000678,A000678,PF000678
C0000678,82,normal,,,D000679,A000679,PF000679
C0000679,0,normal,,,D000680,A000680,PF000680
C0000680,85,hard_negative,shared_household,HH0016,D006226,A006226,PF000681
C0000681,18,normal,,,D000682,A000682,PF000682
C0000682,68,adaptive_abuse,,AA_RING0037,D006143,A000683,PF000683
C0000683,75,normal,,,D000684,A000684,PF000684
C0000684,84,normal,,,D000685,A000685,PF000685
C0000685,40,normal,,,D000686,A000686,PF000686
C0000686,65,normal,,,D000687,A000687,PF000687
C0000687,2,normal,,,D000688,A000688,PF000688
C0000688,44,normal,,,D000689,A000689,PF000689
C0000689,96,normal,,,D000690,A000690,PF000690
C0000690,15,hard_negative,popular_product_volume,,D000691,A000691,PF000691
C0000691,15,normal,,,D000692,A000692,PF000692
C0000692,70,normal,,,D000693,A000693,PF000693
C0000693,51,normal,,,D000694,A000694,PF000694
C0000694,45,normal,,,D000695,A000695,PF000695
C0000695,24,hard_negative,promo_spike,,D000696,A000696,PF000696
C0000696,17,naive_abuse,,NA_RING0093,D000697,A006093,PF006093
C0000697,73,hard_negative,new_merchant_thin_history,,D000698,A000698,PF000698
C0000698,35,normal,,,D000699,A000699,PF000699
C0000699,77,normal,,,D000700,A000700,PF000700
C0000700,44,normal,,,D000701,A000701,PF000701
C0000701,39,normal,,,D000702,A000702,PF000702
C0000702,23,normal,,,D000703,A000703,PF000703
C0000703,65,normal,,,D000704,A000704,PF000704
C0000704,28,normal,,,D000705,A000705,PF000705
C0000705,90,normal,,,D000706,A000706,PF000706
C0000706,40,normal,,,D000707,A000707,PF000707
C0000707,81,naive_abuse,,NA_RING0100,D006100,A000708,PF000708
C0000708,46,adaptive_abuse,,AA_RING0033,D006139,A006139,PF006139
C0000709,41,normal,,,D000710,A000710,PF000710
C0000710,45,adaptive_abuse,,AA_RING0065,D006171,A006171,PF006171
C0000711,44,normal,,,D000712,A000712,PF000712
C0000712,47,adaptive_abuse,,AA_RING0074,D006180,A006180,PF000713
C0000713,88,adaptive_abuse,,AA_RING0088,D000714,A006194,PF006194
C0000714,70,normal,,,D000715,A000715,PF000715
C0000715,3,hard_negative,high_return_fashion,,D000716,A000716,PF000716
C0000716,5,adaptive_abuse,,AA_RING0033,D006139,A000717,PF000717
C0000717,2,adaptive_abuse,,AA_RING0096,D006202,A000718,PF006202
C0000718,69,adaptive_abuse,,AA_RING0039,D006145,A000719,PF000719
C0000719,20,normal,,,D000720,A000720,PF000720
C0000720,38,normal,,,D000721,A000721,PF000721
C0000721,82,naive_abuse,,NA_RING0032,D000722,A006032,PF000722
C0000722,13,normal,,,D000723,A000723,PF000723
C0000723,15,normal,,,D000724,A000724,PF000724
C0000724,7,normal,,,D000725,A000725,PF000725
C0000725,28,normal,,,D000726,A000726,PF000726
C0000726,8,normal,,,D000727,A000727,PF000727
C0000727,62,hard_negative,promo_spike,,D000728,A000728,PF000728
C0000728,73,normal,,,D000729,A000729,PF000729
C0000729,18,hard_negative,promo_spike,,D000730,A000730,PF000730
C0000730,52,naive_abuse,,NA_RING0090,D006090,A006090,PF006090
C0000731,30,normal,,,D000732,A000732,PF000732
C0000732,8,normal,,,D000733,A000733,PF000733
C0000733,46,normal,,,D000734,A000734,PF000734
C0000734,69,adaptive_abuse,,AA_RING0063,D006169,A000735,PF000735
C0000735,22,hard_negative,shared_household,HH0015,D006225,A006225,PF000736
C0000736,78,normal,,,D000737,A000737,PF000737
C0000737,99,normal,,,D000738,A000738,PF000738
C0000738,5,normal,,,D000739,A000739,PF000739
C0000739,16,normal,,,D000740,A000740,PF000740
C0000740,28,adaptive_abuse,,AA_RING0008,D006114,A006114,PF006114
C0000741,84,hard_negative,high_return_fashion,,D000742,A000742,PF000742
C0000742,14,normal,,,D000743,A000743,PF000743
C0000743,47,naive_abuse,,NA_RING0082,D006082,A000744,PF000744
C0000744,53,normal,,,D000745,A000745,PF000745
C0000745,12,naive_abuse,,NA_RING0061,D006061,A006061,PF006061
C0000746,4,normal,,,D000747,A000747,PF000747
C0000747,11,normal,,,D000748,A000748,PF000748
C0000748,5,adaptive_abuse,,AA_RING0078,D006184,A006184,PF006184
C0000749,50,normal,,,D000750,A000750,PF000750
C0000750,93,normal,,,D000751,A000751,PF000751
C0000751,35,adaptive_abuse,,AA_RING0097,D000752,A000752,PF000752
C0000752,25,normal,,,D000753,A000753,PF000753
C0000753,23,normal,,,D000754,A000754,PF000754
C0000754,98,normal,,,D000755,A000755,PF000755
C0000755,95,normal,,,D000756,A000756,PF000756
C0000756,64,normal,,,D000757,A000757,PF000757
C0000757,46,normal,,,D000758,A000758,PF000758
C0000758,15,hard_negative,high_return_fashion,,D000759,A000759,PF000759
C0000759,92,normal,,,D000760,A000760,PF000760
C0000760,0,normal,,,D000761,A000761,PF000761
C0000761,16,naive_abuse,,NA_RING0104,D006104,A006104,PF006104
C0000762,67,normal,,,D000763,A000763,PF000763
C0000763,18,naive_abuse,,NA_RING0027,D006027,A000764,PF000764
C0000764,10,normal,,,D000765,A000765,PF000765
C0000765,59,adaptive_abuse,,AA_RING0010,D000766,A006116,PF000766
C0000766,2,normal,,,D000767,A000767,PF000767
C0000767,26,normal,,,D000768,A000768,PF000768
C0000768,64,naive_abuse,,NA_RING0079,D006079,A000769,PF000769
C0000769,18,normal,,,D000770,A000770,PF000770
C0000770,75,normal,,,D000771,A000771,PF000771
C0000771,9,normal,,,D000772,A000772,PF000772
C0000772,61,normal,,,D000773,A000773,PF000773
C0000773,7,normal,,,D000774,A000774,PF000774
C0000774,73,normal,,,D000775,A000775,PF000775
C0000775,75,normal,,,D000776,A000776,PF000776
C0000776,79,normal,,,D000777,A000777,PF000777
C0000777,28,normal,,,D000778,A000778,PF000778
C0000778,23,normal,,,D000779,A000779,PF000779
C0000779,97,normal,,,D000780,A000780,PF000780
C0000780,72,normal,,,D000781,A000781,PF000781
C0000781,18,normal,,,D000782,A000782,PF000782
C0000782,2,normal,,,D000783,A000783,PF000783
C0000783,35,normal,,,D000784,A000784,PF000784
C0000784,66,normal,,,D000785,A000785,PF000785
C0000785,37,normal,,,D000786,A000786,PF000786
C0000786,80,normal,,,D000787,A000787,PF000787
C0000787,50,normal,,,D000788,A000788,PF000788
C0000788,99,normal,,,D000789,A000789,PF000789
C0000789,87,naive_abuse,,NA_RING0021,D006021,A000790,PF006021
C0000790,47,normal,,,D000791,A000791,PF000791
C0000791,83,normal,,,D000792,A000792,PF000792
C0000792,44,normal,,,D000793,A000793,PF000793
C0000793,0,normal,,,D000794,A000794,PF000794
C0000794,30,normal,,,D000795,A000795,PF000795
C0000795,40,normal,,,D000796,A000796,PF000796
C0000796,97,normal,,,D000797,A000797,PF000797
C0000797,82,normal,,,D000798,A000798,PF000798
C0000798,14,hard_negative,shared_household,HH0035,D006245,A006245,PF000799
C0000799,0,adaptive_abuse,,AA_RING0041,D000800,A000800,PF006147
C0000800,52,normal,,,D000801,A000801,PF000801
C0000801,53,normal,,,D000802,A000802,PF000802
C0000802,73,hard_negative,promo_spike,,D000803,A000803,PF000803
C0000803,25,normal,,,D000804,A000804,PF000804
C0000804,81,hard_negative,popular_product_volume,,D000805,A000805,PF000805
C0000805,41,normal,,,D000806,A000806,PF000806
C0000806,33,adaptive_abuse,,AA_RING0050,D006156,A006156,PF006156
C0000807,42,adaptive_abuse,,AA_RING0042,D006148,A006148,PF006148
C0000808,94,normal,,,D000809,A000809,PF000809
C0000809,39,normal,,,D000810,A000810,PF000810
C0000810,56,normal,,,D000811,A000811,PF000811
C0000811,89,normal,,,D000812,A000812,PF000812
C0000812,1,normal,,,D000813,A000813,PF000813
C0000813,53,adaptive_abuse,,AA_RING0014,D000814,A000814,PF000814
C0000814,70,normal,,,D000815,A000815,PF000815
C0000815,90,normal,,,D000816,A000816,PF000816
C0000816,6,naive_abuse,,NA_RING0003,D006003,A006003,PF006003
C0000817,72,normal,,,D000818,A000818,PF000818
C0000818,80,normal,,,D000819,A000819,PF000819
C0000819,35,adaptive_abuse,,AA_RING0089,D006195,A006195,PF000820
C0000820,74,normal,,,D000821,A000821,PF000821
C0000821,49,normal,,,D000822,A000822,PF000822
C0000822,65,normal,,,D000823,A000823,PF000823
C0000823,38,adaptive_abuse,,AA_RING0056,D006162,A000824,PF006162
C0000824,17,normal,,,D000825,A000825,PF000825
C0000825,82,normal,,,D000826,A000826,PF000826
C0000826,21,normal,,,D000827,A000827,PF000827
C0000827,18,normal,,,D000828,A000828,PF000828
C0000828,88,adaptive_abuse,,AA_RING0031,D000829,A000829,PF006137
C0000829,93,normal,,,D000830,A000830,PF000830
C0000830,60,adaptive_abuse,,AA_RING0047,D006153,A000831,PF006153
C0000831,58,normal,,,D000832,A000832,PF000832
C0000832,36,normal,,,D000833,A000833,PF000833
C0000833,61,naive_abuse,,NA_RING0097,D000834,A006097,PF000834
C0000834,60,normal,,,D000835,A000835,PF000835
C0000835,51,normal,,,D000836,A000836,PF000836
C0000836,65,naive_abuse,,NA_RING0094,D006094,A000837,PF006094
C0000837,55,normal,,,D000838,A000838,PF000838
C0000838,87,normal,,,D000839,A000839,PF000839
C0000839,66,adaptive_abuse,,AA_RING0064,D000840,A006170,PF006170
C0000840,38,normal,,,D000841,A000841,PF000841
C0000841,65,normal,,,D000842,A000842,PF000842
C0000842,23,normal,,,D000843,A000843,PF000843
C0000843,21,normal,,,D000844,A000844,PF000844
C0000844,82,normal,,,D000845,A000845,PF000845
C0000845,58,normal,,,D000846,A000846,PF000846
C0000846,5,normal,,,D000847,A000847,PF000847
C0000847,35,normal,,,D000848,A000848,PF000848
C0000848,98,normal,,,D000849,A000849,PF000849
C0000849,63,normal,,,D000850,A000850,PF000850
C0000850,86,normal,,,D000851,A000851,PF000851
C0000851,54,hard_negative,high_return_fashion,,D000852,A000852,PF000852
C0000852,4,normal,,,D000853,A000853,PF000853
C0000853,17,normal,,,D000854,A000854,PF000854
C0000854,9,naive_abuse,,NA_RING0106,D006106,A000855,PF006106
C0000855,73,normal,,,D000856,A000856,PF000856
C0000856,75,normal,,,D000857,A000857,PF000857
C0000857,45,adaptive_abuse,,AA_RING0061,D000858,A006167,PF000858
C0000858,72,normal,,,D000859,A000859,PF000859
C0000859,55,normal,,,D000860,A000860,PF000860
C0000860,73,normal,,,D000861,A000861,PF000861
C0000861,67,normal,,,D000862,A000862,PF000862
C0000862,45,normal,,,D000863,A000863,PF000863
C0000863,65,hard_negative,new_merchant_thin_history,,D000864,A000864,PF000864
C0000864,31,normal,,,D000865,A000865,PF000865
C0000865,74,naive_abuse,,NA_RING0089,D000866,A000866,PF006089
C0000866,91,adaptive_abuse,,AA_RING0038,D006144,A000867,PF000867
C0000867,20,normal,,,D000868,A000868,PF000868
C0000868,66,hard_negative,shared_household,HH0030,D006240,A006240,PF006240
C0000869,11,hard_negative,new_merchant_thin_history,,D000870,A000870,PF000870
C0000870,37,adaptive_abuse,,AA_RING0021,D006127,A006127,PF006127
C0000871,66,normal,,,D000872,A000872,PF000872
C0000872,27,normal,,,D000873,A000873,PF000873
C0000873,23,normal,,,D000874,A000874,PF000874
C0000874,38,normal,,,D000875,A000875,PF000875
C0000875,11,normal,,,D000876,A000876,PF000876
C0000876,62,normal,,,D000877,A000877,PF000877
C0000877,13,normal,,,D000878,A000878,PF000878
C0000878,33,adaptive_abuse,,AA_RING0022,D006128,A000879,PF006128
C0000879,31,normal,,,D000880,A000880,PF000880
C0000880,96,normal,,,D000881,A000881,PF000881
C0000881,99,normal,,,D000882,A000882,PF000882
C0000882,7,normal,,,D000883,A000883,PF000883
C0000883,15,normal,,,D000884,A000884,PF000884
C0000884,73,normal,,,D000885,A000885,PF000885
C0000885,29,normal,,,D000886,A000886,PF000886
C0000886,64,normal,,,D000887,A000887,PF000887
C0000887,92,normal,,,D000888,A000888,PF000888
C0000888,16,normal,,,D000889,A000889,PF000889
C0000889,96,normal,,,D000890,A000890,PF000890
C0000890,5,normal,,,D000891,A000891,PF000891
C0000891,22,normal,,,D000892,A000892,PF000892
C0000892,50,normal,,,D000893,A000893,PF000893
C0000893,88,normal,,,D000894,A000894,PF000894
C0000894,55,hard_negative,high_return_fashion,,D000895,A000895,PF000895
C0000895,13,adaptive_abuse,,AA_RING0071,D000896,A006177,PF000896
C0000896,24,adaptive_abuse,,AA_RING0030,D006136,A000897,PF006136
C0000897,76,normal,,,D000898,A000898,PF000898
C0000898,56,normal,,,D000899,A000899,PF000899
C0000899,1,normal,,,D000900,A000900,PF000900
C0000900,50,hard_negative,popular_product_volume,,D000901,A000901,PF000901
C0000901,40,hard_negative,new_merchant_thin_history,,D000902,A000902,PF000902
C0000902,0,naive_abuse,,NA_RING0057,D006057,A006057,PF006057
C0000903,24,naive_abuse,,NA_RING0063,D000904,A000904,PF000904
C0000904,93,normal,,,D000905,A000905,PF000905
C0000905,70,hard_negative,popular_product_volume,,D000906,A000906,PF000906
C0000906,7,naive_abuse,,NA_RING0093,D006093,A000907,PF006093
C0000907,1,normal,,,D000908,A000908,PF000908
C0000908,34,adaptive_abuse,,AA_RING0014,D006120,A006120,PF000909
C0000909,46,normal,,,D000910,A000910,PF000910
C0000910,45,adaptive_abuse,,AA_RING0053,D000911,A000911,PF006159
C0000911,69,hard_negative,popular_product_volume,,D000912,A000912,PF000912
C0000912,17,normal,,,D000913,A000913,PF000913
C0000913,4,normal,,,D000914,A000914,PF000914
C0000914,67,normal,,,D000915,A000915,PF000915
C0000915,89,hard_negative,shared_household,HH0011,D000916,A006221,PF000916
C0000916,16,hard_negative,popular_product_volume,,D000917,A000917,PF000917
C0000917,36,normal,,,D000918,A000918,PF000918
C0000918,62,naive_abuse,,NA_RING0102,D006102,A000919,PF000919
C0000919,16,normal,,,D000920,A000920,PF000920
C0000920,85,normal,,,D000921,A000921,PF000921
C0000921,22,normal,,,D000922,A000922,PF000922
C0000922,53,normal,,,D000923,A000923,PF000923
C0000923,33,normal,,,D000924,A000924,PF000924
C0000924,66,normal,,,D000925,A000925,PF000925
C0000925,19,normal,,,D000926,A000926,PF000926
C0000926,9,normal,,,D000927,A000927,PF000927
C0000927,51,naive_abuse,,NA_RING0040,D006040,A006040,PF000928
C0000928,86,normal,,,D000929,A000929,PF000929
C0000929,63,naive_abuse,,NA_RING0005,D000930,A006005,PF000930
C0000930,75,normal,,,D000931,A000931,PF000931
C0000931,43,normal,,,D000932,A000932,PF000932
C0000932,14,normal,,,D000933,A000933,PF000933
C0000933,42,normal,,,D000934,A000934,PF000934
C0000934,98,normal,,,D000935,A000935,PF000935
C0000935,78,normal,,,D000936,A000936,PF000936
C0000936,70,normal,,,D000937,A000937,PF000937
C0000937,30,normal,,,D000938,A000938,PF000938
C0000938,59,normal,,,D000939,A000939,PF000939
C0000939,62,normal,,,D000940,A000940,PF000940
C0000940,65,naive_abuse,,NA_RING0077,D006077,A000941,PF000941
C0000941,89,normal,,,D000942,A000942,PF000942
C0000942,68,adaptive_abuse,,AA_RING0026,D006132,A006132,PF000943
C0000943,22,hard_negative,promo_spike,,D000944,A000944,PF000944
C0000944,22,adaptive_abuse,,AA_RING0083,D000945,A000945,PF000945
C0000945,61,naive_abuse,,NA_RING0059,D006059,A000946,PF000946
C0000946,86,normal,,,D000947,A000947,PF000947
C0000947,94,normal,,,D000948,A000948,PF000948
C0000948,60,normal,,,D000949,A000949,PF000949
C0000949,52,naive_abuse,,NA_RING0084,D000950,A006084,PF006084
C0000950,81,normal,,,D000951,A000951,PF000951
C0000951,97,normal,,,D000952,A000952,PF000952
C0000952,2,adaptive_abuse,,AA_RING0006,D006112,A006112,PF006112
C0000953,31,normal,,,D000954,A000954,PF000954
C0000954,33,normal,,,D000955,A000955,PF000955
C0000955,56,hard_negative,shared_household,HH0034,D006244,A006244,PF000956
C0000956,29,normal,,,D000957,A000957,PF000957
C0000957,31,normal,,,D000958,A000958,PF000958
C0000958,2,naive_abuse,,NA_RING0010,D006010,A000959,PF006010
C0000959,0,normal,,,D000960,A000960,PF000960
C0000960,44,normal,,,D000961,A000961,PF000961
C0000961,99,normal,,,D000962,A000962,PF000962
C0000962,29,normal,,,D000963,A000963,PF000963
C0000963,24,normal,,,D000964,A000964,PF000964
C0000964,26,adaptive_abuse,,AA_RING0003,D006109,A000965,PF006109
C0000965,97,naive_abuse,,NA_RING0056,D000966,A000966,PF006056
C0000966,66,normal,,,D000967,A000967,PF000967
C0000967,65,normal,,,D000968,A000968,PF000968
C0000968,18,normal,,,D000969,A000969,PF000969
C0000969,90,hard_negative,new_merchant_thin_history,,D000970,A000970,PF000970
C0000970,19,normal,,,D000971,A000971,PF000971
C0000971,96,normal,,,D000972,A000972,PF000972
C0000972,95,normal,,,D000973,A000973,PF000973
C0000973,56,adaptive_abuse,,AA_RING0065,D000974,A000974,PF000974
C0000974,86,normal,,,D000975,A000975,PF000975
C0000975,99,naive_abuse,,NA_RING0062,D006062,A006062,PF006062
C0000976,58,normal,,,D000977,A000977,PF000977
C0000977,76,adaptive_abuse,,AA_RING0018,D006124,A000978,PF006124
C0000978,59,normal,,,D000979,A000979,PF000979
C0000979,52,normal,,,D000980,A000980,PF000980
C0000980,33,adaptive_abuse,,AA_RING0036,D000981,A006142,PF006142
C0000981,65,adaptive_abuse,,AA_RING0032,D006138,A000982,PF000982
C0000982,26,normal,,,D000983,A000983,PF000983
C0000983,19,normal,,,D000984,A000984,PF000984
C0000984,27,normal,,,D000985,A000985,PF000985
C0000985,1,normal,,,D000986,A000986,PF000986
C0000986,93,normal,,,D000987,A000987,PF000987
C0000987,25,naive_abuse,,NA_RING0016,D006016,A006016,PF006016
C0000988,79,normal,,,D000989,A000989,PF000989
C0000989,43,hard_negative,shared_household,HH0023,D000990,A006233,PF000990
C0000990,33,normal,,,D000991,A000991,PF000991
C0000991,22,normal,,,D000992,A000992,PF000992
C0000992,82,normal,,,D000993,A000993,PF000993
C0000993,51,normal,,,D000994,A000994,PF000994
C0000994,44,normal,,,D000995,A000995,PF000995
C0000995,65,normal,,,D000996,A000996,PF000996
C0000996,80,adaptive_abuse,,AA_RING0046,D006152,A006152,PF006152
C0000997,65,hard_negative,shared_household,HH0004,D006214,A006214,PF006214
C0000998,46,naive_abuse,,NA_RING0025,D000999,A000999,PF006025
C0000999,89,normal,,,D001000,A001000,PF001000
C0001000,89,normal,,,D001001,A001001,PF001001
C0001001,96,normal,,,D001002,A001002,PF001002
C0001002,9,normal,,,D001003,A001003,PF001003
C0001003,89,normal,,,D001004,A001004,PF001004
C0001004,19,normal,,,D001005,A001005,PF001005
C0001005,62,normal,,,D001006,A001006,PF001006
C0001006,65,normal,,,D001007,A001007,PF001007
C0001007,20,normal,,,D001008,A001008,PF001008
C0001008,0,normal,,,D001009,A001009,PF001009
C0001009,94,normal,,,D001010,A001010,PF001010
C0001010,89,normal,,,D001011,A001011,PF001011
C0001011,17,normal,,,D001012,A001012,PF001012
C0001012,60,normal,,,D001013,A001013,PF001013
C0001013,15,normal,,,D001014,A001014,PF001014
C0001014,56,hard_negative,new_merchant_thin_history,,D001015,A001015,PF001015
C0001015,31,normal,,,D001016,A001016,PF001016
C0001016,75,normal,,,D001017,A001017,PF001017
C0001017,57,adaptive_abuse,,AA_RING0067,D006173,A001018,PF001018
C0001018,49,normal,,,D001019,A001019,PF001019
C0001019,68,adaptive_abuse,,AA_RING0013,D006119,A001020,PF006119
C0001020,47,hard_negative,shared_household,HH0028,D006238,A006238,PF006238
C0001021,1,normal,,,D001022,A001022,PF001022
C0001022,59,normal,,,D001023,A001023,PF001023
C0001023,77,normal,,,D001024,A001024,PF001024
C0001024,49,adaptive_abuse,,AA_RING0012,D001025,A006118,PF006118
C0001025,17,normal,,,D001026,A001026,PF001026
C0001026,0,normal,,,D001027,A001027,PF001027
C0001027,29,normal,,,D001028,A001028,PF001028
C0001028,76,normal,,,D001029,A001029,PF001029
C0001029,32,hard_negative,high_return_fashion,,D001030,A001030,PF001030
C0001030,95,normal,,,D001031,A001031,PF001031
C0001031,33,hard_negative,shared_household,HH0010,D001032,A006220,PF001032
C0001032,42,naive_abuse,,NA_RING0021,D006021,A001033,PF001033
C0001033,76,normal,,,D001034,A001034,PF001034
C0001034,61,normal,,,D001035,A001035,PF001035
C0001035,4,hard_negative,popular_product_volume,,D001036,A001036,PF001036
C0001036,7,naive_abuse,,NA_RING0068,D006068,A001037,PF001037
C0001037,19,naive_abuse,,NA_RING0018,D006018,A001038,PF001038
C0001038,87,normal,,,D001039,A001039,PF001039
C0001039,2,normal,,,D001040,A001040,PF001040
C0001040,7,normal,,,D001041,A001041,PF001041
C0001041,77,naive_abuse,,NA_RING0087,D006087,A001042,PF006087
C0001042,62,normal,,,D001043,A001043,PF001043
C0001043,98,normal,,,D001044,A001044,PF001044
C0001044,21,normal,,,D001045,A001045,PF001045
C0001045,65,normal,,,D001046,A001046,PF001046
C0001046,13,hard_negative,new_merchant_thin_history,,D001047,A001047,PF001047
C0001047,59,normal,,,D001048,A001048,PF001048
C0001048,10,normal,,,D001049,A001049,PF001049
C0001049,90,naive_abuse,,NA_RING0068,D006068,A001050,PF001050
C0001050,41,hard_negative,high_return_fashion,,D001051,A001051,PF001051
C0001051,25,normal,,,D001052,A001052,PF001052
C0001052,98,normal,,,D001053,A001053,PF001053
C0001053,6,adaptive_abuse,,AA_RING0036,D006142,A006142,PF006142
C0001054,79,hard_negative,promo_spike,,D001055,A001055,PF001055
C0001055,50,normal,,,D001056,A001056,PF001056
C0001056,68,normal,,,D001057,A001057,PF001057
C0001057,26,normal,,,D001058,A001058,PF001058
C0001058,88,normal,,,D001059,A001059,PF001059
C0001059,45,hard_negative,promo_spike,,D001060,A001060,PF001060
C0001060,41,normal,,,D001061,A001061,PF001061
C0001061,45,normal,,,D001062,A001062,PF001062
C0001062,29,hard_negative,promo_spike,,D001063,A001063,PF001063
C0001063,31,adaptive_abuse,,AA_RING0072,D001064,A006178,PF001064
C0001064,14,hard_negative,promo_spike,,D001065,A001065,PF001065
C0001065,48,normal,,,D001066,A001066,PF001066
C0001066,47,normal,,,D001067,A001067,PF001067
C0001067,38,normal,,,D001068,A001068,PF001068
C0001068,98,normal,,,D001069,A001069,PF001069
C0001069,11,normal,,,D001070,A001070,PF001070
C0001070,91,normal,,,D001071,A001071,PF001071
C0001071,86,normal,,,D001072,A001072,PF001072
C0001072,2,naive_abuse,,NA_RING0098,D006098,A001073,PF006098
C0001073,70,adaptive_abuse,,AA_RING0053,D006159,A001074,PF006159
C0001074,20,normal,,,D001075,A001075,PF001075
C0001075,4,normal,,,D001076,A001076,PF001076
C0001076,86,normal,,,D001077,A001077,PF001077
C0001077,11,normal,,,D001078,A001078,PF001078
C0001078,29,normal,,,D001079,A001079,PF001079
C0001079,9,normal,,,D001080,A001080,PF001080
C0001080,14,hard_negative,new_merchant_thin_history,,D001081,A001081,PF001081
C0001081,6,normal,,,D001082,A001082,PF001082
C0001082,84,adaptive_abuse,,AA_RING0060,D006166,A006166,PF001083
C0001083,5,normal,,,D001084,A001084,PF001084
C0001084,75,normal,,,D001085,A001085,PF001085
C0001085,15,normal,,,D001086,A001086,PF001086
C0001086,91,normal,,,D001087,A001087,PF001087
C0001087,84,normal,,,D001088,A001088,PF001088
C0001088,62,adaptive_abuse,,AA_RING0068,D006174,A006174,PF001089
C0001089,82,normal,,,D001090,A001090,PF001090
C0001090,29,normal,,,D001091,A001091,PF001091
C0001091,78,normal,,,D001092,A001092,PF001092
C0001092,22,normal,,,D001093,A001093,PF001093
C0001093,61,normal,,,D001094,A001094,PF001094
C0001094,91,normal,,,D001095,A001095,PF001095
C0001095,72,naive_abuse,,NA_RING0031,D006031,A006031,PF006031
C0001096,26,normal,,,D001097,A001097,PF001097
C0001097,73,normal,,,D001098,A001098,PF001098
C0001098,88,normal,,,D001099,A001099,PF001099
C0001099,88,naive_abuse,,NA_RING0027,D006027,A001100,PF006027
C0001100,73,normal,,,D001101,A001101,PF001101
C0001101,73,normal,,,D001102,A001102,PF001102
C0001102,78,normal,,,D001103,A001103,PF001103
C0001103,73,normal,,,D001104,A001104,PF001104
C0001104,13,normal,,,D001105,A001105,PF001105
C0001105,80,hard_negative,shared_household,HH0036,D001106,A006246,PF001106
C0001106,17,normal,,,D001107,A001107,PF001107
C0001107,55,hard_negative,shared_household,HH0002,D001108,A006212,PF001108
C0001108,33,normal,,,D001109,A001109,PF001109
C0001109,21,naive_abuse,,NA_RING0069,D006069,A001110,PF006069
C0001110,28,naive_abuse,,NA_RING0067,D006067,A006067,PF006067
C0001111,8,normal,,,D001112,A001112,PF001112
C0001112,43,normal,,,D001113,A001113,PF001113
C0001113,41,normal,,,D001114,A001114,PF001114
C0001114,40,naive_abuse,,NA_RING0040,D006040,A001115,PF006040
C0001115,9,normal,,,D001116,A001116,PF001116
C0001116,60,normal,,,D001117,A001117,PF001117
C0001117,16,normal,,,D001118,A001118,PF001118
C0001118,85,hard_negative,promo_spike,,D001119,A001119,PF001119
C0001119,2,normal,,,D001120,A001120,PF001120
C0001120,5,normal,,,D001121,A001121,PF001121
C0001121,30,adaptive_abuse,,AA_RING0002,D006108,A001122,PF006108
C0001122,40,normal,,,D001123,A001123,PF001123
C0001123,96,naive_abuse,,NA_RING0090,D006090,A006090,PF006090
C0001124,52,normal,,,D001125,A001125,PF001125
C0001125,37,normal,,,D001126,A001126,PF001126
C0001126,83,naive_abuse,,NA_RING0101,D006101,A006101,PF001127
C0001127,24,normal,,,D001128,A001128,PF001128
C0001128,89,normal,,,D001129,A001129,PF001129
C0001129,40,normal,,,D001130,A001130,PF001130
C0001130,31,normal,,,D001131,A001131,PF001131
C0001131,30,normal,,,D001132,A001132,PF001132
C0001132,0,normal,,,D001133,A001133,PF001133
C0001133,67,normal,,,D001134,A001134,PF001134
C0001134,57,normal,,,D001135,A001135,PF001135
C0001135,63,normal,,,D001136,A001136,PF001136
C0001136,65,normal,,,D001137,A001137,PF001137
C0001137,2,normal,,,D001138,A001138,PF001138
C0001138,87,normal,,,D001139,A001139,PF001139
C0001139,51,naive_abuse,,NA_RING0061,D006061,A006061,PF006061
C0001140,69,normal,,,D001141,A001141,PF001141
C0001141,3,normal,,,D001142,A001142,PF001142
C0001142,76,normal,,,D001143,A001143,PF001143
C0001143,67,naive_abuse,,NA_RING0012,D006012,A006012,PF006012
C0001144,36,normal,,,D001145,A001145,PF001145
C0001145,93,normal,,,D001146,A001146,PF001146
C0001146,65,normal,,,D001147,A001147,PF001147
C0001147,90,normal,,,D001148,A001148,PF001148
C0001148,82,hard_negative,shared_household,HH0038,D006248,A006248,PF001149
C0001149,20,adaptive_abuse,,AA_RING0031,D001150,A001150,PF006137
C0001150,99,normal,,,D001151,A001151,PF001151
C0001151,74,hard_negative,shared_household,HH0010,D001152,A006220,PF001152
C0001152,18,normal,,,D001153,A001153,PF001153
C0001153,79,normal,,,D001154,A001154,PF001154
C0001154,42,hard_negative,high_return_fashion,,D001155,A001155,PF001155
C0001155,86,normal,,,D001156,A001156,PF001156
C0001156,17,normal,,,D001157,A001157,PF001157
C0001157,25,normal,,,D001158,A001158,PF001158
C0001158,34,adaptive_abuse,,AA_RING0026,D006132,A001159,PF006132
C0001159,45,normal,,,D001160,A001160,PF001160
C0001160,63,normal,,,D001161,A001161,PF001161
C0001161,22,normal,,,D001162,A001162,PF001162
C0001162,70,normal,,,D001163,A001163,PF001163
C0001163,2,normal,,,D001164,A001164,PF001164
C0001164,33,hard_negative,high_return_fashion,,D001165,A001165,PF001165
C0001165,65,hard_negative,new_merchant_thin_history,,D001166,A001166,PF001166
C0001166,26,naive_abuse,,NA_RING0034,D001167,A006034,PF001167
C0001167,43,naive_abuse,,NA_RING0064,D006064,A001168,PF006064
C0001168,60,normal,,,D001169,A001169,PF001169
C0001169,24,normal,,,D001170,A001170,PF001170
C0001170,96,normal,,,D001171,A001171,PF001171
C0001171,84,normal,,,D001172,A001172,PF001172
C0001172,97,adaptive_abuse,,AA_RING0075,D001173,A006181,PF006181
C0001173,49,normal,,,D001174,A001174,PF001174
C0001174,34,adaptive_abuse,,AA_RING0040,D006146,A001175,PF001175
C0001175,99,normal,,,D001176,A001176,PF001176
C0001176,72,normal,,,D001177,A001177,PF001177
C0001177,79,normal,,,D001178,A001178,PF001178
C0001178,18,normal,,,D001179,A001179,PF001179
C0001179,86,normal,,,D001180,A001180,PF001180
C0001180,52,normal,,,D001181,A001181,PF001181
C0001181,77,normal,,,D001182,A001182,PF001182
C0001182,82,adaptive_abuse,,AA_RING0096,D006202,A006202,PF006202
C0001183,10,normal,,,D001184,A001184,PF001184
C0001184,9,normal,,,D001185,A001185,PF001185
C0001185,6,hard_negative,high_return_fashion,,D001186,A001186,PF001186
C0001186,64,normal,,,D001187,A001187,PF001187
C0001187,91,adaptive_abuse,,AA_RING0069,D006175,A001188,PF001188
C0001188,3,hard_negative,promo_spike,,D001189,A001189,PF001189
C0001189,13,normal,,,D001190,A001190,PF001190
C0001190,48,normal,,,D001191,A001191,PF001191
C0001191,39,normal,,,D001192,A001192,PF001192
C0001192,10,hard_negative,popular_product_volume,,D001193,A001193,PF001193
C0001193,60,naive_abuse,,NA_RING0057,D006057,A001194,PF006057
C0001194,90,hard_negative,high_return_fashion,,D001195,A001195,PF001195
C0001195,21,normal,,,D001196,A001196,PF001196
C0001196,0,normal,,,D001197,A001197,PF001197
C0001197,22,normal,,,D001198,A001198,PF001198
C0001198,18,adaptive_abuse,,AA_RING0071,D001199,A001199,PF001199
C0001199,46,normal,,,D001200,A001200,PF001200
C0001200,10,normal,,,D001201,A001201,PF001201
C0001201,36,normal,,,D001202,A001202,PF001202
C0001202,11,hard_negative,high_return_fashion,,D001203,A001203,PF001203
C0001203,67,adaptive_abuse,,AA_RING0021,D006127,A001204,PF006127
C0001204,46,normal,,,D001205,A001205,PF001205
C0001205,7,normal,,,D001206,A001206,PF001206
C0001206,4,normal,,,D001207,A001207,PF001207
C0001207,48,normal,,,D001208,A001208,PF001208
C0001208,59,normal,,,D001209,A001209,PF001209
C0001209,17,normal,,,D001210,A001210,PF001210
C0001210,32,normal,,,D001211,A001211,PF001211
C0001211,60,normal,,,D001212,A001212,PF001212
C0001212,47,normal,,,D001213,A001213,PF001213
C0001213,11,normal,,,D001214,A001214,PF001214
C0001214,39,hard_negative,shared_household,HH0030,D001215,A006240,PF001215
C0001215,19,normal,,,D001216,A001216,PF001216
C0001216,92,hard_negative,promo_spike,,D001217,A001217,PF001217
C0001217,80,normal,,,D001218,A001218,PF001218
C0001218,31,normal,,,D001219,A001219,PF001219
C0001219,23,normal,,,D001220,A001220,PF001220
C0001220,13,normal,,,D001221,A001221,PF001221
C0001221,73,normal,,,D001222,A001222,PF001222
C0001222,91,normal,,,D001223,A001223,PF001223
C0001223,27,naive_abuse,,NA_RING0063,D006063,A006063,PF006063
C0001224,63,normal,,,D001225,A001225,PF001225
C0001225,23,normal,,,D001226,A001226,PF001226
C0001226,91,normal,,,D001227,A001227,PF001227
C0001227,29,normal,,,D001228,A001228,PF001228
C0001228,9,hard_negative,shared_household,HH0012,D001229,A006222,PF001229
C0001229,88,naive_abuse,,NA_RING0043,D001230,A006043,PF006043
C0001230,94,normal,,,D001231,A001231,PF001231
C0001231,39,normal,,,D001232,A001232,PF001232
C0001232,90,normal,,,D001233,A001233,PF001233
C0001233,24,normal,,,D001234,A001234,PF001234
C0001234,27,naive_abuse,,NA_RING0075,D006075,A006075,PF001235
C0001235,53,hard_negative,promo_spike,,D001236,A001236,PF001236
C0001236,60,normal,,,D001237,A001237,PF001237
C0001237,38,normal,,,D001238,A001238,PF001238
C0001238,79,normal,,,D001239,A001239,PF001239
C0001239,79,normal,,,D001240,A001240,PF001240
C0001240,12,normal,,,D001241,A001241,PF001241
C0001241,99,normal,,,D001242,A001242,PF001242
C0001242,15,adaptive_abuse,,AA_RING0051,D006157,A001243,PF001243
C0001243,52,normal,,,D001244,A001244,PF001244
C0001244,42,normal,,,D001245,A001245,PF001245
C0001245,45,normal,,,D001246,A001246,PF001246
C0001246,12,normal,,,D001247,A001247,PF001247
C0001247,34,naive_abuse,,NA_RING0083,D001248,A001248,PF006083
C0001248,3,normal,,,D001249,A001249,PF001249
C0001249,97,hard_negative,high_return_fashion,,D001250,A001250,PF001250
C0001250,14,naive_abuse,,NA_RING0083,D006083,A006083,PF006083
C0001251,48,normal,,,D001252,A001252,PF001252
C0001252,21,normal,,,D001253,A001253,PF001253
C0001253,17,adaptive_abuse,,AA_RING0048,D001254,A006154,PF001254
C0001254,39,normal,,,D001255,A001255,PF001255
C0001255,96,normal,,,D001256,A001256,PF001256
C0001256,47,adaptive_abuse,,AA_RING0017,D006123,A006123,PF001257
C0001257,96,naive_abuse,,NA_RING0084,D006084,A001258,PF001258
C0001258,82,normal,,,D001259,A001259,PF001259
C0001259,43,normal,,,D001260,A001260,PF001260
C0001260,90,normal,,,D001261,A001261,PF001261
C0001261,34,naive_abuse,,NA_RING0035,D001262,A001262,PF006035
C0001262,50,normal,,,D001263,A001263,PF001263
C0001263,68,normal,,,D001264,A001264,PF001264
C0001264,58,normal,,,D001265,A001265,PF001265
C0001265,82,adaptive_abuse,,AA_RING0071,D006177,A001266,PF006177
C0001266,16,naive_abuse,,NA_RING0018,D006018,A001267,PF006018
C0001267,49,normal,,,D001268,A001268,PF001268
C0001268,66,normal,,,D001269,A001269,PF001269
C0001269,33,adaptive_abuse,,AA_RING0060,D006166,A006166,PF006166
C0001270,86,adaptive_abuse,,AA_RING0075,D006181,A006181,PF001271
C0001271,30,normal,,,D001272,A001272,PF001272
C0001272,30,normal,,,D001273,A001273,PF001273
C0001273,32,normal,,,D001274,A001274,PF001274
C0001274,67,normal,,,D001275,A001275,PF001275
C0001275,11,normal,,,D001276,A001276,PF001276
C0001276,14,normal,,,D001277,A001277,PF001277
C0001277,77,normal,,,D001278,A001278,PF001278
C0001278,20,naive_abuse,,NA_RING0095,D006095,A001279,PF006095
C0001279,10,normal,,,D001280,A001280,PF001280
C0001280,26,normal,,,D001281,A001281,PF001281
C0001281,39,normal,,,D001282,A001282,PF001282
C0001282,3,normal,,,D001283,A001283,PF001283
C0001283,83,normal,,,D001284,A001284,PF001284
C0001284,11,normal,,,D001285,A001285,PF001285
C0001285,40,normal,,,D001286,A001286,PF001286
C0001286,20,normal,,,D001287,A001287,PF001287
C0001287,29,adaptive_abuse,,AA_RING0088,D001288,A001288,PF001288
C0001288,4,normal,,,D001289,A001289,PF001289
C0001289,94,adaptive_abuse,,AA_RING0099,D006205,A006205,PF006205
C0001290,93,adaptive_abuse,,AA_RING0011,D006117,A001291,PF001291
C0001291,12,naive_abuse,,NA_RING0011,D006011,A001292,PF006011
C0001292,19,normal,,,D001293,A001293,PF001293
C0001293,88,normal,,,D001294,A001294,PF001294
C0001294,41,normal,,,D001295,A001295,PF001295
C0001295,6,normal,,,D001296,A001296,PF001296
C0001296,13,normal,,,D001297,A001297,PF001297
C0001297,41,adaptive_abuse,,AA_RING0090,D006196,A006196,PF006196
C0001298,55,normal,,,D001299,A001299,PF001299
C0001299,63,hard_negative,high_return_fashion,,D001300,A001300,PF001300
C0001300,15,normal,,,D001301,A001301,PF001301
C0001301,37,normal,,,D001302,A001302,PF001302
C0001302,26,normal,,,D001303,A001303,PF001303
C0001303,53,normal,,,D001304,A001304,PF001304
C0001304,32,normal,,,D001305,A001305,PF001305
C0001305,20,normal,,,D001306,A001306,PF001306
C0001306,81,normal,,,D001307,A001307,PF001307
C0001307,56,normal,,,D001308,A001308,PF001308
C0001308,47,normal,,,D001309,A001309,PF001309
C0001309,13,adaptive_abuse,,AA_RING0079,D006185,A006185,PF006185
C0001310,7,normal,,,D001311,A001311,PF001311
C0001311,79,normal,,,D001312,A001312,PF001312
C0001312,96,normal,,,D001313,A001313,PF001313
C0001313,58,normal,,,D001314,A001314,PF001314
C0001314,3,normal,,,D001315,A001315,PF001315
C0001315,48,normal,,,D001316,A001316,PF001316
C0001316,28,adaptive_abuse,,AA_RING0092,D001317,A001317,PF006198
C0001317,5,normal,,,D001318,A001318,PF001318
C0001318,14,normal,,,D001319,A001319,PF001319
C0001319,49,normal,,,D001320,A001320,PF001320
C0001320,42,normal,,,D001321,A001321,PF001321
C0001321,56,normal,,,D001322,A001322,PF001322
C0001322,69,normal,,,D001323,A001323,PF001323
C0001323,26,normal,,,D001324,A001324,PF001324
C0001324,28,normal,,,D001325,A001325,PF001325
C0001325,67,hard_negative,high_return_fashion,,D001326,A001326,PF001326
C0001326,19,normal,,,D001327,A001327,PF001327
C0001327,7,normal,,,D001328,A001328,PF001328
C0001328,85,normal,,,D001329,A001329,PF001329
C0001329,20,normal,,,D001330,A001330,PF001330
C0001330,12,normal,,,D001331,A001331,PF001331
C0001331,73,normal,,,D001332,A001332,PF001332
C0001332,53,adaptive_abuse,,AA_RING0045,D006151,A006151,PF001333
C0001333,14,normal,,,D001334,A001334,PF001334
C0001334,85,normal,,,D001335,A001335,PF001335
C0001335,24,hard_negative,shared_household,HH0040,D001336,A006250,PF006250
C0001336,67,naive_abuse,,NA_RING0095,D001337,A001337,PF006095
C0001337,65,normal,,,D001338,A001338,PF001338
C0001338,82,normal,,,D001339,A001339,PF001339
C0001339,72,normal,,,D001340,A001340,PF001340
C0001340,70,naive_abuse,,NA_RING0088,D001341,A006088,PF006088
C0001341,5,normal,,,D001342,A001342,PF001342
C0001342,93,adaptive_abuse,,AA_RING0049,D001343,A001343,PF001343
C0001343,12,normal,,,D001344,A001344,PF001344
C0001344,25,naive_abuse,,NA_RING0044,D006044,A006044,PF006044
C0001345,44,normal,,,D001346,A001346,PF001346
C0001346,28,normal,,,D001347,A001347,PF001347
C0001347,59,normal,,,D001348,A001348,PF001348
C0001348,5,normal,,,D001349,A001349,PF001349
C0001349,45,normal,,,D001350,A001350,PF001350
C0001350,34,normal,,,D001351,A001351,PF001351
C0001351,64,normal,,,D001352,A001352,PF001352
C0001352,51,normal,,,D001353,A001353,PF001353
C0001353,75,hard_negative,shared_household,HH0011,D001354,A006221,PF001354
C0001354,16,naive_abuse,,NA_RING0020,D001355,A001355,PF001355
C0001355,94,normal,,,D001356,A001356,PF001356
C0001356,39,normal,,,D001357,A001357,PF001357
C0001357,34,normal,,,D001358,A001358,PF001358
C0001358,54,adaptive_abuse,,AA_RING0065,D001359,A001359,PF006171
C0001359,16,normal,,,D001360,A001360,PF001360
C0001360,81,normal,,,D001361,A001361,PF001361
C0001361,26,adaptive_abuse,,AA_RING0034,D006140,A006140,PF001362
C0001362,92,adaptive_abuse,,AA_RING0041,D006147,A006147,PF006147
C0001363,14,normal,,,D001364,A001364,PF001364
C0001364,86,normal,,,D001365,A001365,PF001365
C0001365,39,normal,,,D001366,A001366,PF001366
C0001366,60,hard_negative,new_merchant_thin_history,,D001367,A001367,PF001367
C0001367,87,normal,,,D001368,A001368,PF001368
C0001368,12,normal,,,D001369,A001369,PF001369
C0001369,34,normal,,,D001370,A001370,PF001370
C0001370,94,normal,,,D001371,A001371,PF001371
C0001371,14,normal,,,D001372,A001372,PF001372
C0001372,10,normal,,,D001373,A001373,PF001373
C0001373,52,naive_abuse,,NA_RING0077,D006077,A001374,PF006077
C0001374,2,naive_abuse,,NA_RING0100,D006100,A006100,PF006100
C0001375,99,normal,,,D001376,A001376,PF001376
C0001376,90,hard_negative,high_return_fashion,,D001377,A001377,PF001377
C0001377,18,normal,,,D001378,A001378,PF001378
C0001378,17,normal,,,D001379,A001379,PF001379
C0001379,77,normal,,,D001380,A001380,PF001380
C0001380,52,naive_abuse,,NA_RING0038,D006038,A001381,PF006038
C0001381,82,naive_abuse,,NA_RING0083,D006083,A001382,PF001382
C0001382,96,adaptive_abuse,,AA_RING0073,D006179,A001383,PF006179
C0001383,40,naive_abuse,,NA_RING0065,D006065,A006065,PF001384
C0001384,25,adaptive_abuse,,AA_RING0052,D001385,A001385,PF006158
C0001385,61,normal,,,D001386,A001386,PF001386
C0001386,63,adaptive_abuse,,AA_RING0100,D006206,A001387,PF006206
C0001387,43,normal,,,D001388,A001388,PF001388
C0001388,29,normal,,,D001389,A001389,PF001389
C0001389,26,normal,,,D001390,A001390,PF001390
C0001390,52,normal,,,D001391,A001391,PF001391
C0001391,42,normal,,,D001392,A001392,PF001392
C0001392,45,normal,,,D001393,A001393,PF001393
C0001393,9,normal,,,D001394,A001394,PF001394
C0001394,88,normal,,,D001395,A001395,PF001395
C0001395,70,naive_abuse,,NA_RING0002,D006002,A001396,PF006002
C0001396,91,normal,,,D001397,A001397,PF001397
C0001397,82,normal,,,D001398,A001398,PF001398
C0001398,61,normal,,,D001399,A001399,PF001399
C0001399,30,normal,,,D001400,A001400,PF001400
C0001400,65,normal,,,D001401,A001401,PF001401
C0001401,56,naive_abuse,,NA_RING0059,D006059,A006059,PF006059
C0001402,92,normal,,,D001403,A001403,PF001403
C0001403,23,hard_negative,promo_spike,,D001404,A001404,PF001404
C0001404,2,hard_negative,promo_spike,,D001405,A001405,PF001405
C0001405,12,normal,,,D001406,A001406,PF001406
C0001406,17,naive_abuse,,NA_RING0003,D006003,A006003,PF006003
C0001407,66,normal,,,D001408,A001408,PF001408
C0001408,14,naive_abuse,,NA_RING0099,D006099,A001409,PF006099
C0001409,13,hard_negative,promo_spike,,D001410,A001410,PF001410
C0001410,39,hard_negative,promo_spike,,D001411,A001411,PF001411
C0001411,78,normal,,,D001412,A001412,PF001412
C0001412,42,naive_abuse,,NA_RING0056,D006056,A001413,PF006056
C0001413,27,adaptive_abuse,,AA_RING0060,D001414,A006166,PF006166
C0001414,28,normal,,,D001415,A001415,PF001415
C0001415,81,naive_abuse,,NA_RING0060,D001416,A001416,PF001416
C0001416,43,hard_negative,high_return_fashion,,D001417,A001417,PF001417
C0001417,36,normal,,,D001418,A001418,PF001418
C0001418,77,adaptive_abuse,,AA_RING0099,D006205,A006205,PF006205
C0001419,36,normal,,,D001420,A001420,PF001420
C0001420,35,normal,,,D001421,A001421,PF001421
C0001421,75,normal,,,D001422,A001422,PF001422
C0001422,32,normal,,,D001423,A001423,PF001423
C0001423,51,naive_abuse,,NA_RING0092,D006092,A006092,PF001424
C0001424,66,normal,,,D001425,A001425,PF001425
C0001425,20,normal,,,D001426,A001426,PF001426
C0001426,12,normal,,,D001427,A001427,PF001427
C0001427,85,normal,,,D001428,A001428,PF001428
C0001428,29,naive_abuse,,NA_RING0070,D006070,A001429,PF006070
C0001429,34,naive_abuse,,NA_RING0030,D001430,A006030,PF006030
C0001430,58,normal,,,D001431,A001431,PF001431
C0001431,10,normal,,,D001432,A001432,PF001432
C0001432,4,normal,,,D001433,A001433,PF001433
C0001433,41,normal,,,D001434,A001434,PF001434
C0001434,96,normal,,,D001435,A001435,PF001435
C0001435,57,normal,,,D001436,A001436,PF001436
C0001436,57,normal,,,D001437,A001437,PF001437
C0001437,60,normal,,,D001438,A001438,PF001438
C0001438,86,normal,,,D001439,A001439,PF001439
C0001439,83,normal,,,D001440,A001440,PF001440
C0001440,2,naive_abuse,,NA_RING0069,D006069,A006069,PF006069
C0001441,54,hard_negative,promo_spike,,D001442,A001442,PF001442
C0001442,54,normal,,,D001443,A001443,PF001443
C0001443,22,naive_abuse,,NA_RING0090,D006090,A006090,PF001444
C0001444,97,naive_abuse,,NA_RING0031,D006031,A001445,PF001445
C0001445,26,normal,,,D001446,A001446,PF001446
C0001446,83,normal,,,D001447,A001447,PF001447
C0001447,10,normal,,,D001448,A001448,PF001448
C0001448,60,hard_negative,shared_household,HH0037,D001449,A006247,PF001449
C0001449,73,normal,,,D001450,A001450,PF001450
C0001450,50,normal,,,D001451,A001451,PF001451
C0001451,10,normal,,,D001452,A001452,PF001452
C0001452,12,normal,,,D001453,A001453,PF001453
C0001453,60,adaptive_abuse,,AA_RING0099,D001454,A001454,PF001454
C0001454,86,normal,,,D001455,A001455,PF001455
C0001455,59,naive_abuse,,NA_RING0037,D006037,A006037,PF001456
C0001456,10,adaptive_abuse,,AA_RING0029,D001457,A001457,PF006135
C0001457,78,naive_abuse,,NA_RING0001,D001458,A006001,PF006001
C0001458,45,normal,,,D001459,A001459,PF001459
C0001459,7,naive_abuse,,NA_RING0006,D001460,A006006,PF006006
C0001460,36,normal,,,D001461,A001461,PF001461
C0001461,20,normal,,,D001462,A001462,PF001462
C0001462,98,naive_abuse,,NA_RING0039,D006039,A001463,PF001463
C0001463,90,normal,,,D001464,A001464,PF001464
C0001464,10,normal,,,D001465,A001465,PF001465
C0001465,57,normal,,,D001466,A001466,PF001466
C0001466,0,naive_abuse,,NA_RING0060,D006060,A001467,PF006060
C0001467,45,hard_negative,popular_product_volume,,D001468,A001468,PF001468
C0001468,15,normal,,,D001469,A001469,PF001469
C0001469,74,naive_abuse,,NA_RING0045,D001470,A006045,PF006045
C0001470,7,normal,,,D001471,A001471,PF001471
C0001471,90,normal,,,D001472,A001472,PF001472
C0001472,23,normal,,,D001473,A001473,PF001473
C0001473,26,adaptive_abuse,,AA_RING0014,D006120,A006120,PF001474
C0001474,88,normal,,,D001475,A001475,PF001475
C0001475,90,normal,,,D001476,A001476,PF001476
C0001476,9,normal,,,D001477,A001477,PF001477
C0001477,10,naive_abuse,,NA_RING0092,D006092,A006092,PF006092
C0001478,85,normal,,,D001479,A001479,PF001479
C0001479,97,normal,,,D001480,A001480,PF001480
C0001480,48,adaptive_abuse,,AA_RING0020,D006126,A006126,PF001481
C0001481,16,normal,,,D001482,A001482,PF001482
C0001482,15,normal,,,D001483,A001483,PF001483
C0001483,26,normal,,,D001484,A001484,PF001484
C0001484,68,naive_abuse,,NA_RING0072,D001485,A006072,PF006072
C0001485,9,normal,,,D001486,A001486,PF001486
C0001486,64,normal,,,D001487,A001487,PF001487
C0001487,80,normal,,,D001488,A001488,PF001488
C0001488,14,hard_negative,high_return_fashion,,D001489,A001489,PF001489
C0001489,98,hard_negative,popular_product_volume,,D001490,A001490,PF001490
C0001490,98,normal,,,D001491,A001491,PF001491
C0001491,29,normal,,,D001492,A001492,PF001492
C0001492,11,naive_abuse,,NA_RING0003,D006003,A001493,PF006003
C0001493,32,normal,,,D001494,A001494,PF001494
C0001494,25,normal,,,D001495,A001495,PF001495
C0001495,27,normal,,,D001496,A001496,PF001496
C0001496,92,normal,,,D001497,A001497,PF001497
C0001497,15,normal,,,D001498,A001498,PF001498
C0001498,31,normal,,,D001499,A001499,PF001499
C0001499,78,normal,,,D001500,A001500,PF001500
C0001500,5,normal,,,D001501,A001501,PF001501
C0001501,6,hard_negative,promo_spike,,D001502,A001502,PF001502
C0001502,30,normal,,,D001503,A001503,PF001503
C0001503,96,normal,,,D001504,A001504,PF001504
C0001504,83,naive_abuse,,NA_RING0083,D006083,A006083,PF006083
C0001505,92,normal,,,D001506,A001506,PF001506
C0001506,86,hard_negative,promo_spike,,D001507,A001507,PF001507
C0001507,11,normal,,,D001508,A001508,PF001508
C0001508,40,hard_negative,high_return_fashion,,D001509,A001509,PF001509
C0001509,52,normal,,,D001510,A001510,PF001510
C0001510,16,normal,,,D001511,A001511,PF001511
C0001511,99,normal,,,D001512,A001512,PF001512
C0001512,60,normal,,,D001513,A001513,PF001513
C0001513,85,normal,,,D001514,A001514,PF001514
C0001514,25,hard_negative,promo_spike,,D001515,A001515,PF001515
C0001515,71,naive_abuse,,NA_RING0026,D006026,A001516,PF006026
C0001516,10,normal,,,D001517,A001517,PF001517
C0001517,2,naive_abuse,,NA_RING0081,D006081,A006081,PF001518
C0001518,64,hard_negative,popular_product_volume,,D001519,A001519,PF001519
C0001519,6,naive_abuse,,NA_RING0037,D001520,A001520,PF001520
C0001520,27,normal,,,D001521,A001521,PF001521
C0001521,79,normal,,,D001522,A001522,PF001522
C0001522,49,normal,,,D001523,A001523,PF001523
C0001523,37,normal,,,D001524,A001524,PF001524
C0001524,29,adaptive_abuse,,AA_RING0068,D001525,A006174,PF001525
C0001525,66,normal,,,D001526,A001526,PF001526
C0001526,95,normal,,,D001527,A001527,PF001527
C0001527,73,normal,,,D001528,A001528,PF001528
C0001528,35,adaptive_abuse,,AA_RING0079,D001529,A001529,PF006185
C0001529,42,normal,,,D001530,A001530,PF001530
C0001530,10,normal,,,D001531,A001531,PF001531
C0001531,14,naive_abuse,,NA_RING0078,D001532,A006078,PF006078
C0001532,26,adaptive_abuse,,AA_RING0096,D006202,A001533,PF006202
C0001533,38,normal,,,D001534,A001534,PF001534
C0001534,99,hard_negative,shared_household,HH0016,D001535,A006226,PF001535
C0001535,87,naive_abuse,,NA_RING0016,D006016,A001536,PF006016
C0001536,11,normal,,,D001537,A001537,PF001537
C0001537,33,hard_negative,shared_household,HH0021,D006231,A006231,PF006231
C0001538,5,normal,,,D001539,A001539,PF001539
C0001539,6,normal,,,D001540,A001540,PF001540
C0001540,37,normal,,,D001541,A001541,PF001541
C0001541,95,normal,,,D001542,A001542,PF001542
C0001542,18,normal,,,D001543,A001543,PF001543
C0001543,68,normal,,,D001544,A001544,PF001544
C0001544,39,normal,,,D001545,A001545,PF001545
C0001545,54,normal,,,D001546,A001546,PF001546
C0001546,86,normal,,,D001547,A001547,PF001547
C0001547,82,normal,,,D001548,A001548,PF001548
C0001548,82,normal,,,D001549,A001549,PF001549
C0001549,41,normal,,,D001550,A001550,PF001550
C0001550,4,normal,,,D001551,A001551,PF001551
C0001551,98,adaptive_abuse,,AA_RING0022,D006128,A006128,PF006128
C0001552,99,normal,,,D001553,A001553,PF001553
C0001553,85,naive_abuse,,NA_RING0082,D006082,A006082,PF006082
C0001554,47,normal,,,D001555,A001555,PF001555
C0001555,28,hard_negative,high_return_fashion,,D001556,A001556,PF001556
C0001556,17,adaptive_abuse,,AA_RING0021,D006127,A006127,PF006127
C0001557,37,naive_abuse,,NA_RING0055,D006055,A006055,PF001558
C0001558,33,normal,,,D001559,A001559,PF001559
C0001559,27,normal,,,D001560,A001560,PF001560
C0001560,95,normal,,,D001561,A001561,PF001561
C0001561,65,normal,,,D001562,A001562,PF001562
C0001562,22,hard_negative,shared_household,HH0003,D001563,A006213,PF001563
C0001563,63,adaptive_abuse,,AA_RING0057,D006163,A001564,PF006163
C0001564,70,normal,,,D001565,A001565,PF001565
C0001565,52,normal,,,D001566,A001566,PF001566
C0001566,94,normal,,,D001567,A001567,PF001567
C0001567,96,normal,,,D001568,A001568,PF001568
C0001568,43,normal,,,D001569,A001569,PF001569
C0001569,47,normal,,,D001570,A001570,PF001570
C0001570,21,hard_negative,popular_product_volume,,D001571,A001571,PF001571
C0001571,78,normal,,,D001572,A001572,PF001572
C0001572,93,normal,,,D001573,A001573,PF001573
C0001573,65,normal,,,D001574,A001574,PF001574
C0001574,20,naive_abuse,,NA_RING0026,D006026,A006026,PF006026
C0001575,51,normal,,,D001576,A001576,PF001576
C0001576,79,normal,,,D001577,A001577,PF001577
C0001577,4,normal,,,D001578,A001578,PF001578
C0001578,59,normal,,,D001579,A001579,PF001579
C0001579,65,normal,,,D001580,A001580,PF001580
C0001580,53,normal,,,D001581,A001581,PF001581
C0001581,64,normal,,,D001582,A001582,PF001582
C0001582,89,adaptive_abuse,,AA_RING0012,D001583,A001583,PF006118
C0001583,12,normal,,,D001584,A001584,PF001584
C0001584,57,normal,,,D001585,A001585,PF001585
C0001585,79,normal,,,D001586,A001586,PF001586
C0001586,82,adaptive_abuse,,AA_RING0018,D006124,A006124,PF006124
C0001587,46,adaptive_abuse,,AA_RING0101,D006207,A006207,PF001588
C0001588,99,hard_negative,shared_household,HH0002,D001589,A006212,PF001589
C0001589,32,normal,,,D001590,A001590,PF001590
C0001590,44,normal,,,D001591,A001591,PF001591
C0001591,82,naive_abuse,,NA_RING0094,D006094,A001592,PF001592
C0001592,43,hard_negative,popular_product_volume,,D001593,A001593,PF001593
C0001593,34,normal,,,D001594,A001594,PF001594
C0001594,55,normal,,,D001595,A001595,PF001595
C0001595,62,normal,,,D001596,A001596,PF001596
C0001596,96,naive_abuse,,NA_RING0053,D006053,A001597,PF001597
C0001597,61,normal,,,D001598,A001598,PF001598
C0001598,18,normal,,,D001599,A001599,PF001599
C0001599,5,normal,,,D001600,A001600,PF001600
C0001600,96,normal,,,D001601,A001601,PF001601
C0001601,42,normal,,,D001602,A001602,PF001602
C0001602,20,normal,,,D001603,A001603,PF001603
C0001603,22,hard_negative,popular_product_volume,,D001604,A001604,PF001604
C0001604,10,normal,,,D001605,A001605,PF001605
C0001605,19,normal,,,D001606,A001606,PF001606
C0001606,78,normal,,,D001607,A001607,PF001607
C0001607,65,normal,,,D001608,A001608,PF001608
C0001608,59,normal,,,D001609,A001609,PF001609
C0001609,1,normal,,,D001610,A001610,PF001610
C0001610,67,normal,,,D001611,A001611,PF001611
C0001611,96,hard_negative,promo_spike,,D001612,A001612,PF001612
C0001612,92,normal,,,D001613,A001613,PF001613
C0001613,39,normal,,,D001614,A001614,PF001614
C0001614,60,normal,,,D001615,A001615,PF001615
C0001615,29,naive_abuse,,NA_RING0103,D006103,A001616,PF006103
C0001616,88,normal,,,D001617,A001617,PF001617
C0001617,91,hard_negative,promo_spike,,D001618,A001618,PF001618
C0001618,22,adaptive_abuse,,AA_RING0050,D001619,A006156,PF006156
C0001619,48,normal,,,D001620,A001620,PF001620
C0001620,23,normal,,,D001621,A001621,PF001621
C0001621,61,hard_negative,promo_spike,,D001622,A001622,PF001622
C0001622,29,normal,,,D001623,A001623,PF001623
C0001623,69,normal,,,D001624,A001624,PF001624
C0001624,98,normal,,,D001625,A001625,PF001625
C0001625,87,normal,,,D001626,A001626,PF001626
C0001626,18,normal,,,D001627,A001627,PF001627
C0001627,12,normal,,,D001628,A001628,PF001628
C0001628,81,normal,,,D001629,A001629,PF001629
C0001629,8,normal,,,D001630,A001630,PF001630
C0001630,40,normal,,,D001631,A001631,PF001631
C0001631,99,adaptive_abuse,,AA_RING0087,D006193,A006193,PF006193
C0001632,44,normal,,,D001633,A001633,PF001633
C0001633,0,normal,,,D001634,A001634,PF001634
C0001634,97,normal,,,D001635,A001635,PF001635
C0001635,70,normal,,,D001636,A001636,PF001636
C0001636,33,normal,,,D001637,A001637,PF001637
C0001637,61,normal,,,D001638,A001638,PF001638
C0001638,61,normal,,,D001639,A001639,PF001639
C0001639,55,normal,,,D001640,A001640,PF001640
C0001640,96,normal,,,D001641,A001641,PF001641
C0001641,78,normal,,,D001642,A001642,PF001642
C0001642,25,normal,,,D001643,A001643,PF001643
C0001643,99,normal,,,D001644,A001644,PF001644
C0001644,96,normal,,,D001645,A001645,PF001645
C0001645,4,normal,,,D001646,A001646,PF001646
C0001646,29,normal,,,D001647,A001647,PF001647
C0001647,61,normal,,,D001648,A001648,PF001648
C0001648,87,normal,,,D001649,A001649,PF001649
C0001649,71,normal,,,D001650,A001650,PF001650
C0001650,57,adaptive_abuse,,AA_RING0031,D006137,A001651,PF001651
C0001651,30,normal,,,D001652,A001652,PF001652
C0001652,9,normal,,,D001653,A001653,PF001653
C0001653,89,normal,,,D001654,A001654,PF001654
C0001654,53,adaptive_abuse,,AA_RING0083,D006189,A006189,PF006189
C0001655,45,normal,,,D001656,A001656,PF001656
C0001656,97,normal,,,D001657,A001657,PF001657
C0001657,16,adaptive_abuse,,AA_RING0088,D006194,A001658,PF006194
C0001658,25,normal,,,D001659,A001659,PF001659
C0001659,85,adaptive_abuse,,AA_RING0002,D001660,A006108,PF006108
C0001660,28,normal,,,D001661,A001661,PF001661
C0001661,94,normal,,,D001662,A001662,PF001662
C0001662,85,normal,,,D001663,A001663,PF001663
C0001663,9,normal,,,D001664,A001664,PF001664
C0001664,45,adaptive_abuse,,AA_RING0101,D006207,A006207,PF001665
C0001665,75,normal,,,D001666,A001666,PF001666
C0001666,48,adaptive_abuse,,AA_RING0073,D006179,A006179,PF001667
C0001667,21,normal,,,D001668,A001668,PF001668
C0001668,4,normal,,,D001669,A001669,PF001669
C0001669,0,adaptive_abuse,,AA_RING0049,D006155,A006155,PF001670
C0001670,17,normal,,,D001671,A001671,PF001671
C0001671,26,adaptive_abuse,,AA_RING0065,D006171,A001672,PF001672
C0001672,30,normal,,,D001673,A001673,PF001673
C0001673,85,hard_negative,promo_spike,,D001674,A001674,PF001674
C0001674,50,normal,,,D001675,A001675,PF001675
C0001675,14,normal,,,D001676,A001676,PF001676
C0001676,8,normal,,,D001677,A001677,PF001677
C0001677,13,normal,,,D001678,A001678,PF001678
C0001678,31,normal,,,D001679,A001679,PF001679
C0001679,73,normal,,,D001680,A001680,PF001680
C0001680,4,naive_abuse,,NA_RING0079,D001681,A006079,PF001681
C0001681,40,normal,,,D001682,A001682,PF001682
C0001682,44,hard_negative,high_return_fashion,,D001683,A001683,PF001683
C0001683,14,adaptive_abuse,,AA_RING0078,D006184,A001684,PF006184
C0001684,5,normal,,,D001685,A001685,PF001685
C0001685,23,normal,,,D001686,A001686,PF001686
C0001686,15,normal,,,D001687,A001687,PF001687
C0001687,79,normal,,,D001688,A001688,PF001688
C0001688,91,normal,,,D001689,A001689,PF001689
C0001689,62,normal,,,D001690,A001690,PF001690
C0001690,75,normal,,,D001691,A001691,PF001691
C0001691,76,normal,,,D001692,A001692,PF001692
C0001692,87,normal,,,D001693,A001693,PF001693
C0001693,9,normal,,,D001694,A001694,PF001694
C0001694,99,normal,,,D001695,A001695,PF001695
C0001695,45,normal,,,D001696,A001696,PF001696
C0001696,54,naive_abuse,,NA_RING0037,D001697,A006037,PF006037
C0001697,79,normal,,,D001698,A001698,PF001698
C0001698,49,normal,,,D001699,A001699,PF001699
C0001699,26,normal,,,D001700,A001700,PF001700
C0001700,1,normal,,,D001701,A001701,PF001701
C0001701,16,normal,,,D001702,A001702,PF001702
C0001702,8,normal,,,D001703,A001703,PF001703
C0001703,38,adaptive_abuse,,AA_RING0101,D001704,A001704,PF006207
C0001704,77,normal,,,D001705,A001705,PF001705
C0001705,33,naive_abuse,,NA_RING0024,D006024,A006024,PF001706
C0001706,59,normal,,,D001707,A001707,PF001707
C0001707,18,normal,,,D001708,A001708,PF001708
C0001708,59,normal,,,D001709,A001709,PF001709
C0001709,95,normal,,,D001710,A001710,PF001710
C0001710,31,hard_negative,popular_product_volume,,D001711,A001711,PF001711
C0001711,48,adaptive_abuse,,AA_RING0020,D001712,A006126,PF006126
C0001712,96,naive_abuse,,NA_RING0038,D006038,A001713,PF006038
C0001713,60,normal,,,D001714,A001714,PF001714
C0001714,39,hard_negative,new_merchant_thin_history,,D001715,A001715,PF001715
C0001715,12,normal,,,D001716,A001716,PF001716
C0001716,93,adaptive_abuse,,AA_RING0071,D006177,A006177,PF006177
C0001717,61,normal,,,D001718,A001718,PF001718
C0001718,5,normal,,,D001719,A001719,PF001719
C0001719,55,normal,,,D001720,A001720,PF001720
C0001720,96,normal,,,D001721,A001721,PF001721
C0001721,93,normal,,,D001722,A001722,PF001722
C0001722,19,adaptive_abuse,,AA_RING0031,D006137,A001723,PF001723
C0001723,41,hard_negative,shared_household,HH0026,D001724,A006236,PF001724
C0001724,98,adaptive_abuse,,AA_RING0011,D001725,A006117,PF001725
C0001725,78,normal,,,D001726,A001726,PF001726
C0001726,56,normal,,,D001727,A001727,PF001727
C0001727,30,normal,,,D001728,A001728,PF001728
C0001728,76,normal,,,D001729,A001729,PF001729
C0001729,57,normal,,,D001730,A001730,PF001730
C0001730,52,normal,,,D001731,A001731,PF001731
C0001731,92,normal,,,D001732,A001732,PF001732
C0001732,37,normal,,,D001733,A001733,PF001733
C0001733,62,normal,,,D001734,A001734,PF001734
C0001734,4,normal,,,D001735,A001735,PF001735
C0001735,71,normal,,,D001736,A001736,PF001736
C0001736,54,adaptive_abuse,,AA_RING0073,D006179,A006179,PF006179
C0001737,87,normal,,,D001738,A001738,PF001738
C0001738,33,naive_abuse,,NA_RING0044,D001739,A001739,PF006044
C0001739,92,normal,,,D001740,A001740,PF001740
C0001740,57,hard_negative,new_merchant_thin_history,,D001741,A001741,PF001741
C0001741,20,hard_negative,new_merchant_thin_history,,D001742,A001742,PF001742
C0001742,16,naive_abuse,,NA_RING0013,D006013,A001743,PF006013
C0001743,19,normal,,,D001744,A001744,PF001744
C0001744,30,normal,,,D001745,A001745,PF001745
C0001745,55,normal,,,D001746,A001746,PF001746
C0001746,86,normal,,,D001747,A001747,PF001747
C0001747,99,normal,,,D001748,A001748,PF001748
C0001748,67,normal,,,D001749,A001749,PF001749
C0001749,49,normal,,,D001750,A001750,PF001750
C0001750,61,normal,,,D001751,A001751,PF001751
C0001751,33,normal,,,D001752,A001752,PF001752
C0001752,24,normal,,,D001753,A001753,PF001753
C0001753,53,hard_negative,shared_household,HH0025,D001754,A006235,PF001754
C0001754,82,naive_abuse,,NA_RING0082,D006082,A001755,PF006082
C0001755,6,normal,,,D001756,A001756,PF001756
C0001756,11,normal,,,D001757,A001757,PF001757
C0001757,17,normal,,,D001758,A001758,PF001758
C0001758,20,normal,,,D001759,A001759,PF001759
C0001759,14,normal,,,D001760,A001760,PF001760
C0001760,13,normal,,,D001761,A001761,PF001761
C0001761,2,adaptive_abuse,,AA_RING0047,D001762,A001762,PF001762
C0001762,34,normal,,,D001763,A001763,PF001763
C0001763,72,naive_abuse,,NA_RING0033,D006033,A006033,PF006033
C0001764,15,normal,,,D001765,A001765,PF001765
C0001765,32,normal,,,D001766,A001766,PF001766
C0001766,97,hard_negative,popular_product_volume,,D001767,A001767,PF001767
C0001767,16,normal,,,D001768,A001768,PF001768
C0001768,98,hard_negative,promo_spike,,D001769,A001769,PF001769
C0001769,51,normal,,,D001770,A001770,PF001770
C0001770,72,normal,,,D001771,A001771,PF001771
C0001771,32,normal,,,D001772,A001772,PF001772
C0001772,32,hard_negative,high_return_fashion,,D001773,A001773,PF001773
C0001773,39,normal,,,D001774,A001774,PF001774
C0001774,12,naive_abuse,,NA_RING0085,D006085,A006085,PF006085
C0001775,31,hard_negative,high_return_fashion,,D001776,A001776,PF001776
C0001776,89,normal,,,D001777,A001777,PF001777
C0001777,0,normal,,,D001778,A001778,PF001778
C0001778,57,hard_negative,shared_household,HH0041,D001779,A006251,PF001779
C0001779,68,adaptive_abuse,,AA_RING0043,D006149,A001780,PF001780
C0001780,14,normal,,,D001781,A001781,PF001781
C0001781,11,normal,,,D001782,A001782,PF001782
C0001782,55,normal,,,D001783,A001783,PF001783
C0001783,21,normal,,,D001784,A001784,PF001784
C0001784,97,hard_negative,popular_product_volume,,D001785,A001785,PF001785
C0001785,19,normal,,,D001786,A001786,PF001786
C0001786,13,normal,,,D001787,A001787,PF001787
C0001787,33,normal,,,D001788,A001788,PF001788
C0001788,33,normal,,,D001789,A001789,PF001789
C0001789,16,normal,,,D001790,A001790,PF001790
C0001790,66,naive_abuse,,NA_RING0006,D006006,A006006,PF001791
C0001791,34,normal,,,D001792,A001792,PF001792
C0001792,52,normal,,,D001793,A001793,PF001793
C0001793,24,hard_negative,shared_household,HH0009,D006219,A006219,PF001794
C0001794,9,normal,,,D001795,A001795,PF001795
C0001795,6,normal,,,D001796,A001796,PF001796
C0001796,5,normal,,,D001797,A001797,PF001797
C0001797,87,adaptive_abuse,,AA_RING0066,D001798,A006172,PF001798
C0001798,26,hard_negative,popular_product_volume,,D001799,A001799,PF001799
C0001799,30,normal,,,D001800,A001800,PF001800
C0001800,57,normal,,,D001801,A001801,PF001801
C0001801,9,normal,,,D001802,A001802,PF001802
C0001802,60,normal,,,D001803,A001803,PF001803
C0001803,52,normal,,,D001804,A001804,PF001804
C0001804,79,adaptive_abuse,,AA_RING0102,D001805,A006208,PF006208
C0001805,12,hard_negative,promo_spike,,D001806,A001806,PF001806
C0001806,1,normal,,,D001807,A001807,PF001807
C0001807,77,hard_negative,promo_spike,,D001808,A001808,PF001808
C0001808,37,adaptive_abuse,,AA_RING0044,D006150,A006150,PF001809
C0001809,6,normal,,,D001810,A001810,PF001810
C0001810,55,normal,,,D001811,A001811,PF001811
C0001811,46,adaptive_abuse,,AA_RING0039,D006145,A001812,PF001812
C0001812,95,normal,,,D001813,A001813,PF001813
C0001813,94,naive_abuse,,NA_RING0033,D006033,A006033,PF006033
C0001814,53,normal,,,D001815,A001815,PF001815
C0001815,15,normal,,,D001816,A001816,PF001816
C0001816,74,hard_negative,shared_household,HH0008,D001817,A006218,PF001817
C0001817,20,normal,,,D001818,A001818,PF001818
C0001818,83,normal,,,D001819,A001819,PF001819
C0001819,60,normal,,,D001820,A001820,PF001820
C0001820,35,normal,,,D001821,A001821,PF001821
C0001821,97,normal,,,D001822,A001822,PF001822
C0001822,51,normal,,,D001823,A001823,PF001823
C0001823,38,normal,,,D001824,A001824,PF001824
C0001824,18,normal,,,D001825,A001825,PF001825
C0001825,64,normal,,,D001826,A001826,PF001826
C0001826,26,naive_abuse,,NA_RING0020,D001827,A001827,PF001827
C0001827,15,normal,,,D001828,A001828,PF001828
C0001828,11,normal,,,D001829,A001829,PF001829
C0001829,64,normal,,,D001830,A001830,PF001830
C0001830,92,normal,,,D001831,A001831,PF001831
C0001831,25,hard_negative,shared_household,HH0019,D001832,A006229,PF001832
C0001832,21,normal,,,D001833,A001833,PF001833
C0001833,61,normal,,,D001834,A001834,PF001834
C0001834,14,adaptive_abuse,,AA_RING0068,D001835,A001835,PF001835
C0001835,8,naive_abuse,,NA_RING0079,D006079,A006079,PF001836
C0001836,63,hard_negative,high_return_fashion,,D001837,A001837,PF001837
C0001837,52,naive_abuse,,NA_RING0014,D006014,A001838,PF006014
C0001838,2,adaptive_abuse,,AA_RING0053,D006159,A006159,PF006159
C0001839,23,normal,,,D001840,A001840,PF001840
C0001840,19,normal,,,D001841,A001841,PF001841
C0001841,68,normal,,,D001842,A001842,PF001842
C0001842,66,normal,,,D001843,A001843,PF001843
C0001843,74,normal,,,D001844,A001844,PF001844
C0001844,9,normal,,,D001845,A001845,PF001845
C0001845,84,normal,,,D001846,A001846,PF001846
C0001846,20,hard_negative,high_return_fashion,,D001847,A001847,PF001847
C0001847,99,hard_negative,high_return_fashion,,D001848,A001848,PF001848
C0001848,87,normal,,,D001849,A001849,PF001849
C0001849,45,normal,,,D001850,A001850,PF001850
C0001850,78,normal,,,D001851,A001851,PF001851
C0001851,67,normal,,,D001852,A001852,PF001852
C0001852,77,adaptive_abuse,,AA_RING0011,D001853,A006117,PF001853
C0001853,1,naive_abuse,,NA_RING0039,D006039,A006039,PF006039
C0001854,8,adaptive_abuse,,AA_RING0061,D006167,A006167,PF006167
C0001855,90,naive_abuse,,NA_RING0060,D006060,A006060,PF001856
C0001856,78,adaptive_abuse,,AA_RING0053,D006159,A006159,PF001857
C0001857,61,normal,,,D001858,A001858,PF001858
C0001858,31,normal,,,D001859,A001859,PF001859
C0001859,42,normal,,,D001860,A001860,PF001860
C0001860,39,normal,,,D001861,A001861,PF001861
C0001861,43,normal,,,D001862,A001862,PF001862
C0001862,62,normal,,,D001863,A001863,PF001863
C0001863,75,adaptive_abuse,,AA_RING0095,D006201,A001864,PF006201
C0001864,38,normal,,,D001865,A001865,PF001865
C0001865,83,adaptive_abuse,,AA_RING0043,D006149,A001866,PF006149
C0001866,9,hard_negative,high_return_fashion,,D001867,A001867,PF001867
C0001867,80,normal,,,D001868,A001868,PF001868
C0001868,67,normal,,,D001869,A001869,PF001869
C0001869,51,normal,,,D001870,A001870,PF001870
C0001870,37,normal,,,D001871,A001871,PF001871
C0001871,37,normal,,,D001872,A001872,PF001872
C0001872,36,adaptive_abuse,,AA_RING0073,D006179,A001873,PF006179
C0001873,94,normal,,,D001874,A001874,PF001874
C0001874,2,normal,,,D001875,A001875,PF001875
C0001875,63,hard_negative,high_return_fashion,,D001876,A001876,PF001876
C0001876,98,normal,,,D001877,A001877,PF001877
C0001877,54,normal,,,D001878,A001878,PF001878
C0001878,63,normal,,,D001879,A001879,PF001879
C0001879,59,normal,,,D001880,A001880,PF001880
C0001880,50,normal,,,D001881,A001881,PF001881
C0001881,62,normal,,,D001882,A001882,PF001882
C0001882,90,normal,,,D001883,A001883,PF001883
C0001883,71,normal,,,D001884,A001884,PF001884
C0001884,84,normal,,,D001885,A001885,PF001885
C0001885,55,normal,,,D001886,A001886,PF001886
C0001886,77,normal,,,D001887,A001887,PF001887
C0001887,87,normal,,,D001888,A001888,PF001888
C0001888,21,normal,,,D001889,A001889,PF001889
C0001889,85,normal,,,D001890,A001890,PF001890
C0001890,68,normal,,,D001891,A001891,PF001891
C0001891,44,normal,,,D001892,A001892,PF001892
C0001892,77,adaptive_abuse,,AA_RING0039,D006145,A006145,PF001893
C0001893,16,normal,,,D001894,A001894,PF001894
C0001894,69,adaptive_abuse,,AA_RING0045,D006151,A001895,PF001895
C0001895,57,normal,,,D001896,A001896,PF001896
C0001896,88,normal,,,D001897,A001897,PF001897
C0001897,62,hard_negative,promo_spike,,D001898,A001898,PF001898
C0001898,52,hard_negative,shared_household,HH0020,D006230,A006230,PF006230
C0001899,52,naive_abuse,,NA_RING0103,D006103,A006103,PF001900
C0001900,55,normal,,,D001901,A001901,PF001901
C0001901,89,hard_negative,shared_household,HH0034,D006244,A006244,PF001902
C0001902,78,normal,,,D001903,A001903,PF001903
C0001903,9,normal,,,D001904,A001904,PF001904
C0001904,53,normal,,,D001905,A001905,PF001905
C0001905,28,adaptive_abuse,,AA_RING0090,D006196,A001906,PF006196
C0001906,16,normal,,,D001907,A001907,PF001907
C0001907,86,naive_abuse,,NA_RING0035,D006035,A006035,PF006035
C0001908,85,normal,,,D001909,A001909,PF001909
C0001909,93,hard_negative,new_merchant_thin_history,,D001910,A001910,PF001910
C0001910,39,hard_negative,promo_spike,,D001911,A001911,PF001911
C0001911,42,naive_abuse,,NA_RING0094,D001912,A006094,PF006094
C0001912,77,normal,,,D001913,A001913,PF001913
C0001913,19,normal,,,D001914,A001914,PF001914
C0001914,5,normal,,,D001915,A001915,PF001915
C0001915,42,normal,,,D001916,A001916,PF001916
C0001916,62,normal,,,D001917,A001917,PF001917
C0001917,45,normal,,,D001918,A001918,PF001918
C0001918,21,normal,,,D001919,A001919,PF001919
C0001919,51,normal,,,D001920,A001920,PF001920
C0001920,94,normal,,,D001921,A001921,PF001921
C0001921,27,adaptive_abuse,,AA_RING0005,D006111,A001922,PF006111
C0001922,40,normal,,,D001923,A001923,PF001923
C0001923,31,adaptive_abuse,,AA_RING0005,D006111,A001924,PF006111
C0001924,29,adaptive_abuse,,AA_RING0018,D006124,A006124,PF001925
C0001925,65,normal,,,D001926,A001926,PF001926
C0001926,37,hard_negative,new_merchant_thin_history,,D001927,A001927,PF001927
C0001927,62,normal,,,D001928,A001928,PF001928
C0001928,1,normal,,,D001929,A001929,PF001929
C0001929,66,normal,,,D001930,A001930,PF001930
C0001930,10,normal,,,D001931,A001931,PF001931
C0001931,37,normal,,,D001932,A001932,PF001932
C0001932,87,normal,,,D001933,A001933,PF001933
C0001933,33,adaptive_abuse,,AA_RING0055,D006161,A001934,PF001934
C0001934,69,normal,,,D001935,A001935,PF001935
C0001935,35,hard_negative,promo_spike,,D001936,A001936,PF001936
C0001936,90,adaptive_abuse,,AA_RING0079,D006185,A001937,PF006185
C0001937,95,normal,,,D001938,A001938,PF001938
C0001938,90,normal,,,D001939,A001939,PF001939
C0001939,39,naive_abuse,,NA_RING0073,D006073,A001940,PF006073
C0001940,31,normal,,,D001941,A001941,PF001941
C0001941,60,normal,,,D001942,A001942,PF001942
C0001942,81,normal,,,D001943,A001943,PF001943
C0001943,52,adaptive_abuse,,AA_RING0008,D006114,A006114,PF006114
C0001944,73,normal,,,D001945,A001945,PF001945
C0001945,87,normal,,,D001946,A001946,PF001946
C0001946,75,normal,,,D001947,A001947,PF001947
C0001947,36,normal,,,D001948,A001948,PF001948
C0001948,24,normal,,,D001949,A001949,PF001949
C0001949,43,hard_negative,high_return_fashion,,D001950,A001950,PF001950
C0001950,57,naive_abuse,,NA_RING0049,D006049,A001951,PF006049
C0001951,84,normal,,,D001952,A001952,PF001952
C0001952,30,normal,,,D001953,A001953,PF001953
C0001953,16,normal,,,D001954,A001954,PF001954
C0001954,31,normal,,,D001955,A001955,PF001955
C0001955,59,normal,,,D001956,A001956,PF001956
C0001956,23,normal,,,D001957,A001957,PF001957
C0001957,39,normal,,,D001958,A001958,PF001958
C0001958,25,normal,,,D001959,A001959,PF001959
C0001959,98,normal,,,D001960,A001960,PF001960
C0001960,51,normal,,,D001961,A001961,PF001961
C0001961,72,normal,,,D001962,A001962,PF001962
C0001962,52,adaptive_abuse,,AA_RING0045,D001963,A001963,PF001963
C0001963,1,hard_negative,new_merchant_thin_history,,D001964,A001964,PF001964
C0001964,26,adaptive_abuse,,AA_RING0093,D006199,A006199,PF001965
C0001965,83,adaptive_abuse,,AA_RING0033,D001966,A006139,PF006139
C0001966,51,normal,,,D001967,A001967,PF001967
C0001967,70,adaptive_abuse,,AA_RING0075,D006181,A001968,PF001968
C0001968,76,normal,,,D001969,A001969,PF001969
C0001969,56,normal,,,D001970,A001970,PF001970
C0001970,57,normal,,,D001971,A001971,PF001971
C0001971,23,normal,,,D001972,A001972,PF001972
C0001972,24,normal,,,D001973,A001973,PF001973
C0001973,14,normal,,,D001974,A001974,PF001974
C0001974,29,hard_negative,new_merchant_thin_history,,D001975,A001975,PF001975
C0001975,62,hard_negative,promo_spike,,D001976,A001976,PF001976
C0001976,92,normal,,,D001977,A001977,PF001977
C0001977,43,normal,,,D001978,A001978,PF001978
C0001978,60,hard_negative,promo_spike,,D001979,A001979,PF001979
C0001979,86,normal,,,D001980,A001980,PF001980
C0001980,67,normal,,,D001981,A001981,PF001981
C0001981,26,normal,,,D001982,A001982,PF001982
C0001982,28,normal,,,D001983,A001983,PF001983
C0001983,63,normal,,,D001984,A001984,PF001984
C0001984,28,naive_abuse,,NA_RING0046,D001985,A001985,PF001985
C0001985,24,hard_negative,shared_household,HH0004,D006214,A006214,PF006214
C0001986,59,normal,,,D001987,A001987,PF001987
C0001987,63,normal,,,D001988,A001988,PF001988
C0001988,25,naive_abuse,,NA_RING0083,D006083,A006083,PF006083
C0001989,4,normal,,,D001990,A001990,PF001990
C0001990,76,normal,,,D001991,A001991,PF001991
C0001991,39,normal,,,D001992,A001992,PF001992
C0001992,63,normal,,,D001993,A001993,PF001993
C0001993,17,normal,,,D001994,A001994,PF001994
C0001994,31,normal,,,D001995,A001995,PF001995
C0001995,60,normal,,,D001996,A001996,PF001996
C0001996,12,normal,,,D001997,A001997,PF001997
C0001997,31,normal,,,D001998,A001998,PF001998
C0001998,71,normal,,,D001999,A001999,PF001999
C0001999,77,adaptive_abuse,,AA_RING0085,D002000,A002000,PF002000
C0002000,35,normal,,,D002001,A002001,PF002001
C0002001,11,normal,,,D002002,A002002,PF002002
C0002002,2,normal,,,D002003,A002003,PF002003
C0002003,55,naive_abuse,,NA_RING0053,D002004,A002004,PF006053
C0002004,69,normal,,,D002005,A002005,PF002005
C0002005,59,adaptive_abuse,,AA_RING0063,D006169,A002006,PF002006
C0002006,40,normal,,,D002007,A002007,PF002007
C0002007,2,normal,,,D002008,A002008,PF002008
C0002008,22,normal,,,D002009,A002009,PF002009
C0002009,3,normal,,,D002010,A002010,PF002010
C0002010,46,naive_abuse,,NA_RING0012,D006012,A006012,PF006012
C0002011,30,naive_abuse,,NA_RING0066,D002012,A006066,PF002012
C0002012,7,normal,,,D002013,A002013,PF002013
C0002013,60,adaptive_abuse,,AA_RING0007,D002014,A006113,PF002014
C0002014,37,normal,,,D002015,A002015,PF002015
C0002015,96,normal,,,D002016,A002016,PF002016
C0002016,41,normal,,,D002017,A002017,PF002017
C0002017,9,normal,,,D002018,A002018,PF002018
C0002018,70,naive_abuse,,NA_RING0018,D006018,A002019,PF002019
C0002019,70,normal,,,D002020,A002020,PF002020
C0002020,92,normal,,,D002021,A002021,PF002021
C0002021,69,normal,,,D002022,A002022,PF002022
C0002022,36,normal,,,D002023,A002023,PF002023
C0002023,66,normal,,,D002024,A002024,PF002024
C0002024,79,normal,,,D002025,A002025,PF002025
C0002025,51,normal,,,D002026,A002026,PF002026
C0002026,79,normal,,,D002027,A002027,PF002027
C0002027,96,normal,,,D002028,A002028,PF002028
C0002028,75,normal,,,D002029,A002029,PF002029
C0002029,50,normal,,,D002030,A002030,PF002030
C0002030,49,hard_negative,shared_household,HH0041,D006251,A006251,PF002031
C0002031,83,adaptive_abuse,,AA_RING0037,D006143,A002032,PF006143
C0002032,87,normal,,,D002033,A002033,PF002033
C0002033,26,adaptive_abuse,,AA_RING0024,D006130,A002034,PF006130
C0002034,0,normal,,,D002035,A002035,PF002035
C0002035,80,normal,,,D002036,A002036,PF002036
C0002036,23,hard_negative,popular_product_volume,,D002037,A002037,PF002037
C0002037,99,hard_negative,promo_spike,,D002038,A002038,PF002038
C0002038,3,naive_abuse,,NA_RING0100,D002039,A002039,PF006100
C0002039,91,normal,,,D002040,A002040,PF002040
C0002040,67,normal,,,D002041,A002041,PF002041
C0002041,30,normal,,,D002042,A002042,PF002042
C0002042,3,normal,,,D002043,A002043,PF002043
C0002043,84,normal,,,D002044,A002044,PF002044
C0002044,11,normal,,,D002045,A002045,PF002045
C0002045,9,normal,,,D002046,A002046,PF002046
C0002046,79,normal,,,D002047,A002047,PF002047
C0002047,67,normal,,,D002048,A002048,PF002048
C0002048,12,normal,,,D002049,A002049,PF002049
C0002049,34,normal,,,D002050,A002050,PF002050
C0002050,66,normal,,,D002051,A002051,PF002051
C0002051,65,normal,,,D002052,A002052,PF002052
C0002052,36,normal,,,D002053,A002053,PF002053
C0002053,41,normal,,,D002054,A002054,PF002054
C0002054,7,hard_negative,high_return_fashion,,D002055,A002055,PF002055
C0002055,0,normal,,,D002056,A002056,PF002056
C0002056,96,normal,,,D002057,A002057,PF002057
C0002057,23,normal,,,D002058,A002058,PF002058
C0002058,92,adaptive_abuse,,AA_RING0091,D006197,A002059,PF006197
C0002059,4,hard_negative,high_return_fashion,,D002060,A002060,PF002060
C0002060,98,normal,,,D002061,A002061,PF002061
C0002061,42,normal,,,D002062,A002062,PF002062
C0002062,80,normal,,,D002063,A002063,PF002063
C0002063,84,adaptive_abuse,,AA_RING0064,D002064,A002064,PF002064
C0002064,35,normal,,,D002065,A002065,PF002065
C0002065,73,normal,,,D002066,A002066,PF002066
C0002066,33,adaptive_abuse,,AA_RING0026,D002067,A006132,PF006132
C0002067,78,hard_negative,high_return_fashion,,D002068,A002068,PF002068
C0002068,95,normal,,,D002069,A002069,PF002069
C0002069,80,normal,,,D002070,A002070,PF002070
C0002070,72,normal,,,D002071,A002071,PF002071
C0002071,37,normal,,,D002072,A002072,PF002072
C0002072,10,normal,,,D002073,A002073,PF002073
C0002073,50,adaptive_abuse,,AA_RING0010,D002074,A006116,PF006116
C0002074,12,adaptive_abuse,,AA_RING0020,D006126,A006126,PF006126
C0002075,50,normal,,,D002076,A002076,PF002076
C0002076,86,normal,,,D002077,A002077,PF002077
C0002077,11,normal,,,D002078,A002078,PF002078
C0002078,90,normal,,,D002079,A002079,PF002079
C0002079,59,hard_negative,shared_household,HH0009,D006219,A006219,PF006219
C0002080,4,normal,,,D002081,A002081,PF002081
C0002081,72,normal,,,D002082,A002082,PF002082
C0002082,0,normal,,,D002083,A002083,PF002083
C0002083,61,normal,,,D002084,A002084,PF002084
C0002084,50,normal,,,D002085,A002085,PF002085
C0002085,74,hard_negative,shared_household,HH0040,D002086,A006250,PF006250
C0002086,37,naive_abuse,,NA_RING0069,D006069,A006069,PF006069
C0002087,11,normal,,,D002088,A002088,PF002088
C0002088,38,naive_abuse,,NA_RING0013,D002089,A002089,PF006013
C0002089,76,normal,,,D002090,A002090,PF002090
C0002090,95,naive_abuse,,NA_RING0038,D006038,A006038,PF006038
C0002091,20,normal,,,D002092,A002092,PF002092
C0002092,35,normal,,,D002093,A002093,PF002093
C0002093,87,adaptive_abuse,,AA_RING0056,D002094,A006162,PF006162
C0002094,31,normal,,,D002095,A002095,PF002095
C0002095,24,normal,,,D002096,A002096,PF002096
C0002096,83,normal,,,D002097,A002097,PF002097
C0002097,49,normal,,,D002098,A002098,PF002098
C0002098,58,normal,,,D002099,A002099,PF002099
C0002099,48,normal,,,D002100,A002100,PF002100
C0002100,60,naive_abuse,,NA_RING0056,D006056,A006056,PF006056
C0002101,26,normal,,,D002102,A002102,PF002102
C0002102,73,normal,,,D002103,A002103,PF002103
C0002103,36,normal,,,D002104,A002104,PF002104
C0002104,52,naive_abuse,,NA_RING0058,D006058,A002105,PF006058
C0002105,18,normal,,,D002106,A002106,PF002106
C0002106,1,normal,,,D002107,A002107,PF002107
C0002107,57,normal,,,D002108,A002108,PF002108
C0002108,13,normal,,,D002109,A002109,PF002109
C0002109,91,hard_negative,new_merchant_thin_history,,D002110,A002110,PF002110
C0002110,95,normal,,,D002111,A002111,PF002111
C0002111,31,hard_negative,high_return_fashion,,D002112,A002112,PF002112
C0002112,28,normal,,,D002113,A002113,PF002113
C0002113,50,normal,,,D002114,A002114,PF002114
C0002114,20,normal,,,D002115,A002115,PF002115
C0002115,86,normal,,,D002116,A002116,PF002116
C0002116,10,normal,,,D002117,A002117,PF002117
C0002117,45,normal,,,D002118,A002118,PF002118
C0002118,18,normal,,,D002119,A002119,PF002119
C0002119,83,normal,,,D002120,A002120,PF002120
C0002120,14,normal,,,D002121,A002121,PF002121
C0002121,44,normal,,,D002122,A002122,PF002122
C0002122,83,normal,,,D002123,A002123,PF002123
C0002123,44,normal,,,D002124,A002124,PF002124
C0002124,18,normal,,,D002125,A002125,PF002125
C0002125,15,normal,,,D002126,A002126,PF002126
C0002126,60,normal,,,D002127,A002127,PF002127
C0002127,12,normal,,,D002128,A002128,PF002128
C0002128,35,normal,,,D002129,A002129,PF002129
C0002129,61,normal,,,D002130,A002130,PF002130
C0002130,37,normal,,,D002131,A002131,PF002131
C0002131,82,normal,,,D002132,A002132,PF002132
C0002132,68,normal,,,D002133,A002133,PF002133
C0002133,13,naive_abuse,,NA_RING0045,D006045,A002134,PF002134
C0002134,81,normal,,,D002135,A002135,PF002135
C0002135,91,naive_abuse,,NA_RING0054,D006054,A006054,PF006054
C0002136,20,normal,,,D002137,A002137,PF002137
C0002137,35,normal,,,D002138,A002138,PF002138
C0002138,39,normal,,,D002139,A002139,PF002139
C0002139,42,normal,,,D002140,A002140,PF002140
C0002140,46,adaptive_abuse,,AA_RING0065,D002141,A002141,PF006171
C0002141,89,normal,,,D002142,A002142,PF002142
C0002142,65,adaptive_abuse,,AA_RING0052,D002143,A002143,PF006158
C0002143,89,normal,,,D002144,A002144,PF002144
C0002144,35,naive_abuse,,NA_RING0070,D006070,A006070,PF006070
C0002145,52,adaptive_abuse,,AA_RING0022,D006128,A002146,PF006128
C0002146,10,normal,,,D002147,A002147,PF002147
C0002147,27,normal,,,D002148,A002148,PF002148
C0002148,58,normal,,,D002149,A002149,PF002149
C0002149,17,normal,,,D002150,A002150,PF002150
C0002150,96,adaptive_abuse,,AA_RING0090,D006196,A002151,PF002151
C0002151,27,normal,,,D002152,A002152,PF002152
C0002152,16,normal,,,D002153,A002153,PF002153
C0002153,78,normal,,,D002154,A002154,PF002154
C0002154,9,normal,,,D002155,A002155,PF002155
C0002155,32,adaptive_abuse,,AA_RING0086,D006192,A006192,PF002156
C0002156,19,normal,,,D002157,A002157,PF002157
C0002157,69,hard_negative,shared_household,HH0017,D006227,A006227,PF002158
C0002158,84,adaptive_abuse,,AA_RING0081,D006187,A006187,PF006187
C0002159,19,normal,,,D002160,A002160,PF002160
C0002160,41,normal,,,D002161,A002161,PF002161
C0002161,47,normal,,,D002162,A002162,PF002162
C0002162,69,normal,,,D002163,A002163,PF002163
C0002163,35,normal,,,D002164,A002164,PF002164
C0002164,52,naive_abuse,,NA_RING0105,D006105,A002165,PF002165
C0002165,50,normal,,,D002166,A002166,PF002166
C0002166,1,adaptive_abuse,,AA_RING0079,D006185,A002167,PF006185
C0002167,56,naive_abuse,,NA_RING0078,D006078,A002168,PF002168
C0002168,56,naive_abuse,,NA_RING0071,D002169,A006071,PF002169
C0002169,99,normal,,,D002170,A002170,PF002170
C0002170,51,normal,,,D002171,A002171,PF002171
C0002171,89,normal,,,D002172,A002172,PF002172
C0002172,34,normal,,,D002173,A002173,PF002173
C0002173,69,normal,,,D002174,A002174,PF002174
C0002174,90,normal,,,D002175,A002175,PF002175
C0002175,15,normal,,,D002176,A002176,PF002176
C0002176,56,normal,,,D002177,A002177,PF002177
C0002177,91,normal,,,D002178,A002178,PF002178
C0002178,55,normal,,,D002179,A002179,PF002179
C0002179,89,normal,,,D002180,A002180,PF002180
C0002180,41,hard_negative,high_return_fashion,,D002181,A002181,PF002181
C0002181,88,normal,,,D002182,A002182,PF002182
C0002182,62,naive_abuse,,NA_RING0077,D006077,A002183,PF006077
C0002183,47,naive_abuse,,NA_RING0006,D002184,A006006,PF006006
C0002184,21,normal,,,D002185,A002185,PF002185
C0002185,17,normal,,,D002186,A002186,PF002186
C0002186,28,normal,,,D002187,A002187,PF002187
C0002187,75,normal,,,D002188,A002188,PF002188
C0002188,46,normal,,,D002189,A002189,PF002189
C0002189,38,normal,,,D002190,A002190,PF002190
C0002190,46,naive_abuse,,NA_RING0003,D002191,A006003,PF006003
C0002191,34,adaptive_abuse,,AA_RING0032,D006138,A006138,PF002192
C0002192,80,naive_abuse,,NA_RING0103,D006103,A002193,PF002193
C0002193,39,normal,,,D002194,A002194,PF002194
C0002194,47,normal,,,D002195,A002195,PF002195
C0002195,55,adaptive_abuse,,AA_RING0069,D006175,A006175,PF002196
C0002196,64,normal,,,D002197,A002197,PF002197
C0002197,33,normal,,,D002198,A002198,PF002198
C0002198,7,normal,,,D002199,A002199,PF002199
C0002199,68,normal,,,D002200,A002200,PF002200
C0002200,56,normal,,,D002201,A002201,PF002201
C0002201,64,normal,,,D002202,A002202,PF002202
C0002202,54,normal,,,D002203,A002203,PF002203
C0002203,50,normal,,,D002204,A002204,PF002204
C0002204,94,normal,,,D002205,A002205,PF002205
C0002205,5,normal,,,D002206,A002206,PF002206
C0002206,9,normal,,,D002207,A002207,PF002207
C0002207,93,naive_abuse,,NA_RING0034,D002208,A002208,PF006034
C0002208,88,normal,,,D002209,A002209,PF002209
C0002209,41,normal,,,D002210,A002210,PF002210
C0002210,54,hard_negative,promo_spike,,D002211,A002211,PF002211
C0002211,44,normal,,,D002212,A002212,PF002212
C0002212,99,naive_abuse,,NA_RING0024,D006024,A002213,PF006024
C0002213,45,normal,,,D002214,A002214,PF002214
C0002214,75,normal,,,D002215,A002215,PF002215
C0002215,36,normal,,,D002216,A002216,PF002216
C0002216,38,normal,,,D002217,A002217,PF002217
C0002217,67,adaptive_abuse,,AA_RING0017,D006123,A002218,PF002218
C0002218,39,hard_negative,promo_spike,,D002219,A002219,PF002219
C0002219,1,adaptive_abuse,,AA_RING0040,D002220,A002220,PF002220
C0002220,17,adaptive_abuse,,AA_RING0014,D002221,A002221,PF006120
C0002221,87,normal,,,D002222,A002222,PF002222
C0002222,36,hard_negative,promo_spike,,D002223,A002223,PF002223
C0002223,10,normal,,,D002224,A002224,PF002224
C0002224,93,hard_negative,new_merchant_thin_history,,D002225,A002225,PF002225
C0002225,99,normal,,,D002226,A002226,PF002226
C0002226,49,normal,,,D002227,A002227,PF002227
C0002227,62,hard_negative,new_merchant_thin_history,,D002228,A002228,PF002228
C0002228,75,hard_negative,popular_product_volume,,D002229,A002229,PF002229
C0002229,6,normal,,,D002230,A002230,PF002230
C0002230,29,normal,,,D002231,A002231,PF002231
C0002231,56,normal,,,D002232,A002232,PF002232
C0002232,54,adaptive_abuse,,AA_RING0025,D006131,A002233,PF002233
C0002233,33,normal,,,D002234,A002234,PF002234
C0002234,0,normal,,,D002235,A002235,PF002235
C0002235,95,normal,,,D002236,A002236,PF002236
C0002236,61,normal,,,D002237,A002237,PF002237
C0002237,75,normal,,,D002238,A002238,PF002238
C0002238,43,normal,,,D002239,A002239,PF002239
C0002239,50,naive_abuse,,NA_RING0102,D006102,A002240,PF002240
C0002240,44,adaptive_abuse,,AA_RING0062,D006168,A002241,PF002241
C0002241,42,adaptive_abuse,,AA_RING0089,D006195,A002242,PF006195
C0002242,67,normal,,,D002243,A002243,PF002243
C0002243,99,normal,,,D002244,A002244,PF002244
C0002244,77,hard_negative,popular_product_volume,,D002245,A002245,PF002245
C0002245,66,naive_abuse,,NA_RING0020,D006020,A002246,PF006020
C0002246,1,normal,,,D002247,A002247,PF002247
C0002247,51,normal,,,D002248,A002248,PF002248
C0002248,95,hard_negative,shared_household,HH0039,D006249,A006249,PF006249
C0002249,39,normal,,,D002250,A002250,PF002250
C0002250,54,hard_negative,promo_spike,,D002251,A002251,PF002251
C0002251,32,normal,,,D002252,A002252,PF002252
C0002252,19,normal,,,D002253,A002253,PF002253
C0002253,70,normal,,,D002254,A002254,PF002254
C0002254,31,normal,,,D002255,A002255,PF002255
C0002255,58,naive_abuse,,NA_RING0075,D006075,A006075,PF002256
C0002256,59,normal,,,D002257,A002257,PF002257
C0002257,84,normal,,,D002258,A002258,PF002258
C0002258,93,naive_abuse,,NA_RING0093,D002259,A006093,PF006093
C0002259,55,hard_negative,shared_household,HH0044,D002260,A006254,PF002260
C0002260,5,hard_negative,popular_product_volume,,D002261,A002261,PF002261
C0002261,58,normal,,,D002262,A002262,PF002262
C0002262,88,naive_abuse,,NA_RING0090,D002263,A002263,PF002263
C0002263,47,normal,,,D002264,A002264,PF002264
C0002264,56,normal,,,D002265,A002265,PF002265
C0002265,76,normal,,,D002266,A002266,PF002266
C0002266,43,normal,,,D002267,A002267,PF002267
C0002267,41,hard_negative,high_return_fashion,,D002268,A002268,PF002268
C0002268,48,normal,,,D002269,A002269,PF002269
C0002269,85,normal,,,D002270,A002270,PF002270
C0002270,48,naive_abuse,,NA_RING0068,D002271,A002271,PF002271
C0002271,32,normal,,,D002272,A002272,PF002272
C0002272,59,normal,,,D002273,A002273,PF002273
C0002273,69,adaptive_abuse,,AA_RING0028,D006134,A002274,PF006134
C0002274,91,hard_negative,high_return_fashion,,D002275,A002275,PF002275
C0002275,89,adaptive_abuse,,AA_RING0051,D006157,A006157,PF006157
C0002276,78,adaptive_abuse,,AA_RING0035,D006141,A006141,PF002277
C0002277,76,adaptive_abuse,,AA_RING0028,D006134,A002278,PF002278
C0002278,44,hard_negative,high_return_fashion,,D002279,A002279,PF002279
C0002279,34,normal,,,D002280,A002280,PF002280
C0002280,56,normal,,,D002281,A002281,PF002281
C0002281,70,normal,,,D002282,A002282,PF002282
C0002282,51,hard_negative,promo_spike,,D002283,A002283,PF002283
C0002283,20,normal,,,D002284,A002284,PF002284
C0002284,1,naive_abuse,,NA_RING0072,D002285,A006072,PF006072
C0002285,5,normal,,,D002286,A002286,PF002286
C0002286,42,normal,,,D002287,A002287,PF002287
C0002287,79,normal,,,D002288,A002288,PF002288
C0002288,78,normal,,,D002289,A002289,PF002289
C0002289,80,normal,,,D002290,A002290,PF002290
C0002290,70,normal,,,D002291,A002291,PF002291
C0002291,2,naive_abuse,,NA_RING0006,D006006,A002292,PF002292
C0002292,88,normal,,,D002293,A002293,PF002293
C0002293,94,normal,,,D002294,A002294,PF002294
C0002294,84,normal,,,D002295,A002295,PF002295
C0002295,44,normal,,,D002296,A002296,PF002296
C0002296,21,normal,,,D002297,A002297,PF002297
C0002297,90,hard_negative,promo_spike,,D002298,A002298,PF002298
C0002298,18,hard_negative,high_return_fashion,,D002299,A002299,PF002299
C0002299,78,normal,,,D002300,A002300,PF002300
C0002300,96,normal,,,D002301,A002301,PF002301
C0002301,90,normal,,,D002302,A002302,PF002302
C0002302,52,normal,,,D002303,A002303,PF002303
C0002303,83,naive_abuse,,NA_RING0051,D002304,A002304,PF002304
C0002304,83,normal,,,D002305,A002305,PF002305
C0002305,97,naive_abuse,,NA_RING0032,D002306,A006032,PF006032
C0002306,36,normal,,,D002307,A002307,PF002307
C0002307,62,normal,,,D002308,A002308,PF002308
C0002308,81,normal,,,D002309,A002309,PF002309
C0002309,22,normal,,,D002310,A002310,PF002310
C0002310,22,adaptive_abuse,,AA_RING0050,D006156,A006156,PF006156
C0002311,38,normal,,,D002312,A002312,PF002312
C0002312,36,naive_abuse,,NA_RING0067,D006067,A002313,PF002313
C0002313,75,naive_abuse,,NA_RING0026,D006026,A002314,PF006026
C0002314,93,normal,,,D002315,A002315,PF002315
C0002315,15,normal,,,D002316,A002316,PF002316
C0002316,32,normal,,,D002317,A002317,PF002317
C0002317,92,normal,,,D002318,A002318,PF002318
C0002318,59,hard_negative,promo_spike,,D002319,A002319,PF002319
C0002319,20,normal,,,D002320,A002320,PF002320
C0002320,60,adaptive_abuse,,AA_RING0087,D002321,A006193,PF002321
C0002321,87,normal,,,D002322,A002322,PF002322
C0002322,37,normal,,,D002323,A002323,PF002323
C0002323,48,hard_negative,shared_household,HH0026,D002324,A006236,PF006236
C0002324,61,normal,,,D002325,A002325,PF002325
C0002325,84,adaptive_abuse,,AA_RING0067,D006173,A002326,PF006173
C0002326,56,normal,,,D002327,A002327,PF002327
C0002327,95,adaptive_abuse,,AA_RING0055,D006161,A002328,PF002328
C0002328,75,naive_abuse,,NA_RING0082,D002329,A002329,PF002329
C0002329,42,naive_abuse,,NA_RING0094,D002330,A002330,PF002330
C0002330,48,normal,,,D002331,A002331,PF002331
C0002331,69,naive_abuse,,NA_RING0075,D006075,A006075,PF002332
C0002332,7,normal,,,D002333,A002333,PF002333
C0002333,22,hard_negative,popular_product_volume,,D002334,A002334,PF002334
C0002334,23,normal,,,D002335,A002335,PF002335
C0002335,80,normal,,,D002336,A002336,PF002336
C0002336,82,normal,,,D002337,A002337,PF002337
C0002337,81,normal,,,D002338,A002338,PF002338
C0002338,10,normal,,,D002339,A002339,PF002339
C0002339,29,naive_abuse,,NA_RING0002,D006002,A006002,PF006002
C0002340,31,normal,,,D002341,A002341,PF002341
C0002341,2,hard_negative,high_return_fashion,,D002342,A002342,PF002342
C0002342,25,normal,,,D002343,A002343,PF002343
C0002343,43,hard_negative,high_return_fashion,,D002344,A002344,PF002344
C0002344,88,hard_negative,promo_spike,,D002345,A002345,PF002345
C0002345,17,normal,,,D002346,A002346,PF002346
C0002346,86,hard_negative,promo_spike,,D002347,A002347,PF002347
C0002347,81,adaptive_abuse,,AA_RING0068,D006174,A002348,PF006174
C0002348,15,naive_abuse,,NA_RING0105,D006105,A006105,PF006105
C0002349,26,normal,,,D002350,A002350,PF002350
C0002350,45,normal,,,D002351,A002351,PF002351
C0002351,94,hard_negative,popular_product_volume,,D002352,A002352,PF002352
C0002352,78,normal,,,D002353,A002353,PF002353
C0002353,97,naive_abuse,,NA_RING0043,D006043,A002354,PF002354
C0002354,31,normal,,,D002355,A002355,PF002355
C0002355,90,naive_abuse,,NA_RING0028,D006028,A002356,PF006028
C0002356,95,normal,,,D002357,A002357,PF002357
C0002357,59,normal,,,D002358,A002358,PF002358
C0002358,15,adaptive_abuse,,AA_RING0035,D006141,A002359,PF006141
C0002359,26,naive_abuse,,NA_RING0060,D006060,A002360,PF006060
C0002360,12,naive_abuse,,NA_RING0042,D002361,A006042,PF006042
C0002361,80,adaptive_abuse,,AA_RING0056,D006162,A006162,PF006162
C0002362,31,normal,,,D002363,A002363,PF002363
C0002363,70,normal,,,D002364,A002364,PF002364
C0002364,26,normal,,,D002365,A002365,PF002365
C0002365,97,normal,,,D002366,A002366,PF002366
C0002366,77,normal,,,D002367,A002367,PF002367
C0002367,37,adaptive_abuse,,AA_RING0077,D006183,A006183,PF006183
C0002368,47,normal,,,D002369,A002369,PF002369
C0002369,5,normal,,,D002370,A002370,PF002370
C0002370,13,normal,,,D002371,A002371,PF002371
C0002371,99,normal,,,D002372,A002372,PF002372
C0002372,81,normal,,,D002373,A002373,PF002373
C0002373,83,normal,,,D002374,A002374,PF002374
C0002374,64,normal,,,D002375,A002375,PF002375
C0002375,22,normal,,,D002376,A002376,PF002376
C0002376,10,naive_abuse,,NA_RING0064,D002377,A006064,PF006064
C0002377,72,normal,,,D002378,A002378,PF002378
C0002378,33,normal,,,D002379,A002379,PF002379
C0002379,0,normal,,,D002380,A002380,PF002380
C0002380,2,normal,,,D002381,A002381,PF002381
C0002381,55,normal,,,D002382,A002382,PF002382
C0002382,84,adaptive_abuse,,AA_RING0069,D006175,A006175,PF006175
C0002383,36,normal,,,D002384,A002384,PF002384
C0002384,99,normal,,,D002385,A002385,PF002385
C0002385,38,normal,,,D002386,A002386,PF002386
C0002386,73,naive_abuse,,NA_RING0097,D006097,A006097,PF002387
C0002387,24,normal,,,D002388,A002388,PF002388
C0002388,60,normal,,,D002389,A002389,PF002389
C0002389,27,naive_abuse,,NA_RING0089,D006089,A002390,PF006089
C0002390,77,normal,,,D002391,A002391,PF002391
C0002391,45,normal,,,D002392,A002392,PF002392
C0002392,4,normal,,,D002393,A002393,PF002393
C0002393,24,normal,,,D002394,A002394,PF002394
C0002394,35,adaptive_abuse,,AA_RING0103,D006209,A002395,PF006209
C0002395,46,normal,,,D002396,A002396,PF002396
C0002396,27,normal,,,D002397,A002397,PF002397
C0002397,57,normal,,,D002398,A002398,PF002398
C0002398,96,normal,,,D002399,A002399,PF002399
C0002399,71,naive_abuse,,NA_RING0067,D002400,A002400,PF002400
C0002400,31,normal,,,D002401,A002401,PF002401
C0002401,67,naive_abuse,,NA_RING0012,D006012,A002402,PF002402
C0002402,96,normal,,,D002403,A002403,PF002403
C0002403,24,normal,,,D002404,A002404,PF002404
C0002404,23,normal,,,D002405,A002405,PF002405
C0002405,3,naive_abuse,,NA_RING0052,D002406,A002406,PF002406
C0002406,84,normal,,,D002407,A002407,PF002407
C0002407,83,normal,,,D002408,A002408,PF002408
C0002408,41,hard_negative,promo_spike,,D002409,A002409,PF002409
C0002409,87,normal,,,D002410,A002410,PF002410
C0002410,65,normal,,,D002411,A002411,PF002411
C0002411,97,normal,,,D002412,A002412,PF002412
C0002412,92,naive_abuse,,NA_RING0083,D006083,A002413,PF002413
C0002413,95,normal,,,D002414,A002414,PF002414
C0002414,39,normal,,,D002415,A002415,PF002415
C0002415,63,normal,,,D002416,A002416,PF002416
C0002416,16,normal,,,D002417,A002417,PF002417
C0002417,89,normal,,,D002418,A002418,PF002418
C0002418,31,normal,,,D002419,A002419,PF002419
C0002419,44,normal,,,D002420,A002420,PF002420
C0002420,59,normal,,,D002421,A002421,PF002421
C0002421,78,naive_abuse,,NA_RING0067,D006067,A006067,PF006067
C0002422,73,normal,,,D002423,A002423,PF002423
C0002423,95,normal,,,D002424,A002424,PF002424
C0002424,71,adaptive_abuse,,AA_RING0076,D002425,A002425,PF006182
C0002425,79,naive_abuse,,NA_RING0008,D006008,A002426,PF006008
C0002426,57,normal,,,D002427,A002427,PF002427
C0002427,41,normal,,,D002428,A002428,PF002428
C0002428,91,normal,,,D002429,A002429,PF002429
C0002429,37,normal,,,D002430,A002430,PF002430
C0002430,62,normal,,,D002431,A002431,PF002431
C0002431,29,normal,,,D002432,A002432,PF002432
C0002432,48,normal,,,D002433,A002433,PF002433
C0002433,36,normal,,,D002434,A002434,PF002434
C0002434,25,normal,,,D002435,A002435,PF002435
C0002435,82,normal,,,D002436,A002436,PF002436
C0002436,76,normal,,,D002437,A002437,PF002437
C0002437,70,hard_negative,new_merchant_thin_history,,D002438,A002438,PF002438
C0002438,8,naive_abuse,,NA_RING0045,D006045,A002439,PF006045
C0002439,24,normal,,,D002440,A002440,PF002440
C0002440,21,normal,,,D002441,A002441,PF002441
C0002441,71,normal,,,D002442,A002442,PF002442
C0002442,89,normal,,,D002443,A002443,PF002443
C0002443,37,hard_negative,shared_household,HH0008,D002444,A006218,PF002444
C0002444,33,normal,,,D002445,A002445,PF002445
C0002445,55,normal,,,D002446,A002446,PF002446
C0002446,98,normal,,,D002447,A002447,PF002447
C0002447,37,normal,,,D002448,A002448,PF002448
C0002448,27,normal,,,D002449,A002449,PF002449
C0002449,52,normal,,,D002450,A002450,PF002450
C0002450,91,adaptive_abuse,,AA_RING0032,D006138,A006138,PF006138
C0002451,72,normal,,,D002452,A002452,PF002452
C0002452,51,normal,,,D002453,A002453,PF002453
C0002453,73,normal,,,D002454,A002454,PF002454
C0002454,1,normal,,,D002455,A002455,PF002455
C0002455,75,normal,,,D002456,A002456,PF002456
C0002456,9,normal,,,D002457,A002457,PF002457
C0002457,39,hard_negative,shared_household,HH0031,D002458,A006241,PF002458
C0002458,34,normal,,,D002459,A002459,PF002459
C0002459,69,normal,,,D002460,A002460,PF002460
C0002460,24,normal,,,D002461,A002461,PF002461
C0002461,23,normal,,,D002462,A002462,PF002462
C0002462,88,normal,,,D002463,A002463,PF002463
C0002463,47,naive_abuse,,NA_RING0045,D006045,A002464,PF002464
C0002464,74,normal,,,D002465,A002465,PF002465
C0002465,58,normal,,,D002466,A002466,PF002466
C0002466,61,normal,,,D002467,A002467,PF002467
C0002467,68,normal,,,D002468,A002468,PF002468
C0002468,66,normal,,,D002469,A002469,PF002469
C0002469,91,normal,,,D002470,A002470,PF002470
C0002470,78,normal,,,D002471,A002471,PF002471
C0002471,30,normal,,,D002472,A002472,PF002472
C0002472,16,hard_negative,new_merchant_thin_history,,D002473,A002473,PF002473
C0002473,84,naive_abuse,,NA_RING0020,D002474,A006020,PF006020
C0002474,37,hard_negative,high_return_fashion,,D002475,A002475,PF002475
C0002475,31,adaptive_abuse,,AA_RING0050,D002476,A006156,PF006156
C0002476,11,hard_negative,popular_product_volume,,D002477,A002477,PF002477
C0002477,55,naive_abuse,,NA_RING0039,D006039,A006039,PF006039
C0002478,51,naive_abuse,,NA_RING0044,D006044,A002479,PF006044
C0002479,82,hard_negative,high_return_fashion,,D002480,A002480,PF002480
C0002480,74,naive_abuse,,NA_RING0086,D006086,A002481,PF006086
C0002481,72,adaptive_abuse,,AA_RING0008,D006114,A006114,PF002482
C0002482,53,normal,,,D002483,A002483,PF002483
C0002483,86,normal,,,D002484,A002484,PF002484
C0002484,98,normal,,,D002485,A002485,PF002485
C0002485,81,naive_abuse,,NA_RING0021,D006021,A002486,PF002486
C0002486,34,normal,,,D002487,A002487,PF002487
C0002487,27,naive_abuse,,NA_RING0082,D006082,A002488,PF006082
C0002488,0,hard_negative,shared_household,HH0027,D006237,A006237,PF002489
C0002489,99,adaptive_abuse,,AA_RING0100,D002490,A006206,PF002490
C0002490,73,normal,,,D002491,A002491,PF002491
C0002491,93,hard_negative,high_return_fashion,,D002492,A002492,PF002492
C0002492,78,hard_negative,promo_spike,,D002493,A002493,PF002493
C0002493,43,adaptive_abuse,,AA_RING0028,D002494,A002494,PF006134
C0002494,14,adaptive_abuse,,AA_RING0059,D002495,A002495,PF006165
C0002495,4,normal,,,D002496,A002496,PF002496
C0002496,79,normal,,,D002497,A002497,PF002497
C0002497,30,normal,,,D002498,A002498,PF002498
C0002498,37,adaptive_abuse,,AA_RING0092,D006198,A006198,PF006198
C0002499,83,normal,,,D002500,A002500,PF002500
C0002500,48,hard_negative,popular_product_volume,,D002501,A002501,PF002501
C0002501,95,hard_negative,high_return_fashion,,D002502,A002502,PF002502
C0002502,54,normal,,,D002503,A002503,PF002503
C0002503,83,normal,,,D002504,A002504,PF002504
C0002504,12,normal,,,D002505,A002505,PF002505
C0002505,39,naive_abuse,,NA_RING0012,D002506,A002506,PF006012
C0002506,18,normal,,,D002507,A002507,PF002507
C0002507,5,normal,,,D002508,A002508,PF002508
C0002508,99,hard_negative,high_return_fashion,,D002509,A002509,PF002509
C0002509,51,normal,,,D002510,A002510,PF002510
C0002510,35,naive_abuse,,NA_RING0089,D006089,A006089,PF006089
C0002511,37,normal,,,D002512,A002512,PF002512
C0002512,24,normal,,,D002513,A002513,PF002513
C0002513,12,normal,,,D002514,A002514,PF002514
C0002514,91,normal,,,D002515,A002515,PF002515
C0002515,10,normal,,,D002516,A002516,PF002516
C0002516,38,hard_negative,shared_household,HH0014,D006224,A006224,PF002517
C0002517,15,normal,,,D002518,A002518,PF002518
C0002518,92,normal,,,D002519,A002519,PF002519
C0002519,20,normal,,,D002520,A002520,PF002520
C0002520,39,normal,,,D002521,A002521,PF002521
C0002521,75,adaptive_abuse,,AA_RING0104,D006210,A002522,PF006210
C0002522,57,normal,,,D002523,A002523,PF002523
C0002523,38,adaptive_abuse,,AA_RING0052,D006158,A006158,PF006158
C0002524,56,normal,,,D002525,A002525,PF002525
C0002525,43,normal,,,D002526,A002526,PF002526
C0002526,28,normal,,,D002527,A002527,PF002527
C0002527,59,normal,,,D002528,A002528,PF002528
C0002528,36,hard_negative,shared_household,HH0043,D002529,A006253,PF002529
C0002529,96,normal,,,D002530,A002530,PF002530
C0002530,46,normal,,,D002531,A002531,PF002531
C0002531,75,normal,,,D002532,A002532,PF002532
C0002532,23,normal,,,D002533,A002533,PF002533
C0002533,64,adaptive_abuse,,AA_RING0089,D006195,A006195,PF006195
C0002534,55,adaptive_abuse,,AA_RING0005,D006111,A006111,PF002535
C0002535,74,normal,,,D002536,A002536,PF002536
C0002536,46,naive_abuse,,NA_RING0063,D002537,A002537,PF006063
C0002537,71,hard_negative,shared_household,HH0035,D002538,A006245,PF002538
C0002538,5,normal,,,D002539,A002539,PF002539
C0002539,69,hard_negative,new_merchant_thin_history,,D002540,A002540,PF002540
C0002540,75,normal,,,D002541,A002541,PF002541
C0002541,49,hard_negative,high_return_fashion,,D002542,A002542,PF002542
C0002542,3,adaptive_abuse,,AA_RING0104,D006210,A002543,PF006210
C0002543,56,normal,,,D002544,A002544,PF002544
C0002544,78,naive_abuse,,NA_RING0053,D006053,A002545,PF006053
C0002545,46,adaptive_abuse,,AA_RING0082,D002546,A002546,PF006188
C0002546,9,normal,,,D002547,A002547,PF002547
C0002547,39,normal,,,D002548,A002548,PF002548
C0002548,99,adaptive_abuse,,AA_RING0015,D006121,A002549,PF002549
C0002549,27,adaptive_abuse,,AA_RING0021,D002550,A002550,PF002550
C0002550,52,normal,,,D002551,A002551,PF002551
C0002551,35,normal,,,D002552,A002552,PF002552
C0002552,71,normal,,,D002553,A002553,PF002553
C0002553,42,normal,,,D002554,A002554,PF002554
C0002554,38,normal,,,D002555,A002555,PF002555
C0002555,57,normal,,,D002556,A002556,PF002556
C0002556,57,normal,,,D002557,A002557,PF002557
C0002557,49,normal,,,D002558,A002558,PF002558
C0002558,25,normal,,,D002559,A002559,PF002559
C0002559,10,normal,,,D002560,A002560,PF002560
C0002560,69,hard_negative,shared_household,HH0039,D002561,A006249,PF002561
C0002561,33,normal,,,D002562,A002562,PF002562
C0002562,61,normal,,,D002563,A002563,PF002563
C0002563,37,normal,,,D002564,A002564,PF002564
C0002564,85,normal,,,D002565,A002565,PF002565
C0002565,70,normal,,,D002566,A002566,PF002566
C0002566,40,normal,,,D002567,A002567,PF002567
C0002567,33,normal,,,D002568,A002568,PF002568
C0002568,74,normal,,,D002569,A002569,PF002569
C0002569,0,normal,,,D002570,A002570,PF002570
C0002570,5,normal,,,D002571,A002571,PF002571
C0002571,8,adaptive_abuse,,AA_RING0097,D002572,A002572,PF006203
C0002572,34,hard_negative,shared_household,HH0024,D002573,A006234,PF002573
C0002573,49,normal,,,D002574,A002574,PF002574
C0002574,29,normal,,,D002575,A002575,PF002575
C0002575,18,normal,,,D002576,A002576,PF002576
C0002576,31,normal,,,D002577,A002577,PF002577
C0002577,49,normal,,,D002578,A002578,PF002578
C0002578,29,normal,,,D002579,A002579,PF002579
C0002579,57,normal,,,D002580,A002580,PF002580
C0002580,38,normal,,,D002581,A002581,PF002581
C0002581,93,normal,,,D002582,A002582,PF002582
C0002582,99,naive_abuse,,NA_RING0041,D006041,A002583,PF002583
C0002583,65,hard_negative,shared_household,HH0023,D006233,A006233,PF002584
C0002584,55,normal,,,D002585,A002585,PF002585
C0002585,3,normal,,,D002586,A002586,PF002586
C0002586,62,normal,,,D002587,A002587,PF002587
C0002587,38,hard_negative,shared_household,HH0030,D002588,A006240,PF002588
C0002588,28,normal,,,D002589,A002589,PF002589
C0002589,79,normal,,,D002590,A002590,PF002590
C0002590,4,normal,,,D002591,A002591,PF002591
C0002591,26,adaptive_abuse,,AA_RING0100,D006206,A002592,PF002592
C0002592,77,normal,,,D002593,A002593,PF002593
C0002593,92,normal,,,D002594,A002594,PF002594
C0002594,51,normal,,,D002595,A002595,PF002595
C0002595,52,normal,,,D002596,A002596,PF002596
C0002596,96,normal,,,D002597,A002597,PF002597
C0002597,9,normal,,,D002598,A002598,PF002598
C0002598,48,normal,,,D002599,A002599,PF002599
C0002599,24,normal,,,D002600,A002600,PF002600
C0002600,47,normal,,,D002601,A002601,PF002601
C0002601,90,hard_negative,popular_product_volume,,D002602,A002602,PF002602
C0002602,59,normal,,,D002603,A002603,PF002603
C0002603,99,normal,,,D002604,A002604,PF002604
C0002604,50,normal,,,D002605,A002605,PF002605
C0002605,86,normal,,,D002606,A002606,PF002606
C0002606,16,normal,,,D002607,A002607,PF002607
C0002607,32,adaptive_abuse,,AA_RING0011,D006117,A002608,PF002608
C0002608,27,normal,,,D002609,A002609,PF002609
C0002609,76,hard_negative,promo_spike,,D002610,A002610,PF002610
C0002610,51,hard_negative,popular_product_volume,,D002611,A002611,PF002611
C0002611,22,normal,,,D002612,A002612,PF002612
C0002612,17,normal,,,D002613,A002613,PF002613
C0002613,38,normal,,,D002614,A002614,PF002614
C0002614,15,normal,,,D002615,A002615,PF002615
C0002615,69,normal,,,D002616,A002616,PF002616
C0002616,84,normal,,,D002617,A002617,PF002617
C0002617,96,normal,,,D002618,A002618,PF002618
C0002618,23,normal,,,D002619,A002619,PF002619
C0002619,43,naive_abuse,,NA_RING0017,D006017,A006017,PF002620
C0002620,50,normal,,,D002621,A002621,PF002621
C0002621,49,hard_negative,shared_household,HH0020,D002622,A006230,PF002622
C0002622,45,normal,,,D002623,A002623,PF002623
C0002623,22,normal,,,D002624,A002624,PF002624
C0002624,11,normal,,,D002625,A002625,PF002625
C0002625,40,normal,,,D002626,A002626,PF002626
C0002626,9,normal,,,D002627,A002627,PF002627
C0002627,6,adaptive_abuse,,AA_RING0079,D006185,A002628,PF002628
C0002628,52,normal,,,D002629,A002629,PF002629
C0002629,85,normal,,,D002630,A002630,PF002630
C0002630,54,normal,,,D002631,A002631,PF002631
C0002631,2,normal,,,D002632,A002632,PF002632
C0002632,84,normal,,,D002633,A002633,PF002633
C0002633,68,normal,,,D002634,A002634,PF002634
C0002634,30,normal,,,D002635,A002635,PF002635
C0002635,27,normal,,,D002636,A002636,PF002636
C0002636,89,normal,,,D002637,A002637,PF002637
C0002637,47,adaptive_abuse,,AA_RING0008,D006114,A006114,PF006114
C0002638,14,normal,,,D002639,A002639,PF002639
C0002639,28,normal,,,D002640,A002640,PF002640
C0002640,26,adaptive_abuse,,AA_RING0038,D002641,A002641,PF006144
C0002641,40,normal,,,D002642,A002642,PF002642
C0002642,34,normal,,,D002643,A002643,PF002643
C0002643,54,hard_negative,promo_spike,,D002644,A002644,PF002644
C0002644,32,adaptive_abuse,,AA_RING0098,D002645,A006204,PF002645
C0002645,64,hard_negative,new_merchant_thin_history,,D002646,A002646,PF002646
C0002646,49,normal,,,D002647,A002647,PF002647
C0002647,94,adaptive_abuse,,AA_RING0043,D006149,A002648,PF006149
C0002648,82,normal,,,D002649,A002649,PF002649
C0002649,33,adaptive_abuse,,AA_RING0003,D006109,A006109,PF002650
C0002650,4,naive_abuse,,NA_RING0053,D002651,A006053,PF006053
C0002651,58,adaptive_abuse,,AA_RING0003,D006109,A006109,PF002652
C0002652,33,normal,,,D002653,A002653,PF002653
C0002653,90,normal,,,D002654,A002654,PF002654
C0002654,40,normal,,,D002655,A002655,PF002655
C0002655,29,normal,,,D002656,A002656,PF002656
C0002656,33,normal,,,D002657,A002657,PF002657
C0002657,86,adaptive_abuse,,AA_RING0090,D006196,A006196,PF002658
C0002658,11,normal,,,D002659,A002659,PF002659
C0002659,95,normal,,,D002660,A002660,PF002660
C0002660,23,normal,,,D002661,A002661,PF002661
C0002661,84,normal,,,D002662,A002662,PF002662
C0002662,54,normal,,,D002663,A002663,PF002663
C0002663,56,normal,,,D002664,A002664,PF002664
C0002664,20,naive_abuse,,NA_RING0059,D006059,A006059,PF002665
C0002665,72,hard_negative,new_merchant_thin_history,,D002666,A002666,PF002666
C0002666,64,normal,,,D002667,A002667,PF002667
C0002667,48,normal,,,D002668,A002668,PF002668
C0002668,45,normal,,,D002669,A002669,PF002669
C0002669,59,naive_abuse,,NA_RING0052,D006052,A002670,PF006052
C0002670,47,naive_abuse,,NA_RING0028,D006028,A002671,PF002671
C0002671,97,normal,,,D002672,A002672,PF002672
C0002672,4,naive_abuse,,NA_RING0029,D006029,A006029,PF006029
C0002673,25,normal,,,D002674,A002674,PF002674
C0002674,85,normal,,,D002675,A002675,PF002675
C0002675,79,naive_abuse,,NA_RING0101,D006101,A006101,PF006101
C0002676,34,normal,,,D002677,A002677,PF002677
C0002677,50,normal,,,D002678,A002678,PF002678
C0002678,2,normal,,,D002679,A002679,PF002679
C0002679,17,normal,,,D002680,A002680,PF002680
C0002680,94,normal,,,D002681,A002681,PF002681
C0002681,64,normal,,,D002682,A002682,PF002682
C0002682,3,normal,,,D002683,A002683,PF002683
C0002683,79,normal,,,D002684,A002684,PF002684
C0002684,40,naive_abuse,,NA_RING0099,D002685,A002685,PF006099
C0002685,56,normal,,,D002686,A002686,PF002686
C0002686,85,adaptive_abuse,,AA_RING0013,D006119,A002687,PF006119
C0002687,83,normal,,,D002688,A002688,PF002688
C0002688,13,normal,,,D002689,A002689,PF002689
C0002689,36,normal,,,D002690,A002690,PF002690
C0002690,27,naive_abuse,,NA_RING0073,D006073,A006073,PF006073
C0002691,91,normal,,,D002692,A002692,PF002692
C0002692,78,adaptive_abuse,,AA_RING0020,D006126,A002693,PF002693
C0002693,64,normal,,,D002694,A002694,PF002694
C0002694,5,normal,,,D002695,A002695,PF002695
C0002695,80,normal,,,D002696,A002696,PF002696
C0002696,56,normal,,,D002697,A002697,PF002697
C0002697,27,normal,,,D002698,A002698,PF002698
C0002698,44,normal,,,D002699,A002699,PF002699
C0002699,44,normal,,,D002700,A002700,PF002700
C0002700,29,normal,,,D002701,A002701,PF002701
C0002701,90,normal,,,D002702,A002702,PF002702
C0002702,91,normal,,,D002703,A002703,PF002703
C0002703,5,normal,,,D002704,A002704,PF002704
C0002704,93,normal,,,D002705,A002705,PF002705
C0002705,40,normal,,,D002706,A002706,PF002706
C0002706,79,normal,,,D002707,A002707,PF002707
C0002707,78,normal,,,D002708,A002708,PF002708
C0002708,59,naive_abuse,,NA_RING0024,D006024,A006024,PF002709
C0002709,74,normal,,,D002710,A002710,PF002710
C0002710,68,normal,,,D002711,A002711,PF002711
C0002711,85,naive_abuse,,NA_RING0047,D002712,A002712,PF006047
C0002712,42,normal,,,D002713,A002713,PF002713
C0002713,73,normal,,,D002714,A002714,PF002714
C0002714,97,adaptive_abuse,,AA_RING0103,D006209,A002715,PF002715
C0002715,94,adaptive_abuse,,AA_RING0043,D002716,A006149,PF002716
C0002716,14,hard_negative,new_merchant_thin_history,,D002717,A002717,PF002717
C0002717,49,normal,,,D002718,A002718,PF002718
C0002718,51,normal,,,D002719,A002719,PF002719
C0002719,62,adaptive_abuse,,AA_RING0049,D006155,A006155,PF006155
C0002720,64,adaptive_abuse,,AA_RING0005,D002721,A002721,PF006111
C0002721,84,normal,,,D002722,A002722,PF002722
C0002722,53,normal,,,D002723,A002723,PF002723
C0002723,70,normal,,,D002724,A002724,PF002724
C0002724,89,normal,,,D002725,A002725,PF002725
C0002725,10,normal,,,D002726,A002726,PF002726
C0002726,64,normal,,,D002727,A002727,PF002727
C0002727,36,normal,,,D002728,A002728,PF002728
C0002728,90,normal,,,D002729,A002729,PF002729
C0002729,55,normal,,,D002730,A002730,PF002730
C0002730,60,normal,,,D002731,A002731,PF002731
C0002731,75,normal,,,D002732,A002732,PF002732
C0002732,24,normal,,,D002733,A002733,PF002733
C0002733,54,adaptive_abuse,,AA_RING0041,D002734,A006147,PF006147
C0002734,77,normal,,,D002735,A002735,PF002735
C0002735,77,normal,,,D002736,A002736,PF002736
C0002736,22,normal,,,D002737,A002737,PF002737
C0002737,83,normal,,,D002738,A002738,PF002738
C0002738,16,normal,,,D002739,A002739,PF002739
C0002739,26,normal,,,D002740,A002740,PF002740
C0002740,85,normal,,,D002741,A002741,PF002741
C0002741,61,normal,,,D002742,A002742,PF002742
C0002742,54,normal,,,D002743,A002743,PF002743
C0002743,55,normal,,,D002744,A002744,PF002744
C0002744,96,normal,,,D002745,A002745,PF002745
C0002745,22,normal,,,D002746,A002746,PF002746
C0002746,29,normal,,,D002747,A002747,PF002747
C0002747,48,normal,,,D002748,A002748,PF002748
C0002748,84,normal,,,D002749,A002749,PF002749
C0002749,54,normal,,,D002750,A002750,PF002750
C0002750,72,normal,,,D002751,A002751,PF002751
C0002751,81,adaptive_abuse,,AA_RING0085,D006191,A006191,PF002752
C0002752,89,adaptive_abuse,,AA_RING0066,D006172,A006172,PF006172
C0002753,46,adaptive_abuse,,AA_RING0053,D006159,A002754,PF006159
C0002754,45,normal,,,D002755,A002755,PF002755
C0002755,8,normal,,,D002756,A002756,PF002756
C0002756,8,normal,,,D002757,A002757,PF002757
C0002757,48,normal,,,D002758,A002758,PF002758
C0002758,74,normal,,,D002759,A002759,PF002759
C0002759,83,normal,,,D002760,A002760,PF002760
C0002760,40,normal,,,D002761,A002761,PF002761
C0002761,57,normal,,,D002762,A002762,PF002762
C0002762,81,normal,,,D002763,A002763,PF002763
C0002763,31,hard_negative,shared_household,HH0027,D002764,A006237,PF002764
C0002764,15,normal,,,D002765,A002765,PF002765
C0002765,92,naive_abuse,,NA_RING0004,D002766,A006004,PF006004
C0002766,54,normal,,,D002767,A002767,PF002767
C0002767,15,normal,,,D002768,A002768,PF002768
C0002768,25,normal,,,D002769,A002769,PF002769
C0002769,32,normal,,,D002770,A002770,PF002770
C0002770,20,normal,,,D002771,A002771,PF002771
C0002771,43,normal,,,D002772,A002772,PF002772
C0002772,81,normal,,,D002773,A002773,PF002773
C0002773,73,normal,,,D002774,A002774,PF002774
C0002774,91,normal,,,D002775,A002775,PF002775
C0002775,83,adaptive_abuse,,AA_RING0074,D006180,A002776,PF006180
C0002776,31,normal,,,D002777,A002777,PF002777
C0002777,5,normal,,,D002778,A002778,PF002778
C0002778,15,normal,,,D002779,A002779,PF002779
C0002779,79,normal,,,D002780,A002780,PF002780
C0002780,34,normal,,,D002781,A002781,PF002781
C0002781,72,normal,,,D002782,A002782,PF002782
C0002782,45,hard_negative,new_merchant_thin_history,,D002783,A002783,PF002783
C0002783,89,normal,,,D002784,A002784,PF002784
C0002784,50,normal,,,D002785,A002785,PF002785
C0002785,90,normal,,,D002786,A002786,PF002786
C0002786,25,adaptive_abuse,,AA_RING0091,D002787,A002787,PF006197
C0002787,77,hard_negative,popular_product_volume,,D002788,A002788,PF002788
C0002788,52,adaptive_abuse,,AA_RING0032,D006138,A002789,PF002789
C0002789,19,normal,,,D002790,A002790,PF002790
C0002790,23,normal,,,D002791,A002791,PF002791
C0002791,31,normal,,,D002792,A002792,PF002792
C0002792,15,adaptive_abuse,,AA_RING0040,D006146,A006146,PF006146
C0002793,93,normal,,,D002794,A002794,PF002794
C0002794,21,normal,,,D002795,A002795,PF002795
C0002795,59,normal,,,D002796,A002796,PF002796
C0002796,57,normal,,,D002797,A002797,PF002797
C0002797,53,normal,,,D002798,A002798,PF002798
C0002798,62,normal,,,D002799,A002799,PF002799
C0002799,91,normal,,,D002800,A002800,PF002800
C0002800,96,naive_abuse,,NA_RING0046,D006046,A006046,PF006046
C0002801,87,normal,,,D002802,A002802,PF002802
C0002802,45,naive_abuse,,NA_RING0054,D006054,A002803,PF006054
C0002803,72,normal,,,D002804,A002804,PF002804
C0002804,18,hard_negative,popular_product_volume,,D002805,A002805,PF002805
C0002805,88,normal,,,D002806,A002806,PF002806
C0002806,19,adaptive_abuse,,AA_RING0027,D006133,A002807,PF006133
C0002807,11,normal,,,D002808,A002808,PF002808
C0002808,82,normal,,,D002809,A002809,PF002809
C0002809,75,normal,,,D002810,A002810,PF002810
C0002810,13,normal,,,D002811,A002811,PF002811
C0002811,96,normal,,,D002812,A002812,PF002812
C0002812,11,hard_negative,promo_spike,,D002813,A002813,PF002813
C0002813,4,adaptive_abuse,,AA_RING0084,D006190,A002814,PF006190
C0002814,95,normal,,,D002815,A002815,PF002815
C0002815,22,normal,,,D002816,A002816,PF002816
C0002816,23,normal,,,D002817,A002817,PF002817
C0002817,79,naive_abuse,,NA_RING0084,D002818,A006084,PF002818
C0002818,60,naive_abuse,,NA_RING0088,D006088,A006088,PF006088
C0002819,52,normal,,,D002820,A002820,PF002820
C0002820,98,adaptive_abuse,,AA_RING0104,D002821,A002821,PF006210
C0002821,8,normal,,,D002822,A002822,PF002822
C0002822,92,naive_abuse,,NA_RING0064,D006064,A002823,PF006064
C0002823,26,adaptive_abuse,,AA_RING0018,D006124,A002824,PF006124
C0002824,62,hard_negative,new_merchant_thin_history,,D002825,A002825,PF002825
C0002825,32,normal,,,D002826,A002826,PF002826
C0002826,29,normal,,,D002827,A002827,PF002827
C0002827,32,normal,,,D002828,A002828,PF002828
C0002828,55,hard_negative,shared_household,HH0014,D002829,A006224,PF002829
C0002829,87,normal,,,D002830,A002830,PF002830
C0002830,11,normal,,,D002831,A002831,PF002831
C0002831,66,adaptive_abuse,,AA_RING0047,D006153,A006153,PF006153
C0002832,86,normal,,,D002833,A002833,PF002833
C0002833,73,normal,,,D002834,A002834,PF002834
C0002834,98,normal,,,D002835,A002835,PF002835
C0002835,1,normal,,,D002836,A002836,PF002836
C0002836,36,normal,,,D002837,A002837,PF002837
C0002837,42,normal,,,D002838,A002838,PF002838
C0002838,53,normal,,,D002839,A002839,PF002839
C0002839,31,normal,,,D002840,A002840,PF002840
C0002840,25,normal,,,D002841,A002841,PF002841
C0002841,85,normal,,,D002842,A002842,PF002842
C0002842,23,normal,,,D002843,A002843,PF002843
C0002843,95,normal,,,D002844,A002844,PF002844
C0002844,3,normal,,,D002845,A002845,PF002845
C0002845,42,hard_negative,popular_product_volume,,D002846,A002846,PF002846
C0002846,60,normal,,,D002847,A002847,PF002847
C0002847,97,normal,,,D002848,A002848,PF002848
C0002848,76,adaptive_abuse,,AA_RING0079,D006185,A002849,PF006185
C0002849,1,normal,,,D002850,A002850,PF002850
C0002850,74,normal,,,D002851,A002851,PF002851
C0002851,32,normal,,,D002852,A002852,PF002852
C0002852,85,normal,,,D002853,A002853,PF002853
C0002853,77,normal,,,D002854,A002854,PF002854
C0002854,19,hard_negative,promo_spike,,D002855,A002855,PF002855
C0002855,36,naive_abuse,,NA_RING0086,D006086,A006086,PF002856
C0002856,82,normal,,,D002857,A002857,PF002857
C0002857,92,normal,,,D002858,A002858,PF002858
C0002858,60,normal,,,D002859,A002859,PF002859
C0002859,21,normal,,,D002860,A002860,PF002860
C0002860,38,normal,,,D002861,A002861,PF002861
C0002861,79,normal,,,D002862,A002862,PF002862
C0002862,59,adaptive_abuse,,AA_RING0078,D006184,A006184,PF006184
C0002863,20,normal,,,D002864,A002864,PF002864
C0002864,28,normal,,,D002865,A002865,PF002865
C0002865,19,normal,,,D002866,A002866,PF002866
C0002866,46,normal,,,D002867,A002867,PF002867
C0002867,44,adaptive_abuse,,AA_RING0016,D006122,A006122,PF002868
C0002868,54,normal,,,D002869,A002869,PF002869
C0002869,94,hard_negative,popular_product_volume,,D002870,A002870,PF002870
C0002870,65,hard_negative,popular_product_volume,,D002871,A002871,PF002871
C0002871,58,adaptive_abuse,,AA_RING0081,D006187,A006187,PF006187
C0002872,36,normal,,,D002873,A002873,PF002873
C0002873,63,normal,,,D002874,A002874,PF002874
C0002874,95,naive_abuse,,NA_RING0056,D002875,A002875,PF006056
C0002875,0,hard_negative,high_return_fashion,,D002876,A002876,PF002876
C0002876,34,normal,,,D002877,A002877,PF002877
C0002877,5,hard_negative,shared_household,HH0043,D006253,A006253,PF002878
C0002878,20,normal,,,D002879,A002879,PF002879
C0002879,6,normal,,,D002880,A002880,PF002880
C0002880,59,naive_abuse,,NA_RING0096,D006096,A006096,PF006096
C0002881,81,normal,,,D002882,A002882,PF002882
C0002882,94,normal,,,D002883,A002883,PF002883
C0002883,23,adaptive_abuse,,AA_RING0055,D006161,A006161,PF002884
C0002884,69,hard_negative,shared_household,HH0029,D002885,A006239,PF002885
C0002885,32,naive_abuse,,NA_RING0064,D006064,A002886,PF002886
C0002886,31,normal,,,D002887,A002887,PF002887
C0002887,60,adaptive_abuse,,AA_RING0013,D002888,A006119,PF002888
C0002888,67,normal,,,D002889,A002889,PF002889
C0002889,58,normal,,,D002890,A002890,PF002890
C0002890,9,normal,,,D002891,A002891,PF002891
C0002891,41,hard_negative,popular_product_volume,,D002892,A002892,PF002892
C0002892,28,adaptive_abuse,,AA_RING0055,D006161,A002893,PF006161
C0002893,0,hard_negative,popular_product_volume,,D002894,A002894,PF002894
C0002894,4,normal,,,D002895,A002895,PF002895
C0002895,44,normal,,,D002896,A002896,PF002896
C0002896,10,normal,,,D002897,A002897,PF002897
C0002897,73,normal,,,D002898,A002898,PF002898
C0002898,5,normal,,,D002899,A002899,PF002899
C0002899,23,normal,,,D002900,A002900,PF002900
C0002900,98,naive_abuse,,NA_RING0019,D006019,A002901,PF006019
C0002901,70,hard_negative,popular_product_volume,,D002902,A002902,PF002902
C0002902,55,hard_negative,popular_product_volume,,D002903,A002903,PF002903
C0002903,1,normal,,,D002904,A002904,PF002904
C0002904,4,normal,,,D002905,A002905,PF002905
C0002905,90,normal,,,D002906,A002906,PF002906
C0002906,79,normal,,,D002907,A002907,PF002907
C0002907,95,normal,,,D002908,A002908,PF002908
C0002908,80,normal,,,D002909,A002909,PF002909
C0002909,0,normal,,,D002910,A002910,PF002910
C0002910,80,normal,,,D002911,A002911,PF002911
C0002911,45,normal,,,D002912,A002912,PF002912
C0002912,69,normal,,,D002913,A002913,PF002913
C0002913,41,normal,,,D002914,A002914,PF002914
C0002914,72,normal,,,D002915,A002915,PF002915
C0002915,84,normal,,,D002916,A002916,PF002916
C0002916,97,normal,,,D002917,A002917,PF002917
C0002917,54,normal,,,D002918,A002918,PF002918
C0002918,27,normal,,,D002919,A002919,PF002919
C0002919,61,adaptive_abuse,,AA_RING0077,D006183,A006183,PF006183
C0002920,49,normal,,,D002921,A002921,PF002921
C0002921,20,normal,,,D002922,A002922,PF002922
C0002922,72,normal,,,D002923,A002923,PF002923
C0002923,7,normal,,,D002924,A002924,PF002924
C0002924,40,normal,,,D002925,A002925,PF002925
C0002925,69,naive_abuse,,NA_RING0078,D006078,A006078,PF002926
C0002926,92,normal,,,D002927,A002927,PF002927
C0002927,62,normal,,,D002928,A002928,PF002928
C0002928,97,normal,,,D002929,A002929,PF002929
C0002929,83,normal,,,D002930,A002930,PF002930
C0002930,23,normal,,,D002931,A002931,PF002931
C0002931,84,normal,,,D002932,A002932,PF002932
C0002932,33,normal,,,D002933,A002933,PF002933
C0002933,63,adaptive_abuse,,AA_RING0056,D006162,A006162,PF002934
C0002934,20,hard_negative,promo_spike,,D002935,A002935,PF002935
C0002935,53,adaptive_abuse,,AA_RING0098,D006204,A006204,PF006204
C0002936,67,normal,,,D002937,A002937,PF002937
C0002937,91,hard_negative,high_return_fashion,,D002938,A002938,PF002938
C0002938,94,normal,,,D002939,A002939,PF002939
C0002939,80,normal,,,D002940,A002940,PF002940
C0002940,55,adaptive_abuse,,AA_RING0060,D006166,A006166,PF006166
C0002941,88,normal,,,D002942,A002942,PF002942
C0002942,10,naive_abuse,,NA_RING0022,D006022,A002943,PF002943
C0002943,99,hard_negative,promo_spike,,D002944,A002944,PF002944
C0002944,20,normal,,,D002945,A002945,PF002945
C0002945,40,normal,,,D002946,A002946,PF002946
C0002946,90,normal,,,D002947,A002947,PF002947
C0002947,71,adaptive_abuse,,AA_RING0002,D006108,A002948,PF006108
C0002948,84,naive_abuse,,NA_RING0061,D006061,A006061,PF006061
C0002949,68,normal,,,D002950,A002950,PF002950
C0002950,60,normal,,,D002951,A002951,PF002951
C0002951,17,normal,,,D002952,A002952,PF002952
C0002952,99,normal,,,D002953,A002953,PF002953
C0002953,63,normal,,,D002954,A002954,PF002954
C0002954,66,hard_negative,new_merchant_thin_history,,D002955,A002955,PF002955
C0002955,42,normal,,,D002956,A002956,PF002956
C0002956,95,naive_abuse,,NA_RING0052,D006052,A002957,PF002957
C0002957,45,normal,,,D002958,A002958,PF002958
C0002958,19,normal,,,D002959,A002959,PF002959
C0002959,18,normal,,,D002960,A002960,PF002960
C0002960,69,naive_abuse,,NA_RING0047,D006047,A002961,PF002961
C0002961,74,normal,,,D002962,A002962,PF002962
C0002962,20,normal,,,D002963,A002963,PF002963
C0002963,69,normal,,,D002964,A002964,PF002964
C0002964,99,naive_abuse,,NA_RING0004,D002965,A006004,PF006004
C0002965,53,normal,,,D002966,A002966,PF002966
C0002966,97,normal,,,D002967,A002967,PF002967
C0002967,15,hard_negative,promo_spike,,D002968,A002968,PF002968
C0002968,40,hard_negative,new_merchant_thin_history,,D002969,A002969,PF002969
C0002969,55,normal,,,D002970,A002970,PF002970
C0002970,35,normal,,,D002971,A002971,PF002971
C0002971,10,normal,,,D002972,A002972,PF002972
C0002972,45,normal,,,D002973,A002973,PF002973
C0002973,33,normal,,,D002974,A002974,PF002974
C0002974,20,normal,,,D002975,A002975,PF002975
C0002975,37,normal,,,D002976,A002976,PF002976
C0002976,41,normal,,,D002977,A002977,PF002977
C0002977,88,normal,,,D002978,A002978,PF002978
C0002978,49,normal,,,D002979,A002979,PF002979
C0002979,41,normal,,,D002980,A002980,PF002980
C0002980,38,normal,,,D002981,A002981,PF002981
C0002981,59,adaptive_abuse,,AA_RING0045,D002982,A002982,PF006151
C0002982,27,normal,,,D002983,A002983,PF002983
C0002983,87,normal,,,D002984,A002984,PF002984
C0002984,41,normal,,,D002985,A002985,PF002985
C0002985,42,normal,,,D002986,A002986,PF002986
C0002986,6,normal,,,D002987,A002987,PF002987
C0002987,88,normal,,,D002988,A002988,PF002988
C0002988,47,naive_abuse,,NA_RING0007,D002989,A006007,PF002989
C0002989,13,normal,,,D002990,A002990,PF002990
C0002990,17,normal,,,D002991,A002991,PF002991
C0002991,36,normal,,,D002992,A002992,PF002992
C0002992,78,normal,,,D002993,A002993,PF002993
C0002993,9,adaptive_abuse,,AA_RING0076,D006182,A006182,PF002994
C0002994,12,normal,,,D002995,A002995,PF002995
C0002995,56,hard_negative,new_merchant_thin_history,,D002996,A002996,PF002996
C0002996,49,hard_negative,shared_household,HH0012,D002997,A006222,PF002997
C0002997,95,normal,,,D002998,A002998,PF002998
C0002998,75,normal,,,D002999,A002999,PF002999
C0002999,65,normal,,,D003000,A003000,PF003000
C0003000,33,naive_abuse,,NA_RING0099,D003001,A006099,PF006099
C0003001,62,normal,,,D003002,A003002,PF003002
C0003002,58,normal,,,D003003,A003003,PF003003
C0003003,27,hard_negative,popular_product_volume,,D003004,A003004,PF003004
C0003004,37,naive_abuse,,NA_RING0090,D006090,A003005,PF003005
C0003005,93,normal,,,D003006,A003006,PF003006
C0003006,53,normal,,,D003007,A003007,PF003007
C0003007,47,hard_negative,promo_spike,,D003008,A003008,PF003008
C0003008,79,normal,,,D003009,A003009,PF003009
C0003009,26,naive_abuse,,NA_RING0055,D006055,A006055,PF003010
C0003010,21,normal,,,D003011,A003011,PF003011
C0003011,98,normal,,,D003012,A003012,PF003012
C0003012,80,naive_abuse,,NA_RING0062,D003013,A006062,PF003013
C0003013,42,normal,,,D003014,A003014,PF003014
C0003014,94,normal,,,D003015,A003015,PF003015
C0003015,37,normal,,,D003016,A003016,PF003016
C0003016,67,normal,,,D003017,A003017,PF003017
C0003017,3,naive_abuse,,NA_RING0080,D006080,A006080,PF006080
C0003018,69,normal,,,D003019,A003019,PF003019
C0003019,17,normal,,,D003020,A003020,PF003020
C0003020,24,normal,,,D003021,A003021,PF003021
C0003021,80,adaptive_abuse,,AA_RING0062,D006168,A006168,PF003022
C0003022,20,normal,,,D003023,A003023,PF003023
C0003023,48,adaptive_abuse,,AA_RING0041,D006147,A006147,PF006147
C0003024,92,naive_abuse,,NA_RING0008,D006008,A006008,PF003025
C0003025,95,normal,,,D003026,A003026,PF003026
C0003026,44,naive_abuse,,NA_RING0011,D006011,A003027,PF006011
C0003027,8,normal,,,D003028,A003028,PF003028
C0003028,28,normal,,,D003029,A003029,PF003029
C0003029,61,normal,,,D003030,A003030,PF003030
C0003030,33,naive_abuse,,NA_RING0020,D003031,A003031,PF003031
C0003031,71,hard_negative,shared_household,HH0042,D006252,A006252,PF003032
C0003032,99,hard_negative,high_return_fashion,,D003033,A003033,PF003033
C0003033,62,adaptive_abuse,,AA_RING0081,D006187,A006187,PF003034
C0003034,62,normal,,,D003035,A003035,PF003035
C0003035,52,naive_abuse,,NA_RING0106,D003036,A006106,PF006106
C0003036,18,naive_abuse,,NA_RING0066,D003037,A003037,PF006066
C0003037,57,normal,,,D003038,A003038,PF003038
C0003038,93,normal,,,D003039,A003039,PF003039
C0003039,68,normal,,,D003040,A003040,PF003040
C0003040,75,naive_abuse,,NA_RING0073,D003041,A003041,PF006073
C0003041,86,normal,,,D003042,A003042,PF003042
C0003042,38,hard_negative,high_return_fashion,,D003043,A003043,PF003043
C0003043,33,normal,,,D003044,A003044,PF003044
C0003044,96,normal,,,D003045,A003045,PF003045
C0003045,45,normal,,,D003046,A003046,PF003046
C0003046,73,normal,,,D003047,A003047,PF003047
C0003047,63,naive_abuse,,NA_RING0048,D006048,A006048,PF006048
C0003048,12,normal,,,D003049,A003049,PF003049
C0003049,31,adaptive_abuse,,AA_RING0084,D003050,A006190,PF006190
C0003050,32,normal,,,D003051,A003051,PF003051
C0003051,17,adaptive_abuse,,AA_RING0063,D003052,A006169,PF006169
C0003052,77,normal,,,D003053,A003053,PF003053
C0003053,96,normal,,,D003054,A003054,PF003054
C0003054,96,normal,,,D003055,A003055,PF003055
C0003055,19,normal,,,D003056,A003056,PF003056
C0003056,44,normal,,,D003057,A003057,PF003057
C0003057,23,naive_abuse,,NA_RING0001,D006001,A003058,PF006001
C0003058,6,normal,,,D003059,A003059,PF003059
C0003059,61,normal,,,D003060,A003060,PF003060
C0003060,85,normal,,,D003061,A003061,PF003061
C0003061,7,normal,,,D003062,A003062,PF003062
C0003062,64,normal,,,D003063,A003063,PF003063
C0003063,3,normal,,,D003064,A003064,PF003064
C0003064,84,hard_negative,high_return_fashion,,D003065,A003065,PF003065
C0003065,6,adaptive_abuse,,AA_RING0042,D003066,A006148,PF003066
C0003066,43,normal,,,D003067,A003067,PF003067
C0003067,12,normal,,,D003068,A003068,PF003068
C0003068,41,normal,,,D003069,A003069,PF003069
C0003069,42,normal,,,D003070,A003070,PF003070
C0003070,53,normal,,,D003071,A003071,PF003071
C0003071,82,adaptive_abuse,,AA_RING0057,D006163,A003072,PF003072
C0003072,99,normal,,,D003073,A003073,PF003073
C0003073,34,normal,,,D003074,A003074,PF003074
C0003074,92,hard_negative,promo_spike,,D003075,A003075,PF003075
C0003075,42,normal,,,D003076,A003076,PF003076
C0003076,11,naive_abuse,,NA_RING0068,D003077,A003077,PF006068
C0003077,60,normal,,,D003078,A003078,PF003078
C0003078,72,normal,,,D003079,A003079,PF003079
C0003079,30,adaptive_abuse,,AA_RING0037,D003080,A006143,PF006143
C0003080,58,hard_negative,high_return_fashion,,D003081,A003081,PF003081
C0003081,43,naive_abuse,,NA_RING0055,D006055,A003082,PF006055
C0003082,14,normal,,,D003083,A003083,PF003083
C0003083,38,naive_abuse,,NA_RING0001,D003084,A006001,PF003084
C0003084,42,normal,,,D003085,A003085,PF003085
C0003085,34,normal,,,D003086,A003086,PF003086
C0003086,91,normal,,,D003087,A003087,PF003087
C0003087,38,normal,,,D003088,A003088,PF003088
C0003088,62,normal,,,D003089,A003089,PF003089
C0003089,1,normal,,,D003090,A003090,PF003090
C0003090,31,hard_negative,shared_household,HH0017,D003091,A006227,PF006227
C0003091,88,naive_abuse,,NA_RING0048,D003092,A003092,PF003092
C0003092,89,adaptive_abuse,,AA_RING0015,D003093,A003093,PF006121
C0003093,97,normal,,,D003094,A003094,PF003094
C0003094,5,adaptive_abuse,,AA_RING0080,D006186,A006186,PF006186
C0003095,86,normal,,,D003096,A003096,PF003096
C0003096,26,normal,,,D003097,A003097,PF003097
C0003097,0,naive_abuse,,NA_RING0019,D006019,A003098,PF006019
C0003098,9,normal,,,D003099,A003099,PF003099
C0003099,75,normal,,,D003100,A003100,PF003100
C0003100,59,normal,,,D003101,A003101,PF003101
C0003101,57,normal,,,D003102,A003102,PF003102
C0003102,88,naive_abuse,,NA_RING0046,D003103,A006046,PF003103
C0003103,9,normal,,,D003104,A003104,PF003104
C0003104,8,normal,,,D003105,A003105,PF003105
C0003105,93,normal,,,D003106,A003106,PF003106
C0003106,60,normal,,,D003107,A003107,PF003107
C0003107,77,hard_negative,promo_spike,,D003108,A003108,PF003108
C0003108,52,adaptive_abuse,,AA_RING0061,D006167,A003109,PF006167
C0003109,14,hard_negative,shared_household,HH0038,D003110,A006248,PF003110
C0003110,52,naive_abuse,,NA_RING0027,D006027,A003111,PF006027
C0003111,96,normal,,,D003112,A003112,PF003112
C0003112,11,naive_abuse,,NA_RING0085,D006085,A003113,PF003113
C0003113,12,normal,,,D003114,A003114,PF003114
C0003114,34,normal,,,D003115,A003115,PF003115
C0003115,45,normal,,,D003116,A003116,PF003116
C0003116,62,normal,,,D003117,A003117,PF003117
C0003117,15,naive_abuse,,NA_RING0104,D006104,A003118,PF006104
C0003118,93,normal,,,D003119,A003119,PF003119
C0003119,15,adaptive_abuse,,AA_RING0092,D006198,A003120,PF006198
C0003120,20,normal,,,D003121,A003121,PF003121
C0003121,96,normal,,,D003122,A003122,PF003122
C0003122,37,hard_negative,new_merchant_thin_history,,D003123,A003123,PF003123
C0003123,57,normal,,,D003124,A003124,PF003124
C0003124,43,normal,,,D003125,A003125,PF003125
C0003125,25,normal,,,D003126,A003126,PF003126
C0003126,50,adaptive_abuse,,AA_RING0008,D003127,A003127,PF006114
C0003127,77,hard_negative,shared_household,HH0045,D006255,A006255,PF006255
C0003128,1,normal,,,D003129,A003129,PF003129
C0003129,87,normal,,,D003130,A003130,PF003130
C0003130,18,normal,,,D003131,A003131,PF003131
C0003131,91,normal,,,D003132,A003132,PF003132
C0003132,96,normal,,,D003133,A003133,PF003133
C0003133,93,normal,,,D003134,A003134,PF003134
C0003134,65,normal,,,D003135,A003135,PF003135
C0003135,90,normal,,,D003136,A003136,PF003136
C0003136,85,normal,,,D003137,A003137,PF003137
C0003137,63,normal,,,D003138,A003138,PF003138
C0003138,89,normal,,,D003139,A003139,PF003139
C0003139,34,hard_negative,high_return_fashion,,D003140,A003140,PF003140
C0003140,83,normal,,,D003141,A003141,PF003141
C0003141,92,naive_abuse,,NA_RING0102,D003142,A003142,PF006102
C0003142,63,normal,,,D003143,A003143,PF003143
C0003143,12,normal,,,D003144,A003144,PF003144
C0003144,21,normal,,,D003145,A003145,PF003145
C0003145,16,normal,,,D003146,A003146,PF003146
C0003146,53,normal,,,D003147,A003147,PF003147
C0003147,43,naive_abuse,,NA_RING0002,D006002,A006002,PF006002
C0003148,82,adaptive_abuse,,AA_RING0006,D006112,A006112,PF006112
C0003149,28,normal,,,D003150,A003150,PF003150
C0003150,16,normal,,,D003151,A003151,PF003151
C0003151,61,hard_negative,new_merchant_thin_history,,D003152,A003152,PF003152
C0003152,13,normal,,,D003153,A003153,PF003153
C0003153,90,normal,,,D003154,A003154,PF003154
C0003154,8,hard_negative,popular_product_volume,,D003155,A003155,PF003155
C0003155,49,normal,,,D003156,A003156,PF003156
C0003156,94,normal,,,D003157,A003157,PF003157
C0003157,55,normal,,,D003158,A003158,PF003158
C0003158,80,normal,,,D003159,A003159,PF003159
C0003159,42,normal,,,D003160,A003160,PF003160
C0003160,75,hard_negative,promo_spike,,D003161,A003161,PF003161
C0003161,70,normal,,,D003162,A003162,PF003162
C0003162,51,hard_negative,popular_product_volume,,D003163,A003163,PF003163
C0003163,10,hard_negative,high_return_fashion,,D003164,A003164,PF003164
C0003164,97,hard_negative,popular_product_volume,,D003165,A003165,PF003165
C0003165,4,normal,,,D003166,A003166,PF003166
C0003166,35,normal,,,D003167,A003167,PF003167
C0003167,64,normal,,,D003168,A003168,PF003168
C0003168,76,normal,,,D003169,A003169,PF003169
C0003169,53,adaptive_abuse,,AA_RING0077,D006183,A003170,PF006183
C0003170,40,normal,,,D003171,A003171,PF003171
C0003171,40,naive_abuse,,NA_RING0011,D006011,A003172,PF006011
C0003172,97,normal,,,D003173,A003173,PF003173
C0003173,33,normal,,,D003174,A003174,PF003174
C0003174,85,normal,,,D003175,A003175,PF003175
C0003175,5,hard_negative,high_return_fashion,,D003176,A003176,PF003176
C0003176,65,normal,,,D003177,A003177,PF003177
C0003177,68,normal,,,D003178,A003178,PF003178
C0003178,67,hard_negative,shared_household,HH0011,D006221,A006221,PF003179
C0003179,42,normal,,,D003180,A003180,PF003180
C0003180,69,normal,,,D003181,A003181,PF003181
C0003181,44,normal,,,D003182,A003182,PF003182
C0003182,59,normal,,,D003183,A003183,PF003183
C0003183,89,normal,,,D003184,A003184,PF003184
C0003184,67,normal,,,D003185,A003185,PF003185
C0003185,73,normal,,,D003186,A003186,PF003186
C0003186,96,normal,,,D003187,A003187,PF003187
C0003187,21,normal,,,D003188,A003188,PF003188
C0003188,58,normal,,,D003189,A003189,PF003189
C0003189,65,normal,,,D003190,A003190,PF003190
C0003190,69,normal,,,D003191,A003191,PF003191
C0003191,13,normal,,,D003192,A003192,PF003192
C0003192,76,normal,,,D003193,A003193,PF003193
C0003193,19,normal,,,D003194,A003194,PF003194
C0003194,40,adaptive_abuse,,AA_RING0016,D006122,A006122,PF006122
C0003195,71,naive_abuse,,NA_RING0046,D006046,A006046,PF006046
C0003196,26,normal,,,D003197,A003197,PF003197
C0003197,12,normal,,,D003198,A003198,PF003198
C0003198,67,normal,,,D003199,A003199,PF003199
C0003199,28,naive_abuse,,NA_RING0046,D003200,A006046,PF003200
C0003200,82,normal,,,D003201,A003201,PF003201
C0003201,89,normal,,,D003202,A003202,PF003202
C0003202,34,normal,,,D003203,A003203,PF003203
C0003203,73,normal,,,D003204,A003204,PF003204
C0003204,22,normal,,,D003205,A003205,PF003205
C0003205,92,naive_abuse,,NA_RING0006,D006006,A003206,PF006006
C0003206,24,adaptive_abuse,,AA_RING0035,D006141,A006141,PF003207
C0003207,88,normal,,,D003208,A003208,PF003208
C0003208,78,normal,,,D003209,A003209,PF003209
C0003209,31,normal,,,D003210,A003210,PF003210
C0003210,82,normal,,,D003211,A003211,PF003211
C0003211,63,normal,,,D003212,A003212,PF003212
C0003212,66,normal,,,D003213,A003213,PF003213
C0003213,37,naive_abuse,,NA_RING0045,D003214,A003214,PF003214
C0003214,23,adaptive_abuse,,AA_RING0036,D003215,A006142,PF003215
C0003215,69,normal,,,D003216,A003216,PF003216
C0003216,5,normal,,,D003217,A003217,PF003217
C0003217,34,normal,,,D003218,A003218,PF003218
C0003218,14,normal,,,D003219,A003219,PF003219
C0003219,0,normal,,,D003220,A003220,PF003220
C0003220,0,normal,,,D003221,A003221,PF003221
C0003221,9,normal,,,D003222,A003222,PF003222
C0003222,93,naive_abuse,,NA_RING0047,D003223,A003223,PF006047
C0003223,77,normal,,,D003224,A003224,PF003224
C0003224,98,normal,,,D003225,A003225,PF003225
C0003225,8,normal,,,D003226,A003226,PF003226
C0003226,99,adaptive_abuse,,AA_RING0082,D006188,A003227,PF006188
C0003227,59,normal,,,D003228,A003228,PF003228
C0003228,79,normal,,,D003229,A003229,PF003229
C0003229,85,normal,,,D003230,A003230,PF003230
C0003230,26,normal,,,D003231,A003231,PF003231
C0003231,74,adaptive_abuse,,AA_RING0020,D006126,A006126,PF006126
C0003232,64,normal,,,D003233,A003233,PF003233
C0003233,41,adaptive_abuse,,AA_RING0076,D003234,A003234,PF006182
C0003234,49,normal,,,D003235,A003235,PF003235
C0003235,20,normal,,,D003236,A003236,PF003236
C0003236,18,normal,,,D003237,A003237,PF003237
C0003237,92,normal,,,D003238,A003238,PF003238
C0003238,73,normal,,,D003239,A003239,PF003239
C0003239,56,normal,,,D003240,A003240,PF003240
C0003240,69,normal,,,D003241,A003241,PF003241
C0003241,40,naive_abuse,,NA_RING0048,D006048,A003242,PF006048
C0003242,24,adaptive_abuse,,AA_RING0060,D006166,A003243,PF003243
C0003243,94,normal,,,D003244,A003244,PF003244
C0003244,98,normal,,,D003245,A003245,PF003245
C0003245,21,hard_negative,high_return_fashion,,D003246,A003246,PF003246
C0003246,80,normal,,,D003247,A003247,PF003247
C0003247,44,naive_abuse,,NA_RING0048,D006048,A003248,PF006048
C0003248,70,normal,,,D003249,A003249,PF003249
C0003249,10,hard_negative,popular_product_volume,,D003250,A003250,PF003250
C0003250,47,normal,,,D003251,A003251,PF003251
C0003251,12,normal,,,D003252,A003252,PF003252
C0003252,81,normal,,,D003253,A003253,PF003253
C0003253,39,normal,,,D003254,A003254,PF003254
C0003254,26,naive_abuse,,NA_RING0066,D003255,A003255,PF006066
C0003255,69,adaptive_abuse,,AA_RING0017,D006123,A003256,PF006123
C0003256,95,normal,,,D003257,A003257,PF003257
C0003257,33,normal,,,D003258,A003258,PF003258
C0003258,71,normal,,,D003259,A003259,PF003259
C0003259,68,normal,,,D003260,A003260,PF003260
C0003260,48,normal,,,D003261,A003261,PF003261
C0003261,80,naive_abuse,,NA_RING0032,D003262,A003262,PF003262
C0003262,12,hard_negative,high_return_fashion,,D003263,A003263,PF003263
C0003263,87,normal,,,D003264,A003264,PF003264
C0003264,40,normal,,,D003265,A003265,PF003265
C0003265,4,normal,,,D003266,A003266,PF003266
C0003266,98,normal,,,D003267,A003267,PF003267
C0003267,77,normal,,,D003268,A003268,PF003268
C0003268,81,normal,,,D003269,A003269,PF003269
C0003269,14,normal,,,D003270,A003270,PF003270
C0003270,75,normal,,,D003271,A003271,PF003271
C0003271,69,hard_negative,shared_household,HH0010,D003272,A006220,PF006220
C0003272,90,normal,,,D003273,A003273,PF003273
C0003273,37,normal,,,D003274,A003274,PF003274
C0003274,92,normal,,,D003275,A003275,PF003275
C0003275,70,naive_abuse,,NA_RING0027,D006027,A003276,PF003276
C0003276,25,normal,,,D003277,A003277,PF003277
C0003277,21,normal,,,D003278,A003278,PF003278
C0003278,90,normal,,,D003279,A003279,PF003279
C0003279,64,normal,,,D003280,A003280,PF003280
C0003280,11,normal,,,D003281,A003281,PF003281
C0003281,12,hard_negative,high_return_fashion,,D003282,A003282,PF003282
C0003282,82,normal,,,D003283,A003283,PF003283
C0003283,16,normal,,,D003284,A003284,PF003284
C0003284,21,normal,,,D003285,A003285,PF003285
C0003285,61,hard_negative,popular_product_volume,,D003286,A003286,PF003286
C0003286,86,naive_abuse,,NA_RING0079,D003287,A006079,PF003287
C0003287,33,hard_negative,shared_household,HH0015,D003288,A006225,PF003288
C0003288,66,normal,,,D003289,A003289,PF003289
C0003289,70,hard_negative,promo_spike,,D003290,A003290,PF003290
C0003290,60,normal,,,D003291,A003291,PF003291
C0003291,68,normal,,,D003292,A003292,PF003292
C0003292,22,normal,,,D003293,A003293,PF003293
C0003293,62,hard_negative,shared_household,HH0025,D006235,A006235,PF003294
C0003294,0,normal,,,D003295,A003295,PF003295
C0003295,73,normal,,,D003296,A003296,PF003296
C0003296,79,normal,,,D003297,A003297,PF003297
C0003297,79,normal,,,D003298,A003298,PF003298
C0003298,2,normal,,,D003299,A003299,PF003299
C0003299,91,normal,,,D003300,A003300,PF003300
C0003300,43,naive_abuse,,NA_RING0022,D006022,A003301,PF006022
C0003301,8,normal,,,D003302,A003302,PF003302
C0003302,53,normal,,,D003303,A003303,PF003303
C0003303,57,normal,,,D003304,A003304,PF003304
C0003304,40,normal,,,D003305,A003305,PF003305
C0003305,74,adaptive_abuse,,AA_RING0052,D006158,A003306,PF006158
C0003306,54,normal,,,D003307,A003307,PF003307
C0003307,21,normal,,,D003308,A003308,PF003308
C0003308,62,normal,,,D003309,A003309,PF003309
C0003309,26,adaptive_abuse,,AA_RING0098,D006204,A003310,PF003310
C0003310,11,normal,,,D003311,A003311,PF003311
C0003311,26,hard_negative,popular_product_volume,,D003312,A003312,PF003312
C0003312,90,normal,,,D003313,A003313,PF003313
C0003313,57,normal,,,D003314,A003314,PF003314
C0003314,31,normal,,,D003315,A003315,PF003315
C0003315,36,normal,,,D003316,A003316,PF003316
C0003316,85,normal,,,D003317,A003317,PF003317
C0003317,66,normal,,,D003318,A003318,PF003318
C0003318,77,hard_negative,high_return_fashion,,D003319,A003319,PF003319
C0003319,61,hard_negative,new_merchant_thin_history,,D003320,A003320,PF003320
C0003320,99,hard_negative,shared_household,HH0005,D006215,A006215,PF003321
C0003321,65,normal,,,D003322,A003322,PF003322
C0003322,40,hard_negative,high_return_fashion,,D003323,A003323,PF003323
C0003323,25,adaptive_abuse,,AA_RING0032,D006138,A003324,PF003324
C0003324,4,normal,,,D003325,A003325,PF003325
C0003325,76,normal,,,D003326,A003326,PF003326
C0003326,93,naive_abuse,,NA_RING0070,D006070,A003327,PF006070
C0003327,66,normal,,,D003328,A003328,PF003328
C0003328,48,normal,,,D003329,A003329,PF003329
C0003329,13,hard_negative,high_return_fashion,,D003330,A003330,PF003330
C0003330,64,normal,,,D003331,A003331,PF003331
C0003331,20,normal,,,D003332,A003332,PF003332
C0003332,62,normal,,,D003333,A003333,PF003333
C0003333,30,normal,,,D003334,A003334,PF003334
C0003334,86,naive_abuse,,NA_RING0085,D003335,A006085,PF006085
C0003335,93,normal,,,D003336,A003336,PF003336
C0003336,23,normal,,,D003337,A003337,PF003337
C0003337,32,naive_abuse,,NA_RING0023,D006023,A003338,PF006023
C0003338,92,normal,,,D003339,A003339,PF003339
C0003339,1,naive_abuse,,NA_RING0017,D006017,A003340,PF006017
C0003340,51,normal,,,D003341,A003341,PF003341
C0003341,14,normal,,,D003342,A003342,PF003342
C0003342,43,normal,,,D003343,A003343,PF003343
C0003343,3,normal,,,D003344,A003344,PF003344
C0003344,14,hard_negative,high_return_fashion,,D003345,A003345,PF003345
C0003345,40,naive_abuse,,NA_RING0092,D006092,A006092,PF003346
C0003346,6,adaptive_abuse,,AA_RING0083,D003347,A006189,PF006189
C0003347,79,normal,,,D003348,A003348,PF003348
C0003348,57,hard_negative,shared_household,HH0043,D003349,A006253,PF003349
C0003349,45,normal,,,D003350,A003350,PF003350
C0003350,47,adaptive_abuse,,AA_RING0077,D006183,A003351,PF003351
C0003351,83,normal,,,D003352,A003352,PF003352
C0003352,84,naive_abuse,,NA_RING0076,D006076,A006076,PF006076
C0003353,4,normal,,,D003354,A003354,PF003354
C0003354,68,normal,,,D003355,A003355,PF003355
C0003355,46,hard_negative,shared_household,HH0001,D003356,A006211,PF003356
C0003356,78,normal,,,D003357,A003357,PF003357
C0003357,78,normal,,,D003358,A003358,PF003358
C0003358,70,adaptive_abuse,,AA_RING0066,D006172,A003359,PF006172
C0003359,67,normal,,,D003360,A003360,PF003360
C0003360,21,normal,,,D003361,A003361,PF003361
C0003361,85,normal,,,D003362,A003362,PF003362
C0003362,70,normal,,,D003363,A003363,PF003363
C0003363,27,normal,,,D003364,A003364,PF003364
C0003364,23,adaptive_abuse,,AA_RING0016,D006122,A006122,PF006122
C0003365,50,adaptive_abuse,,AA_RING0021,D006127,A006127,PF003366
C0003366,34,normal,,,D003367,A003367,PF003367
C0003367,67,normal,,,D003368,A003368,PF003368
C0003368,40,normal,,,D003369,A003369,PF003369
C0003369,16,naive_abuse,,NA_RING0048,D006048,A003370,PF006048
C0003370,39,normal,,,D003371,A003371,PF003371
C0003371,81,normal,,,D003372,A003372,PF003372
C0003372,83,adaptive_abuse,,AA_RING0039,D003373,A006145,PF006145
C0003373,31,naive_abuse,,NA_RING0093,D003374,A006093,PF003374
C0003374,79,normal,,,D003375,A003375,PF003375
C0003375,9,normal,,,D003376,A003376,PF003376
C0003376,98,normal,,,D003377,A003377,PF003377
C0003377,76,normal,,,D003378,A003378,PF003378
C0003378,4,normal,,,D003379,A003379,PF003379
C0003379,70,normal,,,D003380,A003380,PF003380
C0003380,49,normal,,,D003381,A003381,PF003381
C0003381,88,normal,,,D003382,A003382,PF003382
C0003382,23,normal,,,D003383,A003383,PF003383
C0003383,89,normal,,,D003384,A003384,PF003384
C0003384,87,adaptive_abuse,,AA_RING0081,D006187,A006187,PF006187
C0003385,27,normal,,,D003386,A003386,PF003386
C0003386,43,naive_abuse,,NA_RING0079,D006079,A003387,PF003387
C0003387,64,normal,,,D003388,A003388,PF003388
C0003388,24,normal,,,D003389,A003389,PF003389
C0003389,99,naive_abuse,,NA_RING0013,D003390,A006013,PF006013
C0003390,19,normal,,,D003391,A003391,PF003391
C0003391,24,normal,,,D003392,A003392,PF003392
C0003392,50,normal,,,D003393,A003393,PF003393
C0003393,47,normal,,,D003394,A003394,PF003394
C0003394,5,normal,,,D003395,A003395,PF003395
C0003395,91,normal,,,D003396,A003396,PF003396
C0003396,24,normal,,,D003397,A003397,PF003397
C0003397,10,normal,,,D003398,A003398,PF003398
C0003398,51,normal,,,D003399,A003399,PF003399
C0003399,92,normal,,,D003400,A003400,PF003400
C0003400,0,normal,,,D003401,A003401,PF003401
C0003401,48,normal,,,D003402,A003402,PF003402
C0003402,91,normal,,,D003403,A003403,PF003403
C0003403,89,normal,,,D003404,A003404,PF003404
C0003404,17,normal,,,D003405,A003405,PF003405
C0003405,62,normal,,,D003406,A003406,PF003406
C0003406,83,normal,,,D003407,A003407,PF003407
C0003407,67,normal,,,D003408,A003408,PF003408
C0003408,65,adaptive_abuse,,AA_RING0021,D003409,A003409,PF003409
C0003409,77,adaptive_abuse,,AA_RING0056,D006162,A006162,PF006162
C0003410,45,normal,,,D003411,A003411,PF003411
C0003411,6,normal,,,D003412,A003412,PF003412
C0003412,63,normal,,,D003413,A003413,PF003413
C0003413,62,naive_abuse,,NA_RING0023,D006023,A003414,PF006023
C0003414,85,naive_abuse,,NA_RING0104,D006104,A006104,PF003415
C0003415,92,normal,,,D003416,A003416,PF003416
C0003416,33,normal,,,D003417,A003417,PF003417
C0003417,95,normal,,,D003418,A003418,PF003418
C0003418,0,naive_abuse,,NA_RING0031,D003419,A003419,PF006031
C0003419,96,naive_abuse,,NA_RING0010,D006010,A006010,PF006010
C0003420,13,normal,,,D003421,A003421,PF003421
C0003421,64,normal,,,D003422,A003422,PF003422
C0003422,68,normal,,,D003423,A003423,PF003423
C0003423,63,normal,,,D003424,A003424,PF003424
C0003424,99,adaptive_abuse,,AA_RING0055,D003425,A006161,PF006161
C0003425,55,normal,,,D003426,A003426,PF003426
C0003426,13,normal,,,D003427,A003427,PF003427
C0003427,60,normal,,,D003428,A003428,PF003428
C0003428,29,normal,,,D003429,A003429,PF003429
C0003429,61,naive_abuse,,NA_RING0098,D006098,A006098,PF003430
C0003430,38,normal,,,D003431,A003431,PF003431
C0003431,4,naive_abuse,,NA_RING0035,D006035,A006035,PF006035
C0003432,63,normal,,,D003433,A003433,PF003433
C0003433,8,normal,,,D003434,A003434,PF003434
C0003434,32,normal,,,D003435,A003435,PF003435
C0003435,61,normal,,,D003436,A003436,PF003436
C0003436,88,normal,,,D003437,A003437,PF003437
C0003437,31,normal,,,D003438,A003438,PF003438
C0003438,29,normal,,,D003439,A003439,PF003439
C0003439,30,normal,,,D003440,A003440,PF003440
C0003440,57,normal,,,D003441,A003441,PF003441
C0003441,19,normal,,,D003442,A003442,PF003442
C0003442,52,naive_abuse,,NA_RING0101,D006101,A003443,PF006101
C0003443,80,adaptive_abuse,,AA_RING0056,D006162,A006162,PF003444
C0003444,8,normal,,,D003445,A003445,PF003445
C0003445,96,hard_negative,new_merchant_thin_history,,D003446,A003446,PF003446
C0003446,53,hard_negative,promo_spike,,D003447,A003447,PF003447
C0003447,62,adaptive_abuse,,AA_RING0022,D003448,A003448,PF003448
C0003448,61,normal,,,D003449,A003449,PF003449
C0003449,94,normal,,,D003450,A003450,PF003450
C0003450,66,normal,,,D003451,A003451,PF003451
C0003451,88,naive_abuse,,NA_RING0033,D003452,A003452,PF006033
C0003452,28,hard_negative,high_return_fashion,,D003453,A003453,PF003453
C0003453,21,normal,,,D003454,A003454,PF003454
C0003454,64,normal,,,D003455,A003455,PF003455
C0003455,15,hard_negative,shared_household,HH0003,D003456,A006213,PF003456
C0003456,11,naive_abuse,,NA_RING0039,D003457,A006039,PF003457
C0003457,21,normal,,,D003458,A003458,PF003458
C0003458,27,normal,,,D003459,A003459,PF003459
C0003459,9,normal,,,D003460,A003460,PF003460
C0003460,72,normal,,,D003461,A003461,PF003461
C0003461,58,normal,,,D003462,A003462,PF003462
C0003462,20,hard_negative,high_return_fashion,,D003463,A003463,PF003463
C0003463,28,adaptive_abuse,,AA_RING0032,D006138,A006138,PF003464
C0003464,92,normal,,,D003465,A003465,PF003465
C0003465,91,normal,,,D003466,A003466,PF003466
C0003466,12,normal,,,D003467,A003467,PF003467
C0003467,61,normal,,,D003468,A003468,PF003468
C0003468,32,normal,,,D003469,A003469,PF003469
C0003469,35,normal,,,D003470,A003470,PF003470
C0003470,59,normal,,,D003471,A003471,PF003471
C0003471,98,normal,,,D003472,A003472,PF003472
C0003472,58,normal,,,D003473,A003473,PF003473
C0003473,95,hard_negative,high_return_fashion,,D003474,A003474,PF003474
C0003474,82,normal,,,D003475,A003475,PF003475
C0003475,77,normal,,,D003476,A003476,PF003476
C0003476,79,adaptive_abuse,,AA_RING0085,D006191,A006191,PF003477
C0003477,79,normal,,,D003478,A003478,PF003478
C0003478,25,normal,,,D003479,A003479,PF003479
C0003479,97,normal,,,D003480,A003480,PF003480
C0003480,91,normal,,,D003481,A003481,PF003481
C0003481,60,normal,,,D003482,A003482,PF003482
C0003482,71,normal,,,D003483,A003483,PF003483
C0003483,88,normal,,,D003484,A003484,PF003484
C0003484,15,normal,,,D003485,A003485,PF003485
C0003485,6,normal,,,D003486,A003486,PF003486
C0003486,99,normal,,,D003487,A003487,PF003487
C0003487,55,normal,,,D003488,A003488,PF003488
C0003488,72,normal,,,D003489,A003489,PF003489
C0003489,50,naive_abuse,,NA_RING0042,D006042,A003490,PF003490
C0003490,51,normal,,,D003491,A003491,PF003491
C0003491,3,normal,,,D003492,A003492,PF003492
C0003492,28,normal,,,D003493,A003493,PF003493
C0003493,8,normal,,,D003494,A003494,PF003494
C0003494,43,adaptive_abuse,,AA_RING0101,D006207,A006207,PF006207
C0003495,2,normal,,,D003496,A003496,PF003496
C0003496,80,normal,,,D003497,A003497,PF003497
C0003497,29,adaptive_abuse,,AA_RING0051,D006157,A003498,PF003498
C0003498,74,hard_negative,shared_household,HH0032,D006242,A006242,PF003499
C0003499,5,normal,,,D003500,A003500,PF003500
C0003500,3,normal,,,D003501,A003501,PF003501
C0003501,42,normal,,,D003502,A003502,PF003502
C0003502,78,normal,,,D003503,A003503,PF003503
C0003503,81,normal,,,D003504,A003504,PF003504
C0003504,54,normal,,,D003505,A003505,PF003505
C0003505,61,hard_negative,high_return_fashion,,D003506,A003506,PF003506
C0003506,68,normal,,,D003507,A003507,PF003507
C0003507,67,normal,,,D003508,A003508,PF003508
C0003508,74,normal,,,D003509,A003509,PF003509
C0003509,3,normal,,,D003510,A003510,PF003510
C0003510,42,normal,,,D003511,A003511,PF003511
C0003511,83,naive_abuse,,NA_RING0057,D006057,A006057,PF006057
C0003512,43,normal,,,D003513,A003513,PF003513
C0003513,14,normal,,,D003514,A003514,PF003514
C0003514,66,normal,,,D003515,A003515,PF003515
C0003515,30,normal,,,D003516,A003516,PF003516
C0003516,51,normal,,,D003517,A003517,PF003517
C0003517,51,adaptive_abuse,,AA_RING0003,D006109,A006109,PF003518
C0003518,69,normal,,,D003519,A003519,PF003519
C0003519,92,normal,,,D003520,A003520,PF003520
C0003520,69,adaptive_abuse,,AA_RING0080,D006186,A006186,PF006186
C0003521,99,normal,,,D003522,A003522,PF003522
C0003522,1,adaptive_abuse,,AA_RING0094,D006200,A006200,PF003523
C0003523,78,normal,,,D003524,A003524,PF003524
C0003524,41,normal,,,D003525,A003525,PF003525
C0003525,72,adaptive_abuse,,AA_RING0056,D006162,A006162,PF003526
C0003526,8,normal,,,D003527,A003527,PF003527
C0003527,52,normal,,,D003528,A003528,PF003528
C0003528,2,normal,,,D003529,A003529,PF003529
C0003529,66,normal,,,D003530,A003530,PF003530
C0003530,21,normal,,,D003531,A003531,PF003531
C0003531,14,normal,,,D003532,A003532,PF003532
C0003532,7,hard_negative,high_return_fashion,,D003533,A003533,PF003533
C0003533,26,normal,,,D003534,A003534,PF003534
C0003534,95,normal,,,D003535,A003535,PF003535
C0003535,98,normal,,,D003536,A003536,PF003536
C0003536,8,normal,,,D003537,A003537,PF003537
C0003537,97,normal,,,D003538,A003538,PF003538
C0003538,58,normal,,,D003539,A003539,PF003539
C0003539,32,normal,,,D003540,A003540,PF003540
C0003540,94,normal,,,D003541,A003541,PF003541
C0003541,24,normal,,,D003542,A003542,PF003542
C0003542,18,normal,,,D003543,A003543,PF003543
C0003543,22,normal,,,D003544,A003544,PF003544
C0003544,14,adaptive_abuse,,AA_RING0067,D003545,A006173,PF006173
C0003545,48,adaptive_abuse,,AA_RING0072,D003546,A006178,PF003546
C0003546,14,normal,,,D003547,A003547,PF003547
C0003547,22,adaptive_abuse,,AA_RING0001,D003548,A003548,PF003548
C0003548,37,naive_abuse,,NA_RING0098,D006098,A003549,PF006098
C0003549,64,normal,,,D003550,A003550,PF003550
C0003550,85,hard_negative,new_merchant_thin_history,,D003551,A003551,PF003551
C0003551,7,normal,,,D003552,A003552,PF003552
C0003552,63,normal,,,D003553,A003553,PF003553
C0003553,10,normal,,,D003554,A003554,PF003554
C0003554,99,normal,,,D003555,A003555,PF003555
C0003555,27,normal,,,D003556,A003556,PF003556
C0003556,85,adaptive_abuse,,AA_RING0087,D006193,A003557,PF003557
C0003557,77,normal,,,D003558,A003558,PF003558
C0003558,32,normal,,,D003559,A003559,PF003559
C0003559,32,normal,,,D003560,A003560,PF003560
C0003560,31,normal,,,D003561,A003561,PF003561
C0003561,47,naive_abuse,,NA_RING0034,D006034,A003562,PF006034
C0003562,44,hard_negative,promo_spike,,D003563,A003563,PF003563
C0003563,65,normal,,,D003564,A003564,PF003564
C0003564,46,normal,,,D003565,A003565,PF003565
C0003565,78,normal,,,D003566,A003566,PF003566
C0003566,46,normal,,,D003567,A003567,PF003567
C0003567,30,naive_abuse,,NA_RING0064,D003568,A003568,PF006064
C0003568,32,hard_negative,new_merchant_thin_history,,D003569,A003569,PF003569
C0003569,73,normal,,,D003570,A003570,PF003570
C0003570,14,normal,,,D003571,A003571,PF003571
C0003571,28,normal,,,D003572,A003572,PF003572
C0003572,31,normal,,,D003573,A003573,PF003573
C0003573,64,normal,,,D003574,A003574,PF003574
C0003574,12,normal,,,D003575,A003575,PF003575
C0003575,45,normal,,,D003576,A003576,PF003576
C0003576,67,adaptive_abuse,,AA_RING0074,D006180,A006180,PF006180
C0003577,92,normal,,,D003578,A003578,PF003578
C0003578,43,normal,,,D003579,A003579,PF003579
C0003579,98,normal,,,D003580,A003580,PF003580
C0003580,60,normal,,,D003581,A003581,PF003581
C0003581,77,normal,,,D003582,A003582,PF003582
C0003582,24,normal,,,D003583,A003583,PF003583
C0003583,91,hard_negative,shared_household,HH0038,D003584,A006248,PF003584
C0003584,25,normal,,,D003585,A003585,PF003585
C0003585,13,normal,,,D003586,A003586,PF003586
C0003586,7,hard_negative,new_merchant_thin_history,,D003587,A003587,PF003587
C0003587,65,normal,,,D003588,A003588,PF003588
C0003588,62,normal,,,D003589,A003589,PF003589
C0003589,19,normal,,,D003590,A003590,PF003590
C0003590,87,normal,,,D003591,A003591,PF003591
C0003591,27,hard_negative,shared_household,HH0015,D003592,A006225,PF006225
C0003592,60,adaptive_abuse,,AA_RING0025,D006131,A006131,PF006131
C0003593,52,normal,,,D003594,A003594,PF003594
C0003594,59,normal,,,D003595,A003595,PF003595
C0003595,74,normal,,,D003596,A003596,PF003596
C0003596,92,hard_negative,high_return_fashion,,D003597,A003597,PF003597
C0003597,72,normal,,,D003598,A003598,PF003598
C0003598,90,naive_abuse,,NA_RING0093,D003599,A006093,PF003599
C0003599,86,normal,,,D003600,A003600,PF003600
C0003600,35,normal,,,D003601,A003601,PF003601
C0003601,55,normal,,,D003602,A003602,PF003602
C0003602,19,normal,,,D003603,A003603,PF003603
C0003603,92,naive_abuse,,NA_RING0007,D003604,A006007,PF006007
C0003604,96,normal,,,D003605,A003605,PF003605
C0003605,88,normal,,,D003606,A003606,PF003606
C0003606,74,normal,,,D003607,A003607,PF003607
C0003607,84,normal,,,D003608,A003608,PF003608
C0003608,79,normal,,,D003609,A003609,PF003609
C0003609,22,normal,,,D003610,A003610,PF003610
C0003610,26,normal,,,D003611,A003611,PF003611
C0003611,53,normal,,,D003612,A003612,PF003612
C0003612,42,hard_negative,popular_product_volume,,D003613,A003613,PF003613
C0003613,73,normal,,,D003614,A003614,PF003614
C0003614,73,hard_negative,high_return_fashion,,D003615,A003615,PF003615
C0003615,97,naive_abuse,,NA_RING0072,D006072,A006072,PF006072
C0003616,78,normal,,,D003617,A003617,PF003617
C0003617,1,normal,,,D003618,A003618,PF003618
C0003618,34,adaptive_abuse,,AA_RING0050,D006156,A003619,PF003619
C0003619,32,normal,,,D003620,A003620,PF003620
C0003620,63,normal,,,D003621,A003621,PF003621
C0003621,34,normal,,,D003622,A003622,PF003622
C0003622,97,normal,,,D003623,A003623,PF003623
C0003623,28,normal,,,D003624,A003624,PF003624
C0003624,43,naive_abuse,,NA_RING0103,D006103,A003625,PF006103
C0003625,81,normal,,,D003626,A003626,PF003626
C0003626,36,hard_negative,shared_household,HH0029,D003627,A006239,PF003627
C0003627,4,normal,,,D003628,A003628,PF003628
C0003628,33,normal,,,D003629,A003629,PF003629
C0003629,35,normal,,,D003630,A003630,PF003630
C0003630,61,normal,,,D003631,A003631,PF003631
C0003631,71,normal,,,D003632,A003632,PF003632
C0003632,54,normal,,,D003633,A003633,PF003633
C0003633,40,normal,,,D003634,A003634,PF003634
C0003634,50,normal,,,D003635,A003635,PF003635
C0003635,14,normal,,,D003636,A003636,PF003636
C0003636,18,normal,,,D003637,A003637,PF003637
C0003637,61,normal,,,D003638,A003638,PF003638
C0003638,86,normal,,,D003639,A003639,PF003639
C0003639,52,normal,,,D003640,A003640,PF003640
C0003640,6,normal,,,D003641,A003641,PF003641
C0003641,98,normal,,,D003642,A003642,PF003642
C0003642,32,normal,,,D003643,A003643,PF003643
C0003643,74,normal,,,D003644,A003644,PF003644
C0003644,89,normal,,,D003645,A003645,PF003645
C0003645,98,normal,,,D003646,A003646,PF003646
C0003646,11,normal,,,D003647,A003647,PF003647
C0003647,18,naive_abuse,,NA_RING0060,D003648,A003648,PF006060
C0003648,64,naive_abuse,,NA_RING0092,D003649,A006092,PF006092
C0003649,76,normal,,,D003650,A003650,PF003650
C0003650,83,normal,,,D003651,A003651,PF003651
C0003651,55,normal,,,D003652,A003652,PF003652
C0003652,15,adaptive_abuse,,AA_RING0047,D006153,A006153,PF003653
C0003653,71,normal,,,D003654,A003654,PF003654
C0003654,66,normal,,,D003655,A003655,PF003655
C0003655,46,normal,,,D003656,A003656,PF003656
C0003656,63,normal,,,D003657,A003657,PF003657
C0003657,21,normal,,,D003658,A003658,PF003658
C0003658,81,normal,,,D003659,A003659,PF003659
C0003659,4,normal,,,D003660,A003660,PF003660
C0003660,83,normal,,,D003661,A003661,PF003661
C0003661,83,naive_abuse,,NA_RING0011,D003662,A003662,PF006011
C0003662,68,hard_negative,popular_product_volume,,D003663,A003663,PF003663
C0003663,81,normal,,,D003664,A003664,PF003664
C0003664,91,normal,,,D003665,A003665,PF003665
C0003665,16,normal,,,D003666,A003666,PF003666
C0003666,54,naive_abuse,,NA_RING0071,D006071,A006071,PF003667
C0003667,64,hard_negative,promo_spike,,D003668,A003668,PF003668
C0003668,94,normal,,,D003669,A003669,PF003669
C0003669,73,naive_abuse,,NA_RING0100,D006100,A003670,PF003670
C0003670,59,normal,,,D003671,A003671,PF003671
C0003671,55,normal,,,D003672,A003672,PF003672
C0003672,14,normal,,,D003673,A003673,PF003673
C0003673,31,normal,,,D003674,A003674,PF003674
C0003674,43,normal,,,D003675,A003675,PF003675
C0003675,88,normal,,,D003676,A003676,PF003676
C0003676,86,adaptive_abuse,,AA_RING0097,D006203,A003677,PF006203
C0003677,64,normal,,,D003678,A003678,PF003678
C0003678,10,naive_abuse,,NA_RING0070,D006070,A006070,PF003679
C0003679,72,hard_negative,promo_spike,,D003680,A003680,PF003680
C0003680,45,normal,,,D003681,A003681,PF003681
C0003681,65,adaptive_abuse,,AA_RING0075,D003682,A003682,PF006181
C0003682,43,normal,,,D003683,A003683,PF003683
C0003683,72,normal,,,D003684,A003684,PF003684
C0003684,21,normal,,,D003685,A003685,PF003685
C0003685,14,normal,,,D003686,A003686,PF003686
C0003686,21,naive_abuse,,NA_RING0003,D006003,A006003,PF003687
C0003687,92,normal,,,D003688,A003688,PF003688
C0003688,7,normal,,,D003689,A003689,PF003689
C0003689,28,normal,,,D003690,A003690,PF003690
C0003690,34,normal,,,D003691,A003691,PF003691
C0003691,83,hard_negative,shared_household,HH0023,D006233,A006233,PF003692
C0003692,35,normal,,,D003693,A003693,PF003693
C0003693,89,hard_negative,high_return_fashion,,D003694,A003694,PF003694
C0003694,98,normal,,,D003695,A003695,PF003695
C0003695,65,hard_negative,new_merchant_thin_history,,D003696,A003696,PF003696
C0003696,34,normal,,,D003697,A003697,PF003697
C0003697,59,normal,,,D003698,A003698,PF003698
C0003698,66,normal,,,D003699,A003699,PF003699
C0003699,10,normal,,,D003700,A003700,PF003700
C0003700,83,hard_negative,high_return_fashion,,D003701,A003701,PF003701
C0003701,43,normal,,,D003702,A003702,PF003702
C0003702,84,normal,,,D003703,A003703,PF003703
C0003703,61,naive_abuse,,NA_RING0054,D006054,A006054,PF006054
C0003704,86,normal,,,D003705,A003705,PF003705
C0003705,8,normal,,,D003706,A003706,PF003706
C0003706,4,adaptive_abuse,,AA_RING0031,D006137,A003707,PF006137
C0003707,11,normal,,,D003708,A003708,PF003708
C0003708,87,naive_abuse,,NA_RING0070,D006070,A003709,PF003709
C0003709,99,normal,,,D003710,A003710,PF003710
C0003710,99,hard_negative,shared_household,HH0011,D003711,A006221,PF003711
C0003711,33,normal,,,D003712,A003712,PF003712
C0003712,26,normal,,,D003713,A003713,PF003713
C0003713,34,normal,,,D003714,A003714,PF003714
C0003714,81,hard_negative,high_return_fashion,,D003715,A003715,PF003715
C0003715,25,normal,,,D003716,A003716,PF003716
C0003716,54,adaptive_abuse,,AA_RING0065,D003717,A006171,PF006171
C0003717,64,normal,,,D003718,A003718,PF003718
C0003718,36,normal,,,D003719,A003719,PF003719
C0003719,47,naive_abuse,,NA_RING0081,D006081,A006081,PF006081
C0003720,66,normal,,,D003721,A003721,PF003721
C0003721,79,normal,,,D003722,A003722,PF003722
C0003722,18,hard_negative,new_merchant_thin_history,,D003723,A003723,PF003723
C0003723,51,normal,,,D003724,A003724,PF003724
C0003724,15,normal,,,D003725,A003725,PF003725
C0003725,1,normal,,,D003726,A003726,PF003726
C0003726,64,normal,,,D003727,A003727,PF003727
C0003727,48,normal,,,D003728,A003728,PF003728
C0003728,25,normal,,,D003729,A003729,PF003729
C0003729,5,normal,,,D003730,A003730,PF003730
C0003730,94,normal,,,D003731,A003731,PF003731
C0003731,82,normal,,,D003732,A003732,PF003732
C0003732,93,normal,,,D003733,A003733,PF003733
C0003733,11,normal,,,D003734,A003734,PF003734
C0003734,1,normal,,,D003735,A003735,PF003735
C0003735,21,normal,,,D003736,A003736,PF003736
C0003736,10,naive_abuse,,NA_RING0101,D006101,A003737,PF006101
C0003737,45,normal,,,D003738,A003738,PF003738
C0003738,64,normal,,,D003739,A003739,PF003739
C0003739,19,normal,,,D003740,A003740,PF003740
C0003740,39,normal,,,D003741,A003741,PF003741
C0003741,53,naive_abuse,,NA_RING0023,D003742,A006023,PF006023
C0003742,31,adaptive_abuse,,AA_RING0050,D006156,A003743,PF003743
C0003743,46,adaptive_abuse,,AA_RING0061,D006167,A006167,PF006167
C0003744,59,normal,,,D003745,A003745,PF003745
C0003745,95,normal,,,D003746,A003746,PF003746
C0003746,31,normal,,,D003747,A003747,PF003747
C0003747,8,normal,,,D003748,A003748,PF003748
C0003748,86,normal,,,D003749,A003749,PF003749
C0003749,57,normal,,,D003750,A003750,PF003750
C0003750,47,normal,,,D003751,A003751,PF003751
C0003751,72,adaptive_abuse,,AA_RING0038,D006144,A003752,PF003752
C0003752,98,normal,,,D003753,A003753,PF003753
C0003753,12,normal,,,D003754,A003754,PF003754
C0003754,86,naive_abuse,,NA_RING0102,D006102,A003755,PF003755
C0003755,63,hard_negative,popular_product_volume,,D003756,A003756,PF003756
C0003756,58,normal,,,D003757,A003757,PF003757
C0003757,86,normal,,,D003758,A003758,PF003758
C0003758,30,normal,,,D003759,A003759,PF003759
C0003759,78,normal,,,D003760,A003760,PF003760
C0003760,57,normal,,,D003761,A003761,PF003761
C0003761,93,normal,,,D003762,A003762,PF003762
C0003762,46,normal,,,D003763,A003763,PF003763
C0003763,72,normal,,,D003764,A003764,PF003764
C0003764,49,normal,,,D003765,A003765,PF003765
C0003765,39,hard_negative,shared_household,HH0028,D006238,A006238,PF003766
C0003766,37,normal,,,D003767,A003767,PF003767
C0003767,92,normal,,,D003768,A003768,PF003768
C0003768,83,normal,,,D003769,A003769,PF003769
C0003769,22,hard_negative,new_merchant_thin_history,,D003770,A003770,PF003770
C0003770,86,normal,,,D003771,A003771,PF003771
C0003771,58,hard_negative,high_return_fashion,,D003772,A003772,PF003772
C0003772,10,normal,,,D003773,A003773,PF003773
C0003773,76,normal,,,D003774,A003774,PF003774
C0003774,16,normal,,,D003775,A003775,PF003775
C0003775,87,normal,,,D003776,A003776,PF003776
C0003776,45,hard_negative,new_merchant_thin_history,,D003777,A003777,PF003777
C0003777,91,normal,,,D003778,A003778,PF003778
C0003778,48,normal,,,D003779,A003779,PF003779
C0003779,8,normal,,,D003780,A003780,PF003780
C0003780,76,normal,,,D003781,A003781,PF003781
C0003781,72,normal,,,D003782,A003782,PF003782
C0003782,30,normal,,,D003783,A003783,PF003783
C0003783,20,adaptive_abuse,,AA_RING0057,D006163,A006163,PF003784
C0003784,86,naive_abuse,,NA_RING0044,D006044,A003785,PF003785
C0003785,77,naive_abuse,,NA_RING0036,D006036,A006036,PF006036
C0003786,29,normal,,,D003787,A003787,PF003787
C0003787,70,normal,,,D003788,A003788,PF003788
C0003788,24,normal,,,D003789,A003789,PF003789
C0003789,18,normal,,,D003790,A003790,PF003790
C0003790,66,normal,,,D003791,A003791,PF003791
C0003791,83,normal,,,D003792,A003792,PF003792
C0003792,91,normal,,,D003793,A003793,PF003793
C0003793,46,normal,,,D003794,A003794,PF003794
C0003794,14,naive_abuse,,NA_RING0042,D003795,A006042,PF006042
C0003795,54,normal,,,D003796,A003796,PF003796
C0003796,68,normal,,,D003797,A003797,PF003797
C0003797,97,normal,,,D003798,A003798,PF003798
C0003798,11,normal,,,D003799,A003799,PF003799
C0003799,65,naive_abuse,,NA_RING0082,D003800,A003800,PF003800
C0003800,51,normal,,,D003801,A003801,PF003801
C0003801,58,naive_abuse,,NA_RING0021,D006021,A003802,PF003802
C0003802,9,hard_negative,high_return_fashion,,D003803,A003803,PF003803
C0003803,1,normal,,,D003804,A003804,PF003804
C0003804,60,normal,,,D003805,A003805,PF003805
C0003805,19,normal,,,D003806,A003806,PF003806
C0003806,61,normal,,,D003807,A003807,PF003807
C0003807,2,normal,,,D003808,A003808,PF003808
C0003808,80,adaptive_abuse,,AA_RING0024,D003809,A006130,PF003809
C0003809,33,normal,,,D003810,A003810,PF003810
C0003810,45,naive_abuse,,NA_RING0074,D006074,A006074,PF003811
C0003811,34,normal,,,D003812,A003812,PF003812
C0003812,41,adaptive_abuse,,AA_RING0078,D003813,A003813,PF003813
C0003813,53,normal,,,D003814,A003814,PF003814
C0003814,64,normal,,,D003815,A003815,PF003815
C0003815,68,normal,,,D003816,A003816,PF003816
C0003816,99,normal,,,D003817,A003817,PF003817
C0003817,17,naive_abuse,,NA_RING0097,D006097,A003818,PF006097
C0003818,87,normal,,,D003819,A003819,PF003819
C0003819,60,normal,,,D003820,A003820,PF003820
C0003820,30,normal,,,D003821,A003821,PF003821
C0003821,91,normal,,,D003822,A003822,PF003822
C0003822,70,normal,,,D003823,A003823,PF003823
C0003823,18,normal,,,D003824,A003824,PF003824
C0003824,17,normal,,,D003825,A003825,PF003825
C0003825,65,normal,,,D003826,A003826,PF003826
C0003826,72,normal,,,D003827,A003827,PF003827
C0003827,4,adaptive_abuse,,AA_RING0096,D006202,A006202,PF003828
C0003828,62,normal,,,D003829,A003829,PF003829
C0003829,53,normal,,,D003830,A003830,PF003830
C0003830,96,normal,,,D003831,A003831,PF003831
C0003831,74,normal,,,D003832,A003832,PF003832
C0003832,90,normal,,,D003833,A003833,PF003833
C0003833,3,normal,,,D003834,A003834,PF003834
C0003834,76,normal,,,D003835,A003835,PF003835
C0003835,33,normal,,,D003836,A003836,PF003836
C0003836,55,normal,,,D003837,A003837,PF003837
C0003837,87,adaptive_abuse,,AA_RING0049,D006155,A006155,PF003838
C0003838,86,normal,,,D003839,A003839,PF003839
C0003839,22,normal,,,D003840,A003840,PF003840
C0003840,24,normal,,,D003841,A003841,PF003841
C0003841,72,normal,,,D003842,A003842,PF003842
C0003842,87,hard_negative,shared_household,HH0007,D006217,A006217,PF003843
C0003843,61,normal,,,D003844,A003844,PF003844
C0003844,5,normal,,,D003845,A003845,PF003845
C0003845,16,normal,,,D003846,A003846,PF003846
C0003846,74,normal,,,D003847,A003847,PF003847
C0003847,74,adaptive_abuse,,AA_RING0070,D006176,A006176,PF006176
C0003848,89,normal,,,D003849,A003849,PF003849
C0003849,53,hard_negative,high_return_fashion,,D003850,A003850,PF003850
C0003850,42,normal,,,D003851,A003851,PF003851
C0003851,11,adaptive_abuse,,AA_RING0046,D006152,A006152,PF003852
C0003852,78,normal,,,D003853,A003853,PF003853
C0003853,94,normal,,,D003854,A003854,PF003854
C0003854,4,hard_negative,new_merchant_thin_history,,D003855,A003855,PF003855
C0003855,49,normal,,,D003856,A003856,PF003856
C0003856,35,normal,,,D003857,A003857,PF003857
C0003857,74,adaptive_abuse,,AA_RING0017,D006123,A006123,PF006123
C0003858,76,normal,,,D003859,A003859,PF003859
C0003859,21,normal,,,D003860,A003860,PF003860
C0003860,95,normal,,,D003861,A003861,PF003861
C0003861,13,naive_abuse,,NA_RING0102,D006102,A006102,PF003862
C0003862,78,naive_abuse,,NA_RING0101,D006101,A003863,PF003863
C0003863,74,normal,,,D003864,A003864,PF003864
C0003864,16,normal,,,D003865,A003865,PF003865
C0003865,67,normal,,,D003866,A003866,PF003866
C0003866,27,normal,,,D003867,A003867,PF003867
C0003867,27,naive_abuse,,NA_RING0089,D006089,A003868,PF006089
C0003868,8,normal,,,D003869,A003869,PF003869
C0003869,74,normal,,,D003870,A003870,PF003870
C0003870,80,normal,,,D003871,A003871,PF003871
C0003871,50,normal,,,D003872,A003872,PF003872
C0003872,77,naive_abuse,,NA_RING0096,D003873,A003873,PF006096
C0003873,34,normal,,,D003874,A003874,PF003874
C0003874,56,normal,,,D003875,A003875,PF003875
C0003875,78,hard_negative,new_merchant_thin_history,,D003876,A003876,PF003876
C0003876,43,adaptive_abuse,,AA_RING0006,D006112,A006112,PF006112
C0003877,61,normal,,,D003878,A003878,PF003878
C0003878,14,adaptive_abuse,,AA_RING0023,D006129,A006129,PF006129
C0003879,50,normal,,,D003880,A003880,PF003880
C0003880,85,hard_negative,promo_spike,,D003881,A003881,PF003881
C0003881,77,normal,,,D003882,A003882,PF003882
C0003882,30,normal,,,D003883,A003883,PF003883
C0003883,54,normal,,,D003884,A003884,PF003884
C0003884,61,normal,,,D003885,A003885,PF003885
C0003885,93,normal,,,D003886,A003886,PF003886
C0003886,82,normal,,,D003887,A003887,PF003887
C0003887,81,normal,,,D003888,A003888,PF003888
C0003888,75,normal,,,D003889,A003889,PF003889
C0003889,35,normal,,,D003890,A003890,PF003890
C0003890,37,normal,,,D003891,A003891,PF003891
C0003891,46,adaptive_abuse,,AA_RING0017,D006123,A006123,PF003892
C0003892,42,adaptive_abuse,,AA_RING0012,D006118,A003893,PF006118
C0003893,95,normal,,,D003894,A003894,PF003894
C0003894,87,normal,,,D003895,A003895,PF003895
C0003895,89,normal,,,D003896,A003896,PF003896
C0003896,60,normal,,,D003897,A003897,PF003897
C0003897,19,naive_abuse,,NA_RING0026,D006026,A006026,PF003898
C0003898,14,normal,,,D003899,A003899,PF003899
C0003899,27,normal,,,D003900,A003900,PF003900
C0003900,65,normal,,,D003901,A003901,PF003901
C0003901,36,normal,,,D003902,A003902,PF003902
C0003902,65,naive_abuse,,NA_RING0055,D003903,A003903,PF006055
C0003903,87,normal,,,D003904,A003904,PF003904
C0003904,33,normal,,,D003905,A003905,PF003905
C0003905,92,normal,,,D003906,A003906,PF003906
C0003906,51,adaptive_abuse,,AA_RING0086,D006192,A003907,PF006192
C0003907,80,normal,,,D003908,A003908,PF003908
C0003908,5,naive_abuse,,NA_RING0015,D003909,A006015,PF006015
C0003909,27,naive_abuse,,NA_RING0030,D006030,A003910,PF003910
C0003910,93,normal,,,D003911,A003911,PF003911
C0003911,88,naive_abuse,,NA_RING0051,D003912,A006051,PF006051
C0003912,57,normal,,,D003913,A003913,PF003913
C0003913,3,normal,,,D003914,A003914,PF003914
C0003914,5,normal,,,D003915,A003915,PF003915
C0003915,42,normal,,,D003916,A003916,PF003916
C0003916,89,normal,,,D003917,A003917,PF003917
C0003917,37,normal,,,D003918,A003918,PF003918
C0003918,88,normal,,,D003919,A003919,PF003919
C0003919,53,normal,,,D003920,A003920,PF003920
C0003920,13,normal,,,D003921,A003921,PF003921
C0003921,56,normal,,,D003922,A003922,PF003922
C0003922,36,normal,,,D003923,A003923,PF003923
C0003923,22,adaptive_abuse,,AA_RING0019,D006125,A003924,PF006125
C0003924,67,adaptive_abuse,,AA_RING0100,D006206,A003925,PF006206
C0003925,20,normal,,,D003926,A003926,PF003926
C0003926,90,normal,,,D003927,A003927,PF003927
C0003927,80,normal,,,D003928,A003928,PF003928
C0003928,78,hard_negative,high_return_fashion,,D003929,A003929,PF003929
C0003929,7,normal,,,D003930,A003930,PF003930
C0003930,96,hard_negative,shared_household,HH0040,D003931,A006250,PF003931
C0003931,49,normal,,,D003932,A003932,PF003932
C0003932,73,normal,,,D003933,A003933,PF003933
C0003933,19,hard_negative,shared_household,HH0023,D003934,A006233,PF003934
C0003934,76,normal,,,D003935,A003935,PF003935
C0003935,31,naive_abuse,,NA_RING0047,D006047,A006047,PF003936
C0003936,70,normal,,,D003937,A003937,PF003937
C0003937,27,normal,,,D003938,A003938,PF003938
C0003938,93,normal,,,D003939,A003939,PF003939
C0003939,70,normal,,,D003940,A003940,PF003940
C0003940,45,normal,,,D003941,A003941,PF003941
C0003941,45,normal,,,D003942,A003942,PF003942
C0003942,0,normal,,,D003943,A003943,PF003943
C0003943,29,normal,,,D003944,A003944,PF003944
C0003944,78,normal,,,D003945,A003945,PF003945
C0003945,83,normal,,,D003946,A003946,PF003946
C0003946,99,normal,,,D003947,A003947,PF003947
C0003947,8,normal,,,D003948,A003948,PF003948
C0003948,25,naive_abuse,,NA_RING0043,D006043,A006043,PF006043
C0003949,76,normal,,,D003950,A003950,PF003950
C0003950,36,normal,,,D003951,A003951,PF003951
C0003951,24,naive_abuse,,NA_RING0035,D003952,A003952,PF003952
C0003952,28,normal,,,D003953,A003953,PF003953
C0003953,91,normal,,,D003954,A003954,PF003954
C0003954,85,normal,,,D003955,A003955,PF003955
C0003955,0,normal,,,D003956,A003956,PF003956
C0003956,84,normal,,,D003957,A003957,PF003957
C0003957,55,naive_abuse,,NA_RING0075,D006075,A006075,PF003958
C0003958,84,adaptive_abuse,,AA_RING0039,D006145,A003959,PF003959
C0003959,62,normal,,,D003960,A003960,PF003960
C0003960,68,normal,,,D003961,A003961,PF003961
C0003961,57,hard_negative,shared_household,HH0033,D003962,A006243,PF003962
C0003962,73,normal,,,D003963,A003963,PF003963
C0003963,81,normal,,,D003964,A003964,PF003964
C0003964,50,normal,,,D003965,A003965,PF003965
C0003965,11,normal,,,D003966,A003966,PF003966
C0003966,9,normal,,,D003967,A003967,PF003967
C0003967,41,normal,,,D003968,A003968,PF003968
C0003968,47,normal,,,D003969,A003969,PF003969
C0003969,86,normal,,,D003970,A003970,PF003970
C0003970,3,adaptive_abuse,,AA_RING0003,D006109,A006109,PF006109
C0003971,88,normal,,,D003972,A003972,PF003972
C0003972,5,normal,,,D003973,A003973,PF003973
C0003973,49,normal,,,D003974,A003974,PF003974
C0003974,42,normal,,,D003975,A003975,PF003975
C0003975,55,adaptive_abuse,,AA_RING0099,D006205,A006205,PF003976
C0003976,4,adaptive_abuse,,AA_RING0010,D006116,A006116,PF006116
C0003977,76,normal,,,D003978,A003978,PF003978
C0003978,13,normal,,,D003979,A003979,PF003979
C0003979,77,normal,,,D003980,A003980,PF003980
C0003980,56,normal,,,D003981,A003981,PF003981
C0003981,88,normal,,,D003982,A003982,PF003982
C0003982,97,normal,,,D003983,A003983,PF003983
C0003983,84,normal,,,D003984,A003984,PF003984
C0003984,45,normal,,,D003985,A003985,PF003985
C0003985,41,normal,,,D003986,A003986,PF003986
C0003986,66,normal,,,D003987,A003987,PF003987
C0003987,64,normal,,,D003988,A003988,PF003988
C0003988,79,normal,,,D003989,A003989,PF003989
C0003989,48,normal,,,D003990,A003990,PF003990
C0003990,46,normal,,,D003991,A003991,PF003991
C0003991,11,normal,,,D003992,A003992,PF003992
C0003992,16,normal,,,D003993,A003993,PF003993
C0003993,82,naive_abuse,,NA_RING0002,D006002,A006002,PF003994
C0003994,98,adaptive_abuse,,AA_RING0076,D006182,A006182,PF003995
C0003995,60,normal,,,D003996,A003996,PF003996
C0003996,34,normal,,,D003997,A003997,PF003997
C0003997,5,hard_negative,high_return_fashion,,D003998,A003998,PF003998
C0003998,4,normal,,,D003999,A003999,PF003999
C0003999,67,normal,,,D004000,A004000,PF004000
C0004000,64,normal,,,D004001,A004001,PF004001
C0004001,28,normal,,,D004002,A004002,PF004002
C0004002,18,normal,,,D004003,A004003,PF004003
C0004003,6,normal,,,D004004,A004004,PF004004
C0004004,68,normal,,,D004005,A004005,PF004005
C0004005,60,normal,,,D004006,A004006,PF004006
C0004006,33,normal,,,D004007,A004007,PF004007
C0004007,73,normal,,,D004008,A004008,PF004008
C0004008,84,normal,,,D004009,A004009,PF004009
C0004009,51,normal,,,D004010,A004010,PF004010
C0004010,26,normal,,,D004011,A004011,PF004011
C0004011,0,normal,,,D004012,A004012,PF004012
C0004012,79,naive_abuse,,NA_RING0003,D006003,A006003,PF006003
C0004013,57,normal,,,D004014,A004014,PF004014
C0004014,34,normal,,,D004015,A004015,PF004015
C0004015,0,normal,,,D004016,A004016,PF004016
C0004016,81,naive_abuse,,NA_RING0102,D006102,A006102,PF006102
C0004017,92,hard_negative,promo_spike,,D004018,A004018,PF004018
C0004018,48,naive_abuse,,NA_RING0092,D006092,A004019,PF006092
C0004019,26,normal,,,D004020,A004020,PF004020
C0004020,61,normal,,,D004021,A004021,PF004021
C0004021,87,normal,,,D004022,A004022,PF004022
C0004022,58,normal,,,D004023,A004023,PF004023
C0004023,1,normal,,,D004024,A004024,PF004024
C0004024,19,normal,,,D004025,A004025,PF004025
C0004025,9,normal,,,D004026,A004026,PF004026
C0004026,41,naive_abuse,,NA_RING0089,D006089,A006089,PF006089
C0004027,45,normal,,,D004028,A004028,PF004028
C0004028,53,normal,,,D004029,A004029,PF004029
C0004029,75,normal,,,D004030,A004030,PF004030
C0004030,11,naive_abuse,,NA_RING0100,D004031,A004031,PF006100
C0004031,94,adaptive_abuse,,AA_RING0095,D006201,A006201,PF006201
C0004032,26,normal,,,D004033,A004033,PF004033
C0004033,52,adaptive_abuse,,AA_RING0047,D006153,A006153,PF006153
C0004034,21,naive_abuse,,NA_RING0013,D006013,A006013,PF006013
C0004035,35,naive_abuse,,NA_RING0033,D006033,A004036,PF004036
C0004036,83,naive_abuse,,NA_RING0089,D004037,A004037,PF004037
C0004037,4,normal,,,D004038,A004038,PF004038
C0004038,48,hard_negative,promo_spike,,D004039,A004039,PF004039
C0004039,58,normal,,,D004040,A004040,PF004040
C0004040,56,hard_negative,new_merchant_thin_history,,D004041,A004041,PF004041
C0004041,38,normal,,,D004042,A004042,PF004042
C0004042,37,hard_negative,shared_household,HH0006,D004043,A006216,PF004043
C0004043,90,adaptive_abuse,,AA_RING0090,D006196,A004044,PF004044
C0004044,24,normal,,,D004045,A004045,PF004045
C0004045,48,adaptive_abuse,,AA_RING0024,D004046,A006130,PF006130
C0004046,36,normal,,,D004047,A004047,PF004047
C0004047,76,normal,,,D004048,A004048,PF004048
C0004048,80,normal,,,D004049,A004049,PF004049
C0004049,84,hard_negative,shared_household,HH0045,D006255,A006255,PF004050
C0004050,8,normal,,,D004051,A004051,PF004051
C0004051,9,normal,,,D004052,A004052,PF004052
C0004052,37,normal,,,D004053,A004053,PF004053
C0004053,44,normal,,,D004054,A004054,PF004054
C0004054,6,normal,,,D004055,A004055,PF004055
C0004055,89,naive_abuse,,NA_RING0033,D004056,A006033,PF006033
C0004056,89,normal,,,D004057,A004057,PF004057
C0004057,42,hard_negative,promo_spike,,D004058,A004058,PF004058
C0004058,76,normal,,,D004059,A004059,PF004059
C0004059,56,adaptive_abuse,,AA_RING0034,D004060,A006140,PF006140
C0004060,65,normal,,,D004061,A004061,PF004061
C0004061,87,normal,,,D004062,A004062,PF004062
C0004062,9,normal,,,D004063,A004063,PF004063
C0004063,23,normal,,,D004064,A004064,PF004064
C0004064,42,normal,,,D004065,A004065,PF004065
C0004065,89,hard_negative,high_return_fashion,,D004066,A004066,PF004066
C0004066,59,normal,,,D004067,A004067,PF004067
C0004067,39,normal,,,D004068,A004068,PF004068
C0004068,2,normal,,,D004069,A004069,PF004069
C0004069,59,adaptive_abuse,,AA_RING0013,D006119,A004070,PF004070
C0004070,26,normal,,,D004071,A004071,PF004071
C0004071,32,normal,,,D004072,A004072,PF004072
C0004072,99,normal,,,D004073,A004073,PF004073
C0004073,52,normal,,,D004074,A004074,PF004074
C0004074,13,normal,,,D004075,A004075,PF004075
C0004075,4,normal,,,D004076,A004076,PF004076
C0004076,38,normal,,,D004077,A004077,PF004077
C0004077,6,normal,,,D004078,A004078,PF004078
C0004078,42,normal,,,D004079,A004079,PF004079
C0004079,41,normal,,,D004080,A004080,PF004080
C0004080,87,adaptive_abuse,,AA_RING0042,D006148,A004081,PF006148
C0004081,33,normal,,,D004082,A004082,PF004082
C0004082,27,normal,,,D004083,A004083,PF004083
C0004083,61,normal,,,D004084,A004084,PF004084
C0004084,63,normal,,,D004085,A004085,PF004085
C0004085,3,naive_abuse,,NA_RING0003,D006003,A004086,PF006003
C0004086,8,normal,,,D004087,A004087,PF004087
C0004087,16,normal,,,D004088,A004088,PF004088
C0004088,77,normal,,,D004089,A004089,PF004089
C0004089,20,normal,,,D004090,A004090,PF004090
C0004090,99,adaptive_abuse,,AA_RING0027,D004091,A004091,PF006133
C0004091,44,normal,,,D004092,A004092,PF004092
C0004092,93,normal,,,D004093,A004093,PF004093
C0004093,24,hard_negative,promo_spike,,D004094,A004094,PF004094
C0004094,42,hard_negative,popular_product_volume,,D004095,A004095,PF004095
C0004095,13,normal,,,D004096,A004096,PF004096
C0004096,84,normal,,,D004097,A004097,PF004097
C0004097,59,normal,,,D004098,A004098,PF004098
C0004098,7,hard_negative,high_return_fashion,,D004099,A004099,PF004099
C0004099,74,normal,,,D004100,A004100,PF004100
C0004100,88,normal,,,D004101,A004101,PF004101
C0004101,68,naive_abuse,,NA_RING0071,D006071,A006071,PF006071
C0004102,80,normal,,,D004103,A004103,PF004103
C0004103,27,normal,,,D004104,A004104,PF004104
C0004104,43,normal,,,D004105,A004105,PF004105
C0004105,85,naive_abuse,,NA_RING0071,D006071,A004106,PF004106
C0004106,60,normal,,,D004107,A004107,PF004107
C0004107,61,normal,,,D004108,A004108,PF004108
C0004108,76,normal,,,D004109,A004109,PF004109
C0004109,61,hard_negative,shared_household,HH0029,D004110,A006239,PF004110
C0004110,12,hard_negative,new_merchant_thin_history,,D004111,A004111,PF004111
C0004111,21,normal,,,D004112,A004112,PF004112
C0004112,77,normal,,,D004113,A004113,PF004113
C0004113,24,adaptive_abuse,,AA_RING0051,D006157,A006157,PF004114
C0004114,66,hard_negative,promo_spike,,D004115,A004115,PF004115
C0004115,47,normal,,,D004116,A004116,PF004116
C0004116,62,normal,,,D004117,A004117,PF004117
C0004117,23,adaptive_abuse,,AA_RING0082,D006188,A004118,PF006188
C0004118,31,adaptive_abuse,,AA_RING0081,D006187,A006187,PF004119
C0004119,68,normal,,,D004120,A004120,PF004120
C0004120,17,normal,,,D004121,A004121,PF004121
C0004121,30,normal,,,D004122,A004122,PF004122
C0004122,99,naive_abuse,,NA_RING0017,D006017,A004123,PF006017
C0004123,15,normal,,,D004124,A004124,PF004124
C0004124,57,normal,,,D004125,A004125,PF004125
C0004125,15,normal,,,D004126,A004126,PF004126
C0004126,70,adaptive_abuse,,AA_RING0015,D006121,A006121,PF006121
C0004127,12,naive_abuse,,NA_RING0002,D006002,A006002,PF004128
C0004128,57,adaptive_abuse,,AA_RING0014,D004129,A004129,PF006120
C0004129,43,normal,,,D004130,A004130,PF004130
C0004130,69,hard_negative,promo_spike,,D004131,A004131,PF004131
C0004131,0,naive_abuse,,NA_RING0065,D006065,A006065,PF004132
C0004132,51,normal,,,D004133,A004133,PF004133
C0004133,54,normal,,,D004134,A004134,PF004134
C0004134,24,adaptive_abuse,,AA_RING0032,D006138,A006138,PF006138
C0004135,29,normal,,,D004136,A004136,PF004136
C0004136,70,normal,,,D004137,A004137,PF004137
C0004137,55,normal,,,D004138,A004138,PF004138
C0004138,57,normal,,,D004139,A004139,PF004139
C0004139,93,normal,,,D004140,A004140,PF004140
C0004140,40,hard_negative,popular_product_volume,,D004141,A004141,PF004141
C0004141,86,normal,,,D004142,A004142,PF004142
C0004142,97,naive_abuse,,NA_RING0095,D006095,A006095,PF006095
C0004143,57,normal,,,D004144,A004144,PF004144
C0004144,21,normal,,,D004145,A004145,PF004145
C0004145,41,hard_negative,promo_spike,,D004146,A004146,PF004146
C0004146,4,normal,,,D004147,A004147,PF004147
C0004147,69,normal,,,D004148,A004148,PF004148
C0004148,27,hard_negative,high_return_fashion,,D004149,A004149,PF004149
C0004149,92,normal,,,D004150,A004150,PF004150
C0004150,65,normal,,,D004151,A004151,PF004151
C0004151,48,normal,,,D004152,A004152,PF004152
C0004152,18,adaptive_abuse,,AA_RING0044,D006150,A006150,PF006150
C0004153,9,normal,,,D004154,A004154,PF004154
C0004154,67,normal,,,D004155,A004155,PF004155
C0004155,76,adaptive_abuse,,AA_RING0061,D004156,A004156,PF004156
C0004156,26,normal,,,D004157,A004157,PF004157
C0004157,1,normal,,,D004158,A004158,PF004158
C0004158,31,normal,,,D004159,A004159,PF004159
C0004159,76,normal,,,D004160,A004160,PF004160
C0004160,58,normal,,,D004161,A004161,PF004161
C0004161,8,normal,,,D004162,A004162,PF004162
C0004162,11,normal,,,D004163,A004163,PF004163
C0004163,10,normal,,,D004164,A004164,PF004164
C0004164,75,normal,,,D004165,A004165,PF004165
C0004165,78,normal,,,D004166,A004166,PF004166
C0004166,40,normal,,,D004167,A004167,PF004167
C0004167,68,normal,,,D004168,A004168,PF004168
C0004168,2,hard_negative,popular_product_volume,,D004169,A004169,PF004169
C0004169,56,normal,,,D004170,A004170,PF004170
C0004170,27,normal,,,D004171,A004171,PF004171
C0004171,82,normal,,,D004172,A004172,PF004172
C0004172,48,naive_abuse,,NA_RING0065,D006065,A004173,PF004173
C0004173,85,normal,,,D004174,A004174,PF004174
C0004174,56,hard_negative,new_merchant_thin_history,,D004175,A004175,PF004175
C0004175,45,normal,,,D004176,A004176,PF004176
C0004176,94,normal,,,D004177,A004177,PF004177
C0004177,99,hard_negative,high_return_fashion,,D004178,A004178,PF004178
C0004178,45,normal,,,D004179,A004179,PF004179
C0004179,35,normal,,,D004180,A004180,PF004180
C0004180,64,adaptive_abuse,,AA_RING0030,D004181,A004181,PF004181
C0004181,17,normal,,,D004182,A004182,PF004182
C0004182,38,normal,,,D004183,A004183,PF004183
C0004183,84,normal,,,D004184,A004184,PF004184
C0004184,89,normal,,,D004185,A004185,PF004185
C0004185,41,hard_negative,high_return_fashion,,D004186,A004186,PF004186
C0004186,39,normal,,,D004187,A004187,PF004187
C0004187,87,adaptive_abuse,,AA_RING0071,D006177,A004188,PF006177
C0004188,20,normal,,,D004189,A004189,PF004189
C0004189,6,adaptive_abuse,,AA_RING0031,D006137,A006137,PF006137
C0004190,7,naive_abuse,,NA_RING0077,D006077,A004191,PF004191
C0004191,11,adaptive_abuse,,AA_RING0071,D006177,A004192,PF006177
C0004192,87,normal,,,D004193,A004193,PF004193
C0004193,4,normal,,,D004194,A004194,PF004194
C0004194,33,normal,,,D004195,A004195,PF004195
C0004195,60,normal,,,D004196,A004196,PF004196
C0004196,60,normal,,,D004197,A004197,PF004197
C0004197,83,hard_negative,popular_product_volume,,D004198,A004198,PF004198
C0004198,98,normal,,,D004199,A004199,PF004199
C0004199,40,naive_abuse,,NA_RING0036,D004200,A006036,PF004200
C0004200,23,normal,,,D004201,A004201,PF004201
C0004201,9,adaptive_abuse,,AA_RING0011,D006117,A004202,PF006117
C0004202,89,normal,,,D004203,A004203,PF004203
C0004203,37,normal,,,D004204,A004204,PF004204
C0004204,89,naive_abuse,,NA_RING0005,D006005,A006005,PF006005
C0004205,34,naive_abuse,,NA_RING0034,D006034,A004206,PF006034
C0004206,75,hard_negative,promo_spike,,D004207,A004207,PF004207
C0004207,64,adaptive_abuse,,AA_RING0104,D006210,A004208,PF006210
C0004208,71,normal,,,D004209,A004209,PF004209
C0004209,65,naive_abuse,,NA_RING0025,D006025,A006025,PF004210
C0004210,30,normal,,,D004211,A004211,PF004211
C0004211,10,normal,,,D004212,A004212,PF004212
C0004212,1,normal,,,D004213,A004213,PF004213
C0004213,42,normal,,,D004214,A004214,PF004214
C0004214,89,normal,,,D004215,A004215,PF004215
C0004215,64,hard_negative,shared_household,HH0019,D006229,A006229,PF004216
C0004216,67,normal,,,D004217,A004217,PF004217
C0004217,25,adaptive_abuse,,AA_RING0004,D006110,A006110,PF004218
C0004218,48,normal,,,D004219,A004219,PF004219
C0004219,40,normal,,,D004220,A004220,PF004220
C0004220,13,normal,,,D004221,A004221,PF004221
C0004221,61,normal,,,D004222,A004222,PF004222
C0004222,36,normal,,,D004223,A004223,PF004223
C0004223,40,normal,,,D004224,A004224,PF004224
C0004224,59,normal,,,D004225,A004225,PF004225
C0004225,3,normal,,,D004226,A004226,PF004226
C0004226,93,hard_negative,promo_spike,,D004227,A004227,PF004227
C0004227,22,normal,,,D004228,A004228,PF004228
C0004228,67,naive_abuse,,NA_RING0017,D006017,A006017,PF006017
C0004229,77,hard_negative,popular_product_volume,,D004230,A004230,PF004230
C0004230,15,normal,,,D004231,A004231,PF004231
C0004231,24,normal,,,D004232,A004232,PF004232
C0004232,41,normal,,,D004233,A004233,PF004233
C0004233,81,normal,,,D004234,A004234,PF004234
C0004234,63,normal,,,D004235,A004235,PF004235
C0004235,46,adaptive_abuse,,AA_RING0019,D004236,A006125,PF006125
C0004236,84,normal,,,D004237,A004237,PF004237
C0004237,47,normal,,,D004238,A004238,PF004238
C0004238,88,normal,,,D004239,A004239,PF004239
C0004239,77,normal,,,D004240,A004240,PF004240
C0004240,17,normal,,,D004241,A004241,PF004241
C0004241,38,normal,,,D004242,A004242,PF004242
C0004242,2,adaptive_abuse,,AA_RING0050,D004243,A004243,PF004243
C0004243,23,normal,,,D004244,A004244,PF004244
C0004244,2,normal,,,D004245,A004245,PF004245
C0004245,10,normal,,,D004246,A004246,PF004246
C0004246,0,normal,,,D004247,A004247,PF004247
C0004247,67,naive_abuse,,NA_RING0013,D004248,A006013,PF006013
C0004248,40,adaptive_abuse,,AA_RING0102,D006208,A004249,PF006208
C0004249,46,naive_abuse,,NA_RING0026,D004250,A006026,PF006026
C0004250,76,normal,,,D004251,A004251,PF004251
C0004251,80,normal,,,D004252,A004252,PF004252
C0004252,53,hard_negative,promo_spike,,D004253,A004253,PF004253
C0004253,45,normal,,,D004254,A004254,PF004254
C0004254,64,normal,,,D004255,A004255,PF004255
C0004255,41,normal,,,D004256,A004256,PF004256
C0004256,44,normal,,,D004257,A004257,PF004257
C0004257,29,naive_abuse,,NA_RING0003,D006003,A004258,PF004258
C0004258,18,normal,,,D004259,A004259,PF004259
C0004259,19,adaptive_abuse,,AA_RING0010,D006116,A006116,PF006116
C0004260,65,normal,,,D004261,A004261,PF004261
C0004261,83,normal,,,D004262,A004262,PF004262
C0004262,42,normal,,,D004263,A004263,PF004263
C0004263,9,normal,,,D004264,A004264,PF004264
C0004264,61,normal,,,D004265,A004265,PF004265
C0004265,90,normal,,,D004266,A004266,PF004266
C0004266,52,normal,,,D004267,A004267,PF004267
C0004267,2,naive_abuse,,NA_RING0059,D006059,A004268,PF006059
C0004268,8,normal,,,D004269,A004269,PF004269
C0004269,52,normal,,,D004270,A004270,PF004270
C0004270,86,normal,,,D004271,A004271,PF004271
C0004271,5,hard_negative,high_return_fashion,,D004272,A004272,PF004272
C0004272,75,normal,,,D004273,A004273,PF004273
C0004273,77,normal,,,D004274,A004274,PF004274
C0004274,5,normal,,,D004275,A004275,PF004275
C0004275,21,normal,,,D004276,A004276,PF004276
C0004276,0,normal,,,D004277,A004277,PF004277
C0004277,56,normal,,,D004278,A004278,PF004278
C0004278,17,adaptive_abuse,,AA_RING0102,D006208,A004279,PF006208
C0004279,91,normal,,,D004280,A004280,PF004280
C0004280,9,normal,,,D004281,A004281,PF004281
C0004281,64,normal,,,D004282,A004282,PF004282
C0004282,78,normal,,,D004283,A004283,PF004283
C0004283,17,normal,,,D004284,A004284,PF004284
C0004284,25,normal,,,D004285,A004285,PF004285
C0004285,79,normal,,,D004286,A004286,PF004286
C0004286,9,normal,,,D004287,A004287,PF004287
C0004287,44,normal,,,D004288,A004288,PF004288
C0004288,25,adaptive_abuse,,AA_RING0098,D006204,A006204,PF006204
C0004289,1,normal,,,D004290,A004290,PF004290
C0004290,45,normal,,,D004291,A004291,PF004291
C0004291,48,adaptive_abuse,,AA_RING0084,D006190,A006190,PF006190
C0004292,34,naive_abuse,,NA_RING0031,D006031,A006031,PF004293
C0004293,81,normal,,,D004294,A004294,PF004294
C0004294,9,naive_abuse,,NA_RING0093,D006093,A006093,PF006093
C0004295,42,normal,,,D004296,A004296,PF004296
C0004296,18,normal,,,D004297,A004297,PF004297
C0004297,75,naive_abuse,,NA_RING0023,D006023,A006023,PF004298
C0004298,55,hard_negative,high_return_fashion,,D004299,A004299,PF004299
C0004299,70,normal,,,D004300,A004300,PF004300
C0004300,10,normal,,,D004301,A004301,PF004301
C0004301,45,normal,,,D004302,A004302,PF004302
C0004302,5,normal,,,D004303,A004303,PF004303
C0004303,32,adaptive_abuse,,AA_RING0036,D006142,A004304,PF004304
C0004304,94,normal,,,D004305,A004305,PF004305
C0004305,72,normal,,,D004306,A004306,PF004306
C0004306,7,normal,,,D004307,A004307,PF004307
C0004307,36,normal,,,D004308,A004308,PF004308
C0004308,87,normal,,,D004309,A004309,PF004309
C0004309,17,adaptive_abuse,,AA_RING0101,D004310,A006207,PF004310
C0004310,75,normal,,,D004311,A004311,PF004311
C0004311,32,normal,,,D004312,A004312,PF004312
C0004312,47,normal,,,D004313,A004313,PF004313
C0004313,87,normal,,,D004314,A004314,PF004314
C0004314,67,normal,,,D004315,A004315,PF004315
C0004315,28,normal,,,D004316,A004316,PF004316
C0004316,0,normal,,,D004317,A004317,PF004317
C0004317,23,normal,,,D004318,A004318,PF004318
C0004318,41,naive_abuse,,NA_RING0090,D006090,A006090,PF006090
C0004319,13,normal,,,D004320,A004320,PF004320
C0004320,88,normal,,,D004321,A004321,PF004321
C0004321,5,normal,,,D004322,A004322,PF004322
C0004322,54,normal,,,D004323,A004323,PF004323
C0004323,97,adaptive_abuse,,AA_RING0072,D006178,A006178,PF006178
C0004324,33,normal,,,D004325,A004325,PF004325
C0004325,53,normal,,,D004326,A004326,PF004326
C0004326,7,normal,,,D004327,A004327,PF004327
C0004327,72,adaptive_abuse,,AA_RING0040,D004328,A006146,PF006146
C0004328,97,normal,,,D004329,A004329,PF004329
C0004329,77,normal,,,D004330,A004330,PF004330
C0004330,14,normal,,,D004331,A004331,PF004331
C0004331,35,normal,,,D004332,A004332,PF004332
C0004332,72,naive_abuse,,NA_RING0026,D006026,A004333,PF004333
C0004333,79,normal,,,D004334,A004334,PF004334
C0004334,40,normal,,,D004335,A004335,PF004335
C0004335,96,normal,,,D004336,A004336,PF004336
C0004336,20,naive_abuse,,NA_RING0013,D006013,A004337,PF006013
C0004337,74,normal,,,D004338,A004338,PF004338
C0004338,49,normal,,,D004339,A004339,PF004339
C0004339,71,adaptive_abuse,,AA_RING0078,D006184,A004340,PF006184
C0004340,59,normal,,,D004341,A004341,PF004341
C0004341,43,naive_abuse,,NA_RING0047,D006047,A006047,PF004342
C0004342,81,hard_negative,shared_household,HH0005,D006215,A006215,PF004343
C0004343,84,normal,,,D004344,A004344,PF004344
C0004344,81,normal,,,D004345,A004345,PF004345
C0004345,8,normal,,,D004346,A004346,PF004346
C0004346,42,hard_negative,new_merchant_thin_history,,D004347,A004347,PF004347
C0004347,74,hard_negative,promo_spike,,D004348,A004348,PF004348
C0004348,86,adaptive_abuse,,AA_RING0064,D006170,A004349,PF004349
C0004349,36,normal,,,D004350,A004350,PF004350
C0004350,74,normal,,,D004351,A004351,PF004351
C0004351,56,normal,,,D004352,A004352,PF004352
C0004352,22,normal,,,D004353,A004353,PF004353
C0004353,89,normal,,,D004354,A004354,PF004354
C0004354,44,hard_negative,shared_household,HH0034,D006244,A006244,PF004355
C0004355,60,normal,,,D004356,A004356,PF004356
C0004356,28,normal,,,D004357,A004357,PF004357
C0004357,2,normal,,,D004358,A004358,PF004358
C0004358,45,normal,,,D004359,A004359,PF004359
C0004359,72,adaptive_abuse,,AA_RING0103,D006209,A006209,PF006209
C0004360,32,normal,,,D004361,A004361,PF004361
C0004361,92,normal,,,D004362,A004362,PF004362
C0004362,75,normal,,,D004363,A004363,PF004363
C0004363,64,normal,,,D004364,A004364,PF004364
C0004364,80,normal,,,D004365,A004365,PF004365
C0004365,86,naive_abuse,,NA_RING0024,D004366,A004366,PF006024
C0004366,72,adaptive_abuse,,AA_RING0054,D004367,A004367,PF006160
C0004367,82,normal,,,D004368,A004368,PF004368
C0004368,71,normal,,,D004369,A004369,PF004369
C0004369,86,normal,,,D004370,A004370,PF004370
C0004370,10,normal,,,D004371,A004371,PF004371
C0004371,34,normal,,,D004372,A004372,PF004372
C0004372,88,hard_negative,new_merchant_thin_history,,D004373,A004373,PF004373
C0004373,47,normal,,,D004374,A004374,PF004374
C0004374,1,hard_negative,shared_household,HH0043,D006253,A006253,PF006253
C0004375,84,normal,,,D004376,A004376,PF004376
C0004376,65,normal,,,D004377,A004377,PF004377
C0004377,91,normal,,,D004378,A004378,PF004378
C0004378,1,normal,,,D004379,A004379,PF004379
C0004379,14,normal,,,D004380,A004380,PF004380
C0004380,51,naive_abuse,,NA_RING0068,D006068,A004381,PF004381
C0004381,18,normal,,,D004382,A004382,PF004382
C0004382,52,normal,,,D004383,A004383,PF004383
C0004383,34,normal,,,D004384,A004384,PF004384
C0004384,21,normal,,,D004385,A004385,PF004385
C0004385,77,normal,,,D004386,A004386,PF004386
C0004386,3,normal,,,D004387,A004387,PF004387
C0004387,87,normal,,,D004388,A004388,PF004388
C0004388,15,normal,,,D004389,A004389,PF004389
C0004389,58,hard_negative,promo_spike,,D004390,A004390,PF004390
C0004390,99,hard_negative,high_return_fashion,,D004391,A004391,PF004391
C0004391,11,normal,,,D004392,A004392,PF004392
C0004392,92,normal,,,D004393,A004393,PF004393
C0004393,30,normal,,,D004394,A004394,PF004394
C0004394,74,normal,,,D004395,A004395,PF004395
C0004395,85,normal,,,D004396,A004396,PF004396
C0004396,23,normal,,,D004397,A004397,PF004397
C0004397,34,normal,,,D004398,A004398,PF004398
C0004398,86,normal,,,D004399,A004399,PF004399
C0004399,10,normal,,,D004400,A004400,PF004400
C0004400,10,hard_negative,popular_product_volume,,D004401,A004401,PF004401
C0004401,30,normal,,,D004402,A004402,PF004402
C0004402,60,normal,,,D004403,A004403,PF004403
C0004403,80,normal,,,D004404,A004404,PF004404
C0004404,56,hard_negative,popular_product_volume,,D004405,A004405,PF004405
C0004405,49,hard_negative,popular_product_volume,,D004406,A004406,PF004406
C0004406,87,normal,,,D004407,A004407,PF004407
C0004407,17,normal,,,D004408,A004408,PF004408
C0004408,90,normal,,,D004409,A004409,PF004409
C0004409,31,normal,,,D004410,A004410,PF004410
C0004410,27,normal,,,D004411,A004411,PF004411
C0004411,95,normal,,,D004412,A004412,PF004412
C0004412,64,normal,,,D004413,A004413,PF004413
C0004413,43,naive_abuse,,NA_RING0051,D006051,A006051,PF004414
C0004414,33,normal,,,D004415,A004415,PF004415
C0004415,44,normal,,,D004416,A004416,PF004416
C0004416,79,normal,,,D004417,A004417,PF004417
C0004417,15,normal,,,D004418,A004418,PF004418
C0004418,17,normal,,,D004419,A004419,PF004419
C0004419,30,adaptive_abuse,,AA_RING0053,D006159,A006159,PF004420
C0004420,48,hard_negative,shared_household,HH0009,D004421,A006219,PF004421
C0004421,81,normal,,,D004422,A004422,PF004422
C0004422,21,hard_negative,shared_household,HH0033,D006243,A006243,PF004423
C0004423,78,normal,,,D004424,A004424,PF004424
C0004424,90,normal,,,D004425,A004425,PF004425
C0004425,43,normal,,,D004426,A004426,PF004426
C0004426,96,normal,,,D004427,A004427,PF004427
C0004427,89,normal,,,D004428,A004428,PF004428
C0004428,79,normal,,,D004429,A004429,PF004429
C0004429,38,normal,,,D004430,A004430,PF004430
C0004430,30,naive_abuse,,NA_RING0091,D006091,A004431,PF004431
C0004431,86,normal,,,D004432,A004432,PF004432
C0004432,44,naive_abuse,,NA_RING0019,D006019,A006019,PF004433
C0004433,3,normal,,,D004434,A004434,PF004434
C0004434,71,naive_abuse,,NA_RING0051,D004435,A006051,PF006051
C0004435,34,normal,,,D004436,A004436,PF004436
C0004436,93,normal,,,D004437,A004437,PF004437
C0004437,85,normal,,,D004438,A004438,PF004438
C0004438,10,adaptive_abuse,,AA_RING0096,D004439,A004439,PF006202
C0004439,90,normal,,,D004440,A004440,PF004440
C0004440,94,normal,,,D004441,A004441,PF004441
C0004441,75,hard_negative,high_return_fashion,,D004442,A004442,PF004442
C0004442,27,normal,,,D004443,A004443,PF004443
C0004443,66,naive_abuse,,NA_RING0013,D006013,A004444,PF004444
C0004444,86,normal,,,D004445,A004445,PF004445
C0004445,81,normal,,,D004446,A004446,PF004446
C0004446,43,normal,,,D004447,A004447,PF004447
C0004447,70,normal,,,D004448,A004448,PF004448
C0004448,38,normal,,,D004449,A004449,PF004449
C0004449,25,normal,,,D004450,A004450,PF004450
C0004450,67,normal,,,D004451,A004451,PF004451
C0004451,46,hard_negative,new_merchant_thin_history,,D004452,A004452,PF004452
C0004452,22,naive_abuse,,NA_RING0045,D006045,A004453,PF004453
C0004453,66,normal,,,D004454,A004454,PF004454
C0004454,32,normal,,,D004455,A004455,PF004455
C0004455,58,normal,,,D004456,A004456,PF004456
C0004456,36,naive_abuse,,NA_RING0016,D006016,A006016,PF006016
C0004457,88,hard_negative,high_return_fashion,,D004458,A004458,PF004458
C0004458,85,normal,,,D004459,A004459,PF004459
C0004459,47,normal,,,D004460,A004460,PF004460
C0004460,71,adaptive_abuse,,AA_RING0096,D006202,A004461,PF006202
C0004461,17,naive_abuse,,NA_RING0067,D006067,A004462,PF006067
C0004462,99,normal,,,D004463,A004463,PF004463
C0004463,21,naive_abuse,,NA_RING0073,D006073,A004464,PF004464
C0004464,86,normal,,,D004465,A004465,PF004465
C0004465,84,normal,,,D004466,A004466,PF004466
C0004466,17,hard_negative,promo_spike,,D004467,A004467,PF004467
C0004467,0,normal,,,D004468,A004468,PF004468
C0004468,73,normal,,,D004469,A004469,PF004469
C0004469,86,adaptive_abuse,,AA_RING0036,D006142,A004470,PF004470
C0004470,71,naive_abuse,,NA_RING0101,D004471,A006101,PF006101
C0004471,5,normal,,,D004472,A004472,PF004472
C0004472,64,normal,,,D004473,A004473,PF004473
C0004473,39,hard_negative,popular_product_volume,,D004474,A004474,PF004474
C0004474,91,normal,,,D004475,A004475,PF004475
C0004475,80,adaptive_abuse,,AA_RING0006,D006112,A006112,PF004476
C0004476,79,normal,,,D004477,A004477,PF004477
C0004477,40,normal,,,D004478,A004478,PF004478
C0004478,32,normal,,,D004479,A004479,PF004479
C0004479,82,naive_abuse,,NA_RING0055,D006055,A006055,PF006055
C0004480,11,adaptive_abuse,,AA_RING0050,D006156,A004481,PF004481
C0004481,10,normal,,,D004482,A004482,PF004482
C0004482,6,normal,,,D004483,A004483,PF004483
C0004483,51,hard_negative,high_return_fashion,,D004484,A004484,PF004484
C0004484,7,normal,,,D004485,A004485,PF004485
C0004485,58,normal,,,D004486,A004486,PF004486
C0004486,16,naive_abuse,,NA_RING0064,D004487,A006064,PF004487
C0004487,89,naive_abuse,,NA_RING0061,D006061,A006061,PF004488
C0004488,43,naive_abuse,,NA_RING0050,D006050,A004489,PF006050
C0004489,9,normal,,,D004490,A004490,PF004490
C0004490,69,normal,,,D004491,A004491,PF004491
C0004491,33,adaptive_abuse,,AA_RING0094,D004492,A006200,PF006200
C0004492,26,normal,,,D004493,A004493,PF004493
C0004493,65,normal,,,D004494,A004494,PF004494
C0004494,95,naive_abuse,,NA_RING0042,D004495,A006042,PF006042
C0004495,97,normal,,,D004496,A004496,PF004496
C0004496,43,naive_abuse,,NA_RING0099,D006099,A006099,PF006099
C0004497,84,normal,,,D004498,A004498,PF004498
C0004498,20,adaptive_abuse,,AA_RING0046,D006152,A004499,PF004499
C0004499,84,normal,,,D004500,A004500,PF004500
C0004500,94,normal,,,D004501,A004501,PF004501
C0004501,51,adaptive_abuse,,AA_RING0083,D004502,A004502,PF006189
C0004502,52,normal,,,D004503,A004503,PF004503
C0004503,56,hard_negative,shared_household,HH0021,D004504,A006231,PF004504
C0004504,7,normal,,,D004505,A004505,PF004505
C0004505,85,hard_negative,high_return_fashion,,D004506,A004506,PF004506
C0004506,73,naive_abuse,,NA_RING0046,D004507,A006046,PF004507
C0004507,86,normal,,,D004508,A004508,PF004508
C0004508,11,normal,,,D004509,A004509,PF004509
C0004509,80,normal,,,D004510,A004510,PF004510
C0004510,36,adaptive_abuse,,AA_RING0099,D006205,A006205,PF004511
C0004511,81,adaptive_abuse,,AA_RING0086,D006192,A004512,PF006192
C0004512,99,adaptive_abuse,,AA_RING0089,D006195,A004513,PF006195
C0004513,87,normal,,,D004514,A004514,PF004514
C0004514,91,normal,,,D004515,A004515,PF004515
C0004515,11,hard_negative,promo_spike,,D004516,A004516,PF004516
C0004516,32,hard_negative,new_merchant_thin_history,,D004517,A004517,PF004517
C0004517,29,normal,,,D004518,A004518,PF004518
C0004518,51,normal,,,D004519,A004519,PF004519
C0004519,97,normal,,,D004520,A004520,PF004520
C0004520,68,normal,,,D004521,A004521,PF004521
C0004521,54,normal,,,D004522,A004522,PF004522
C0004522,80,normal,,,D004523,A004523,PF004523
C0004523,17,normal,,,D004524,A004524,PF004524
C0004524,66,adaptive_abuse,,AA_RING0063,D006169,A004525,PF004525
C0004525,50,hard_negative,shared_household,HH0016,D004526,A006226,PF004526
C0004526,20,adaptive_abuse,,AA_RING0023,D006129,A006129,PF006129
C0004527,64,normal,,,D004528,A004528,PF004528
C0004528,84,normal,,,D004529,A004529,PF004529
C0004529,82,normal,,,D004530,A004530,PF004530
C0004530,84,normal,,,D004531,A004531,PF004531
C0004531,81,normal,,,D004532,A004532,PF004532
C0004532,46,hard_negative,new_merchant_thin_history,,D004533,A004533,PF004533
C0004533,4,naive_abuse,,NA_RING0071,D006071,A006071,PF006071
C0004534,96,naive_abuse,,NA_RING0049,D004535,A004535,PF006049
C0004535,45,normal,,,D004536,A004536,PF004536
C0004536,63,normal,,,D004537,A004537,PF004537
C0004537,2,normal,,,D004538,A004538,PF004538
C0004538,88,normal,,,D004539,A004539,PF004539
C0004539,88,hard_negative,high_return_fashion,,D004540,A004540,PF004540
C0004540,92,normal,,,D004541,A004541,PF004541
C0004541,17,hard_negative,shared_household,HH0029,D006239,A006239,PF004542
C0004542,84,normal,,,D004543,A004543,PF004543
C0004543,62,adaptive_abuse,,AA_RING0045,D006151,A004544,PF006151
C0004544,14,adaptive_abuse,,AA_RING0078,D006184,A004545,PF004545
C0004545,57,normal,,,D004546,A004546,PF004546
C0004546,47,naive_abuse,,NA_RING0004,D004547,A006004,PF006004
C0004547,62,normal,,,D004548,A004548,PF004548
C0004548,8,hard_negative,new_merchant_thin_history,,D004549,A004549,PF004549
C0004549,56,naive_abuse,,NA_RING0099,D006099,A004550,PF006099
C0004550,67,naive_abuse,,NA_RING0056,D006056,A006056,PF004551
C0004551,71,naive_abuse,,NA_RING0037,D006037,A006037,PF006037
C0004552,76,normal,,,D004553,A004553,PF004553
C0004553,62,naive_abuse,,NA_RING0048,D006048,A004554,PF006048
C0004554,70,normal,,,D004555,A004555,PF004555
C0004555,9,normal,,,D004556,A004556,PF004556
C0004556,79,normal,,,D004557,A004557,PF004557
C0004557,36,hard_negative,new_merchant_thin_history,,D004558,A004558,PF004558
C0004558,54,normal,,,D004559,A004559,PF004559
C0004559,54,normal,,,D004560,A004560,PF004560
C0004560,97,adaptive_abuse,,AA_RING0042,D004561,A006148,PF006148
C0004561,32,normal,,,D004562,A004562,PF004562
C0004562,38,normal,,,D004563,A004563,PF004563
C0004563,76,normal,,,D004564,A004564,PF004564
C0004564,63,normal,,,D004565,A004565,PF004565
C0004565,31,hard_negative,shared_household,HH0021,D006231,A006231,PF004566
C0004566,34,normal,,,D004567,A004567,PF004567
C0004567,82,normal,,,D004568,A004568,PF004568
C0004568,83,hard_negative,promo_spike,,D004569,A004569,PF004569
C0004569,14,hard_negative,new_merchant_thin_history,,D004570,A004570,PF004570
C0004570,39,naive_abuse,,NA_RING0092,D006092,A006092,PF004571
C0004571,76,normal,,,D004572,A004572,PF004572
C0004572,11,hard_negative,popular_product_volume,,D004573,A004573,PF004573
C0004573,18,normal,,,D004574,A004574,PF004574
C0004574,15,normal,,,D004575,A004575,PF004575
C0004575,52,normal,,,D004576,A004576,PF004576
C0004576,45,hard_negative,promo_spike,,D004577,A004577,PF004577
C0004577,32,normal,,,D004578,A004578,PF004578
C0004578,13,hard_negative,high_return_fashion,,D004579,A004579,PF004579
C0004579,63,normal,,,D004580,A004580,PF004580
C0004580,80,normal,,,D004581,A004581,PF004581
C0004581,21,normal,,,D004582,A004582,PF004582
C0004582,66,normal,,,D004583,A004583,PF004583
C0004583,79,normal,,,D004584,A004584,PF004584
C0004584,55,naive_abuse,,NA_RING0090,D006090,A004585,PF006090
C0004585,57,hard_negative,high_return_fashion,,D004586,A004586,PF004586
C0004586,16,normal,,,D004587,A004587,PF004587
C0004587,95,normal,,,D004588,A004588,PF004588
C0004588,95,normal,,,D004589,A004589,PF004589
C0004589,71,normal,,,D004590,A004590,PF004590
C0004590,90,normal,,,D004591,A004591,PF004591
C0004591,60,normal,,,D004592,A004592,PF004592
C0004592,66,hard_negative,promo_spike,,D004593,A004593,PF004593
C0004593,82,normal,,,D004594,A004594,PF004594
C0004594,3,normal,,,D004595,A004595,PF004595
C0004595,21,normal,,,D004596,A004596,PF004596
C0004596,20,normal,,,D004597,A004597,PF004597
C0004597,63,normal,,,D004598,A004598,PF004598
C0004598,24,normal,,,D004599,A004599,PF004599
C0004599,39,naive_abuse,,NA_RING0044,D006044,A004600,PF006044
C0004600,49,normal,,,D004601,A004601,PF004601
C0004601,74,normal,,,D004602,A004602,PF004602
C0004602,51,normal,,,D004603,A004603,PF004603
C0004603,2,normal,,,D004604,A004604,PF004604
C0004604,68,normal,,,D004605,A004605,PF004605
C0004605,42,normal,,,D004606,A004606,PF004606
C0004606,11,normal,,,D004607,A004607,PF004607
C0004607,65,normal,,,D004608,A004608,PF004608
C0004608,27,naive_abuse,,NA_RING0025,D006025,A004609,PF004609
C0004609,46,adaptive_abuse,,AA_RING0064,D004610,A006170,PF006170
C0004610,96,normal,,,D004611,A004611,PF004611
C0004611,23,normal,,,D004612,A004612,PF004612
C0004612,88,hard_negative,promo_spike,,D004613,A004613,PF004613
C0004613,46,adaptive_abuse,,AA_RING0036,D006142,A006142,PF004614
C0004614,93,naive_abuse,,NA_RING0022,D006022,A006022,PF006022
C0004615,84,normal,,,D004616,A004616,PF004616
C0004616,83,normal,,,D004617,A004617,PF004617
C0004617,20,normal,,,D004618,A004618,PF004618
C0004618,79,naive_abuse,,NA_RING0062,D004619,A006062,PF006062
C0004619,36,normal,,,D004620,A004620,PF004620
C0004620,91,normal,,,D004621,A004621,PF004621
C0004621,99,normal,,,D004622,A004622,PF004622
C0004622,61,normal,,,D004623,A004623,PF004623
C0004623,91,normal,,,D004624,A004624,PF004624
C0004624,53,normal,,,D004625,A004625,PF004625
C0004625,3,normal,,,D004626,A004626,PF004626
C0004626,87,hard_negative,high_return_fashion,,D004627,A004627,PF004627
C0004627,53,normal,,,D004628,A004628,PF004628
C0004628,4,normal,,,D004629,A004629,PF004629
C0004629,6,naive_abuse,,NA_RING0088,D006088,A006088,PF006088
C0004630,72,hard_negative,shared_household,HH0017,D006227,A006227,PF006227
C0004631,92,normal,,,D004632,A004632,PF004632
C0004632,69,normal,,,D004633,A004633,PF004633
C0004633,44,normal,,,D004634,A004634,PF004634
C0004634,30,normal,,,D004635,A004635,PF004635
C0004635,41,normal,,,D004636,A004636,PF004636
C0004636,32,normal,,,D004637,A004637,PF004637
C0004637,27,normal,,,D004638,A004638,PF004638
C0004638,12,normal,,,D004639,A004639,PF004639
C0004639,56,normal,,,D004640,A004640,PF004640
C0004640,21,normal,,,D004641,A004641,PF004641
C0004641,14,hard_negative,shared_household,HH0044,D006254,A006254,PF006254
C0004642,27,normal,,,D004643,A004643,PF004643
C0004643,79,normal,,,D004644,A004644,PF004644
C0004644,57,normal,,,D004645,A004645,PF004645
C0004645,49,hard_negative,shared_household,HH0014,D004646,A006224,PF004646
C0004646,59,adaptive_abuse,,AA_RING0043,D006149,A004647,PF006149
C0004647,56,normal,,,D004648,A004648,PF004648
C0004648,49,normal,,,D004649,A004649,PF004649
C0004649,84,normal,,,D004650,A004650,PF004650
C0004650,73,normal,,,D004651,A004651,PF004651
C0004651,18,naive_abuse,,NA_RING0084,D006084,A006084,PF006084
C0004652,81,normal,,,D004653,A004653,PF004653
C0004653,17,adaptive_abuse,,AA_RING0101,D006207,A006207,PF006207
C0004654,7,normal,,,D004655,A004655,PF004655
C0004655,42,normal,,,D004656,A004656,PF004656
C0004656,39,naive_abuse,,NA_RING0063,D006063,A006063,PF004657
C0004657,78,normal,,,D004658,A004658,PF004658
C0004658,69,hard_negative,shared_household,HH0031,D006241,A006241,PF004659
C0004659,5,normal,,,D004660,A004660,PF004660
C0004660,49,naive_abuse,,NA_RING0005,D006005,A004661,PF006005
C0004661,79,normal,,,D004662,A004662,PF004662
C0004662,73,normal,,,D004663,A004663,PF004663
C0004663,50,naive_abuse,,NA_RING0052,D004664,A006052,PF006052
C0004664,61,normal,,,D004665,A004665,PF004665
C0004665,56,normal,,,D004666,A004666,PF004666
C0004666,23,hard_negative,shared_household,HH0002,D004667,A006212,PF004667
C0004667,56,normal,,,D004668,A004668,PF004668
C0004668,67,naive_abuse,,NA_RING0007,D006007,A006007,PF004669
C0004669,5,normal,,,D004670,A004670,PF004670
C0004670,69,normal,,,D004671,A004671,PF004671
C0004671,24,normal,,,D004672,A004672,PF004672
C0004672,0,normal,,,D004673,A004673,PF004673
C0004673,75,adaptive_abuse,,AA_RING0074,D004674,A004674,PF004674
C0004674,38,normal,,,D004675,A004675,PF004675
C0004675,41,normal,,,D004676,A004676,PF004676
C0004676,62,normal,,,D004677,A004677,PF004677
C0004677,56,normal,,,D004678,A004678,PF004678
C0004678,62,normal,,,D004679,A004679,PF004679
C0004679,94,hard_negative,high_return_fashion,,D004680,A004680,PF004680
C0004680,65,hard_negative,new_merchant_thin_history,,D004681,A004681,PF004681
C0004681,4,naive_abuse,,NA_RING0009,D006009,A006009,PF004682
C0004682,22,normal,,,D004683,A004683,PF004683
C0004683,44,normal,,,D004684,A004684,PF004684
C0004684,47,normal,,,D004685,A004685,PF004685
C0004685,36,hard_negative,promo_spike,,D004686,A004686,PF004686
C0004686,18,normal,,,D004687,A004687,PF004687
C0004687,10,normal,,,D004688,A004688,PF004688
C0004688,14,normal,,,D004689,A004689,PF004689
C0004689,95,naive_abuse,,NA_RING0011,D006011,A004690,PF006011
C0004690,39,naive_abuse,,NA_RING0031,D006031,A006031,PF004691
C0004691,96,naive_abuse,,NA_RING0051,D004692,A006051,PF006051
C0004692,33,normal,,,D004693,A004693,PF004693
C0004693,31,adaptive_abuse,,AA_RING0077,D006183,A006183,PF004694
C0004694,48,normal,,,D004695,A004695,PF004695
C0004695,94,normal,,,D004696,A004696,PF004696
C0004696,56,normal,,,D004697,A004697,PF004697
C0004697,3,normal,,,D004698,A004698,PF004698
C0004698,27,normal,,,D004699,A004699,PF004699
C0004699,98,normal,,,D004700,A004700,PF004700
C0004700,15,normal,,,D004701,A004701,PF004701
C0004701,83,normal,,,D004702,A004702,PF004702
C0004702,92,naive_abuse,,NA_RING0018,D006018,A006018,PF006018
C0004703,21,normal,,,D004704,A004704,PF004704
C0004704,55,normal,,,D004705,A004705,PF004705
C0004705,59,normal,,,D004706,A004706,PF004706
C0004706,79,naive_abuse,,NA_RING0001,D006001,A004707,PF004707
C0004707,79,normal,,,D004708,A004708,PF004708
C0004708,6,normal,,,D004709,A004709,PF004709
C0004709,31,normal,,,D004710,A004710,PF004710
C0004710,94,normal,,,D004711,A004711,PF004711
C0004711,35,normal,,,D004712,A004712,PF004712
C0004712,24,normal,,,D004713,A004713,PF004713
C0004713,62,normal,,,D004714,A004714,PF004714
C0004714,19,normal,,,D004715,A004715,PF004715
C0004715,14,normal,,,D004716,A004716,PF004716
C0004716,79,normal,,,D004717,A004717,PF004717
C0004717,11,normal,,,D004718,A004718,PF004718
C0004718,89,normal,,,D004719,A004719,PF004719
C0004719,24,normal,,,D004720,A004720,PF004720
C0004720,10,normal,,,D004721,A004721,PF004721
C0004721,74,normal,,,D004722,A004722,PF004722
C0004722,17,normal,,,D004723,A004723,PF004723
C0004723,36,normal,,,D004724,A004724,PF004724
C0004724,35,normal,,,D004725,A004725,PF004725
C0004725,50,normal,,,D004726,A004726,PF004726
C0004726,47,normal,,,D004727,A004727,PF004727
C0004727,19,normal,,,D004728,A004728,PF004728
C0004728,23,normal,,,D004729,A004729,PF004729
C0004729,19,hard_negative,high_return_fashion,,D004730,A004730,PF004730
C0004730,5,normal,,,D004731,A004731,PF004731
C0004731,65,normal,,,D004732,A004732,PF004732
C0004732,47,hard_negative,shared_household,HH0022,D004733,A006232,PF006232
C0004733,10,normal,,,D004734,A004734,PF004734
C0004734,33,normal,,,D004735,A004735,PF004735
C0004735,66,normal,,,D004736,A004736,PF004736
C0004736,28,adaptive_abuse,,AA_RING0080,D006186,A006186,PF006186
C0004737,40,adaptive_abuse,,AA_RING0085,D006191,A006191,PF006191
C0004738,74,normal,,,D004739,A004739,PF004739
C0004739,67,hard_negative,shared_household,HH0007,D004740,A006217,PF006217
C0004740,70,normal,,,D004741,A004741,PF004741
C0004741,38,normal,,,D004742,A004742,PF004742
C0004742,48,normal,,,D004743,A004743,PF004743
C0004743,84,normal,,,D004744,A004744,PF004744
C0004744,87,normal,,,D004745,A004745,PF004745
C0004745,5,naive_abuse,,NA_RING0026,D006026,A004746,PF006026
C0004746,83,normal,,,D004747,A004747,PF004747
C0004747,89,normal,,,D004748,A004748,PF004748
C0004748,94,normal,,,D004749,A004749,PF004749
C0004749,26,normal,,,D004750,A004750,PF004750
C0004750,50,normal,,,D004751,A004751,PF004751
C0004751,4,adaptive_abuse,,AA_RING0091,D004752,A004752,PF004752
C0004752,10,normal,,,D004753,A004753,PF004753
C0004753,56,normal,,,D004754,A004754,PF004754
C0004754,20,normal,,,D004755,A004755,PF004755
C0004755,22,adaptive_abuse,,AA_RING0003,D006109,A006109,PF004756
C0004756,29,adaptive_abuse,,AA_RING0082,D004757,A004757,PF004757
C0004757,45,normal,,,D004758,A004758,PF004758
C0004758,15,normal,,,D004759,A004759,PF004759
C0004759,80,normal,,,D004760,A004760,PF004760
C0004760,66,naive_abuse,,NA_RING0063,D006063,A006063,PF004761
C0004761,79,naive_abuse,,NA_RING0010,D006010,A004762,PF006010
C0004762,92,naive_abuse,,NA_RING0005,D006005,A006005,PF004763
C0004763,60,normal,,,D004764,A004764,PF004764
C0004764,36,normal,,,D004765,A004765,PF004765
C0004765,97,normal,,,D004766,A004766,PF004766
C0004766,56,normal,,,D004767,A004767,PF004767
C0004767,46,normal,,,D004768,A004768,PF004768
C0004768,41,normal,,,D004769,A004769,PF004769
C0004769,3,normal,,,D004770,A004770,PF004770
C0004770,95,naive_abuse,,NA_RING0043,D006043,A004771,PF006043
C0004771,81,hard_negative,promo_spike,,D004772,A004772,PF004772
C0004772,69,naive_abuse,,NA_RING0049,D006049,A004773,PF006049
C0004773,22,hard_negative,promo_spike,,D004774,A004774,PF004774
C0004774,92,hard_negative,promo_spike,,D004775,A004775,PF004775
C0004775,17,normal,,,D004776,A004776,PF004776
C0004776,24,normal,,,D004777,A004777,PF004777
C0004777,7,normal,,,D004778,A004778,PF004778
C0004778,28,normal,,,D004779,A004779,PF004779
C0004779,32,normal,,,D004780,A004780,PF004780
C0004780,79,naive_abuse,,NA_RING0016,D004781,A004781,PF004781
C0004781,32,hard_negative,promo_spike,,D004782,A004782,PF004782
C0004782,95,adaptive_abuse,,AA_RING0090,D006196,A006196,PF004783
C0004783,30,adaptive_abuse,,AA_RING0036,D006142,A006142,PF006142
C0004784,52,naive_abuse,,NA_RING0001,D004785,A006001,PF006001
C0004785,59,normal,,,D004786,A004786,PF004786
C0004786,82,naive_abuse,,NA_RING0023,D004787,A004787,PF006023
C0004787,75,naive_abuse,,NA_RING0061,D006061,A006061,PF006061
C0004788,86,naive_abuse,,NA_RING0070,D006070,A006070,PF006070
C0004789,93,normal,,,D004790,A004790,PF004790
C0004790,11,normal,,,D004791,A004791,PF004791
C0004791,9,adaptive_abuse,,AA_RING0058,D004792,A004792,PF004792
C0004792,44,normal,,,D004793,A004793,PF004793
C0004793,15,normal,,,D004794,A004794,PF004794
C0004794,49,normal,,,D004795,A004795,PF004795
C0004795,58,normal,,,D004796,A004796,PF004796
C0004796,27,normal,,,D004797,A004797,PF004797
C0004797,9,adaptive_abuse,,AA_RING0018,D004798,A006124,PF006124
C0004798,96,naive_abuse,,NA_RING0010,D006010,A004799,PF006010
C0004799,37,adaptive_abuse,,AA_RING0078,D006184,A006184,PF006184
C0004800,83,normal,,,D004801,A004801,PF004801
C0004801,62,normal,,,D004802,A004802,PF004802
C0004802,66,normal,,,D004803,A004803,PF004803
C0004803,78,normal,,,D004804,A004804,PF004804
C0004804,26,normal,,,D004805,A004805,PF004805
C0004805,21,hard_negative,high_return_fashion,,D004806,A004806,PF004806
C0004806,99,adaptive_abuse,,AA_RING0039,D006145,A004807,PF004807
C0004807,66,normal,,,D004808,A004808,PF004808
C0004808,29,normal,,,D004809,A004809,PF004809
C0004809,64,normal,,,D004810,A004810,PF004810
C0004810,39,normal,,,D004811,A004811,PF004811
C0004811,85,normal,,,D004812,A004812,PF004812
C0004812,50,normal,,,D004813,A004813,PF004813
C0004813,31,normal,,,D004814,A004814,PF004814
C0004814,69,normal,,,D004815,A004815,PF004815
C0004815,75,naive_abuse,,NA_RING0027,D006027,A006027,PF004816
C0004816,37,normal,,,D004817,A004817,PF004817
C0004817,75,normal,,,D004818,A004818,PF004818
C0004818,23,normal,,,D004819,A004819,PF004819
C0004819,23,normal,,,D004820,A004820,PF004820
C0004820,82,normal,,,D004821,A004821,PF004821
C0004821,62,naive_abuse,,NA_RING0011,D006011,A004822,PF004822
C0004822,3,naive_abuse,,NA_RING0087,D006087,A006087,PF004823
C0004823,67,normal,,,D004824,A004824,PF004824
C0004824,30,normal,,,D004825,A004825,PF004825
C0004825,27,normal,,,D004826,A004826,PF004826
C0004826,42,normal,,,D004827,A004827,PF004827
C0004827,45,normal,,,D004828,A004828,PF004828
C0004828,89,naive_abuse,,NA_RING0073,D006073,A004829,PF006073
C0004829,43,normal,,,D004830,A004830,PF004830
C0004830,29,normal,,,D004831,A004831,PF004831
C0004831,77,normal,,,D004832,A004832,PF004832
C0004832,54,normal,,,D004833,A004833,PF004833
C0004833,0,adaptive_abuse,,AA_RING0090,D006196,A004834,PF004834
C0004834,63,normal,,,D004835,A004835,PF004835
C0004835,50,normal,,,D004836,A004836,PF004836
C0004836,57,normal,,,D004837,A004837,PF004837
C0004837,18,naive_abuse,,NA_RING0029,D006029,A006029,PF004838
C0004838,47,normal,,,D004839,A004839,PF004839
C0004839,64,normal,,,D004840,A004840,PF004840
C0004840,67,normal,,,D004841,A004841,PF004841
C0004841,68,normal,,,D004842,A004842,PF004842
C0004842,99,naive_abuse,,NA_RING0012,D006012,A004843,PF006012
C0004843,50,normal,,,D004844,A004844,PF004844
C0004844,42,normal,,,D004845,A004845,PF004845
C0004845,54,normal,,,D004846,A004846,PF004846
C0004846,32,normal,,,D004847,A004847,PF004847
C0004847,31,normal,,,D004848,A004848,PF004848
C0004848,69,naive_abuse,,NA_RING0066,D004849,A006066,PF006066
C0004849,31,normal,,,D004850,A004850,PF004850
C0004850,74,normal,,,D004851,A004851,PF004851
C0004851,74,normal,,,D004852,A004852,PF004852
C0004852,95,hard_negative,shared_household,HH0008,D004853,A006218,PF004853
C0004853,13,normal,,,D004854,A004854,PF004854
C0004854,36,normal,,,D004855,A004855,PF004855
C0004855,77,normal,,,D004856,A004856,PF004856
C0004856,42,normal,,,D004857,A004857,PF004857
C0004857,65,adaptive_abuse,,AA_RING0102,D006208,A006208,PF004858
C0004858,73,normal,,,D004859,A004859,PF004859
C0004859,88,normal,,,D004860,A004860,PF004860
C0004860,22,normal,,,D004861,A004861,PF004861
C0004861,26,normal,,,D004862,A004862,PF004862
C0004862,47,normal,,,D004863,A004863,PF004863
C0004863,50,normal,,,D004864,A004864,PF004864
C0004864,90,normal,,,D004865,A004865,PF004865
C0004865,3,naive_abuse,,NA_RING0096,D004866,A004866,PF006096
C0004866,24,naive_abuse,,NA_RING0027,D004867,A004867,PF004867
C0004867,91,normal,,,D004868,A004868,PF004868
C0004868,61,adaptive_abuse,,AA_RING0041,D004869,A006147,PF004869
C0004869,67,adaptive_abuse,,AA_RING0037,D006143,A006143,PF006143
C0004870,24,normal,,,D004871,A004871,PF004871
C0004871,62,normal,,,D004872,A004872,PF004872
C0004872,36,normal,,,D004873,A004873,PF004873
C0004873,73,normal,,,D004874,A004874,PF004874
C0004874,9,normal,,,D004875,A004875,PF004875
C0004875,28,normal,,,D004876,A004876,PF004876
C0004876,64,adaptive_abuse,,AA_RING0069,D004877,A004877,PF006175
C0004877,60,normal,,,D004878,A004878,PF004878
C0004878,84,hard_negative,high_return_fashion,,D004879,A004879,PF004879
C0004879,80,normal,,,D004880,A004880,PF004880
C0004880,1,normal,,,D004881,A004881,PF004881
C0004881,9,naive_abuse,,NA_RING0101,D006101,A004882,PF006101
C0004882,35,normal,,,D004883,A004883,PF004883
C0004883,95,normal,,,D004884,A004884,PF004884
C0004884,47,normal,,,D004885,A004885,PF004885
C0004885,89,normal,,,D004886,A004886,PF004886
C0004886,5,normal,,,D004887,A004887,PF004887
C0004887,96,normal,,,D004888,A004888,PF004888
C0004888,6,normal,,,D004889,A004889,PF004889
C0004889,80,normal,,,D004890,A004890,PF004890
C0004890,87,normal,,,D004891,A004891,PF004891
C0004891,29,normal,,,D004892,A004892,PF004892
C0004892,30,normal,,,D004893,A004893,PF004893
C0004893,58,normal,,,D004894,A004894,PF004894
C0004894,72,normal,,,D004895,A004895,PF004895
C0004895,12,hard_negative,shared_household,HH0013,D006223,A006223,PF006223
C0004896,23,normal,,,D004897,A004897,PF004897
C0004897,75,normal,,,D004898,A004898,PF004898
C0004898,80,normal,,,D004899,A004899,PF004899
C0004899,15,adaptive_abuse,,AA_RING0042,D006148,A006148,PF006148
C0004900,88,normal,,,D004901,A004901,PF004901
C0004901,86,normal,,,D004902,A004902,PF004902
C0004902,86,normal,,,D004903,A004903,PF004903
C0004903,24,normal,,,D004904,A004904,PF004904
C0004904,66,normal,,,D004905,A004905,PF004905
C0004905,16,normal,,,D004906,A004906,PF004906
C0004906,19,normal,,,D004907,A004907,PF004907
C0004907,7,normal,,,D004908,A004908,PF004908
C0004908,49,normal,,,D004909,A004909,PF004909
C0004909,71,hard_negative,shared_household,HH0041,D004910,A006251,PF006251
C0004910,19,normal,,,D004911,A004911,PF004911
C0004911,18,adaptive_abuse,,AA_RING0067,D006173,A004912,PF006173
C0004912,27,hard_negative,popular_product_volume,,D004913,A004913,PF004913
C0004913,19,naive_abuse,,NA_RING0077,D004914,A006077,PF004914
C0004914,83,hard_negative,high_return_fashion,,D004915,A004915,PF004915
C0004915,16,normal,,,D004916,A004916,PF004916
C0004916,27,normal,,,D004917,A004917,PF004917
C0004917,30,normal,,,D004918,A004918,PF004918
C0004918,20,normal,,,D004919,A004919,PF004919
C0004919,94,normal,,,D004920,A004920,PF004920
C0004920,20,normal,,,D004921,A004921,PF004921
C0004921,48,normal,,,D004922,A004922,PF004922
C0004922,56,adaptive_abuse,,AA_RING0037,D006143,A006143,PF004923
C0004923,26,normal,,,D004924,A004924,PF004924
C0004924,47,normal,,,D004925,A004925,PF004925
C0004925,17,normal,,,D004926,A004926,PF004926
C0004926,48,normal,,,D004927,A004927,PF004927
C0004927,1,naive_abuse,,NA_RING0069,D004928,A006069,PF004928
C0004928,43,normal,,,D004929,A004929,PF004929
C0004929,36,normal,,,D004930,A004930,PF004930
C0004930,35,normal,,,D004931,A004931,PF004931
C0004931,11,normal,,,D004932,A004932,PF004932
C0004932,99,normal,,,D004933,A004933,PF004933
C0004933,2,adaptive_abuse,,AA_RING0054,D006160,A006160,PF006160
C0004934,14,normal,,,D004935,A004935,PF004935
C0004935,10,normal,,,D004936,A004936,PF004936
C0004936,97,normal,,,D004937,A004937,PF004937
C0004937,31,normal,,,D004938,A004938,PF004938
C0004938,43,adaptive_abuse,,AA_RING0049,D006155,A004939,PF004939
C0004939,75,hard_negative,promo_spike,,D004940,A004940,PF004940
C0004940,5,normal,,,D004941,A004941,PF004941
C0004941,6,normal,,,D004942,A004942,PF004942
C0004942,18,normal,,,D004943,A004943,PF004943
C0004943,67,normal,,,D004944,A004944,PF004944
C0004944,97,normal,,,D004945,A004945,PF004945
C0004945,62,naive_abuse,,NA_RING0093,D006093,A004946,PF004946
C0004946,87,normal,,,D004947,A004947,PF004947
C0004947,88,normal,,,D004948,A004948,PF004948
C0004948,27,hard_negative,shared_household,HH0025,D006235,A006235,PF006235
C0004949,18,hard_negative,shared_household,HH0036,D004950,A006246,PF004950
C0004950,16,normal,,,D004951,A004951,PF004951
C0004951,79,normal,,,D004952,A004952,PF004952
C0004952,66,normal,,,D004953,A004953,PF004953
C0004953,86,naive_abuse,,NA_RING0046,D004954,A006046,PF006046
C0004954,50,normal,,,D004955,A004955,PF004955
C0004955,97,normal,,,D004956,A004956,PF004956
C0004956,89,normal,,,D004957,A004957,PF004957
C0004957,80,normal,,,D004958,A004958,PF004958
C0004958,80,normal,,,D004959,A004959,PF004959
C0004959,12,hard_negative,popular_product_volume,,D004960,A004960,PF004960
C0004960,74,normal,,,D004961,A004961,PF004961
C0004961,94,normal,,,D004962,A004962,PF004962
C0004962,29,adaptive_abuse,,AA_RING0059,D004963,A004963,PF006165
C0004963,81,normal,,,D004964,A004964,PF004964
C0004964,35,normal,,,D004965,A004965,PF004965
C0004965,21,normal,,,D004966,A004966,PF004966
C0004966,73,normal,,,D004967,A004967,PF004967
C0004967,16,normal,,,D004968,A004968,PF004968
C0004968,48,normal,,,D004969,A004969,PF004969
C0004969,93,normal,,,D004970,A004970,PF004970
C0004970,15,normal,,,D004971,A004971,PF004971
C0004971,15,normal,,,D004972,A004972,PF004972
C0004972,94,naive_abuse,,NA_RING0014,D006014,A004973,PF006014
C0004973,77,normal,,,D004974,A004974,PF004974
C0004974,46,hard_negative,high_return_fashion,,D004975,A004975,PF004975
C0004975,40,normal,,,D004976,A004976,PF004976
C0004976,96,normal,,,D004977,A004977,PF004977
C0004977,72,normal,,,D004978,A004978,PF004978
C0004978,90,normal,,,D004979,A004979,PF004979
C0004979,9,normal,,,D004980,A004980,PF004980
C0004980,53,normal,,,D004981,A004981,PF004981
C0004981,72,normal,,,D004982,A004982,PF004982
C0004982,3,normal,,,D004983,A004983,PF004983
C0004983,51,normal,,,D004984,A004984,PF004984
C0004984,5,normal,,,D004985,A004985,PF004985
C0004985,90,normal,,,D004986,A004986,PF004986
C0004986,68,normal,,,D004987,A004987,PF004987
C0004987,18,normal,,,D004988,A004988,PF004988
C0004988,52,normal,,,D004989,A004989,PF004989
C0004989,10,normal,,,D004990,A004990,PF004990
C0004990,80,normal,,,D004991,A004991,PF004991
C0004991,19,normal,,,D004992,A004992,PF004992
C0004992,60,normal,,,D004993,A004993,PF004993
C0004993,7,adaptive_abuse,,AA_RING0087,D004994,A006193,PF006193
C0004994,15,normal,,,D004995,A004995,PF004995
C0004995,98,naive_abuse,,NA_RING0059,D006059,A006059,PF004996
C0004996,38,normal,,,D004997,A004997,PF004997
C0004997,12,normal,,,D004998,A004998,PF004998
C0004998,69,normal,,,D004999,A004999,PF004999
C0004999,20,normal,,,D005000,A005000,PF005000
C0005000,58,normal,,,D005001,A005001,PF005001
C0005001,80,naive_abuse,,NA_RING0104,D006104,A005002,PF006104
C0005002,68,normal,,,D005003,A005003,PF005003
C0005003,24,normal,,,D005004,A005004,PF005004
C0005004,23,normal,,,D005005,A005005,PF005005
C0005005,22,normal,,,D005006,A005006,PF005006
C0005006,63,hard_negative,shared_household,HH0044,D005007,A006254,PF006254
C0005007,67,normal,,,D005008,A005008,PF005008
C0005008,52,normal,,,D005009,A005009,PF005009
C0005009,39,adaptive_abuse,,AA_RING0027,D006133,A005010,PF006133
C0005010,6,adaptive_abuse,,AA_RING0101,D006207,A006207,PF006207
C0005011,83,normal,,,D005012,A005012,PF005012
C0005012,66,normal,,,D005013,A005013,PF005013
C0005013,63,naive_abuse,,NA_RING0073,D006073,A005014,PF005014
C0005014,10,normal,,,D005015,A005015,PF005015
C0005015,28,normal,,,D005016,A005016,PF005016
C0005016,30,normal,,,D005017,A005017,PF005017
C0005017,59,adaptive_abuse,,AA_RING0062,D006168,A006168,PF006168
C0005018,78,adaptive_abuse,,AA_RING0001,D005019,A005019,PF006107
C0005019,86,normal,,,D005020,A005020,PF005020
C0005020,52,normal,,,D005021,A005021,PF005021
C0005021,36,normal,,,D005022,A005022,PF005022
C0005022,40,normal,,,D005023,A005023,PF005023
C0005023,73,naive_abuse,,NA_RING0076,D006076,A005024,PF006076
C0005024,31,normal,,,D005025,A005025,PF005025
C0005025,41,normal,,,D005026,A005026,PF005026
C0005026,78,hard_negative,shared_household,HH0048,D005027,A006258,PF005027
C0005027,54,normal,,,D005028,A005028,PF005028
C0005028,46,naive_abuse,,NA_RING0054,D006054,A005029,PF006054
C0005029,73,normal,,,D005030,A005030,PF005030
C0005030,28,naive_abuse,,NA_RING0073,D006073,A006073,PF006073
C0005031,6,normal,,,D005032,A005032,PF005032
C0005032,78,normal,,,D005033,A005033,PF005033
C0005033,45,normal,,,D005034,A005034,PF005034
C0005034,32,normal,,,D005035,A005035,PF005035
C0005035,9,normal,,,D005036,A005036,PF005036
C0005036,92,normal,,,D005037,A005037,PF005037
C0005037,72,normal,,,D005038,A005038,PF005038
C0005038,27,hard_negative,popular_product_volume,,D005039,A005039,PF005039
C0005039,60,normal,,,D005040,A005040,PF005040
C0005040,46,normal,,,D005041,A005041,PF005041
C0005041,32,hard_negative,high_return_fashion,,D005042,A005042,PF005042
C0005042,31,normal,,,D005043,A005043,PF005043
C0005043,7,hard_negative,new_merchant_thin_history,,D005044,A005044,PF005044
C0005044,97,normal,,,D005045,A005045,PF005045
C0005045,92,normal,,,D005046,A005046,PF005046
C0005046,87,normal,,,D005047,A005047,PF005047
C0005047,31,naive_abuse,,NA_RING0055,D006055,A005048,PF006055
C0005048,99,normal,,,D005049,A005049,PF005049
C0005049,27,normal,,,D005050,A005050,PF005050
C0005050,82,adaptive_abuse,,AA_RING0032,D006138,A005051,PF005051
C0005051,10,normal,,,D005052,A005052,PF005052
C0005052,31,naive_abuse,,NA_RING0010,D006010,A005053,PF006010
C0005053,57,hard_negative,new_merchant_thin_history,,D005054,A005054,PF005054
C0005054,96,adaptive_abuse,,AA_RING0093,D006199,A006199,PF005055
C0005055,26,adaptive_abuse,,AA_RING0100,D005056,A006206,PF006206
C0005056,43,adaptive_abuse,,AA_RING0004,D005057,A005057,PF006110
C0005057,84,normal,,,D005058,A005058,PF005058
C0005058,47,hard_negative,popular_product_volume,,D005059,A005059,PF005059
C0005059,68,naive_abuse,,NA_RING0058,D005060,A005060,PF006058
C0005060,41,normal,,,D005061,A005061,PF005061
C0005061,0,normal,,,D005062,A005062,PF005062
C0005062,28,adaptive_abuse,,AA_RING0048,D006154,A005063,PF005063
C0005063,56,normal,,,D005064,A005064,PF005064
C0005064,1,normal,,,D005065,A005065,PF005065
C0005065,23,normal,,,D005066,A005066,PF005066
C0005066,95,normal,,,D005067,A005067,PF005067
C0005067,1,hard_negative,shared_household,HH0022,D005068,A006232,PF005068
C0005068,24,normal,,,D005069,A005069,PF005069
C0005069,61,normal,,,D005070,A005070,PF005070
C0005070,56,naive_abuse,,NA_RING0006,D005071,A005071,PF006006
C0005071,20,normal,,,D005072,A005072,PF005072
C0005072,5,hard_negative,promo_spike,,D005073,A005073,PF005073
C0005073,89,normal,,,D005074,A005074,PF005074
C0005074,55,naive_abuse,,NA_RING0058,D006058,A006058,PF006058
C0005075,57,adaptive_abuse,,AA_RING0083,D005076,A005076,PF006189
C0005076,5,normal,,,D005077,A005077,PF005077
C0005077,20,normal,,,D005078,A005078,PF005078
C0005078,7,normal,,,D005079,A005079,PF005079
C0005079,97,normal,,,D005080,A005080,PF005080
C0005080,76,hard_negative,high_return_fashion,,D005081,A005081,PF005081
C0005081,54,normal,,,D005082,A005082,PF005082
C0005082,68,normal,,,D005083,A005083,PF005083
C0005083,16,normal,,,D005084,A005084,PF005084
C0005084,98,normal,,,D005085,A005085,PF005085
C0005085,51,naive_abuse,,NA_RING0080,D005086,A006080,PF005086
C0005086,51,normal,,,D005087,A005087,PF005087
C0005087,95,normal,,,D005088,A005088,PF005088
C0005088,9,normal,,,D005089,A005089,PF005089
C0005089,42,naive_abuse,,NA_RING0084,D006084,A005090,PF006084
C0005090,8,normal,,,D005091,A005091,PF005091
C0005091,42,normal,,,D005092,A005092,PF005092
C0005092,26,normal,,,D005093,A005093,PF005093
C0005093,46,normal,,,D005094,A005094,PF005094
C0005094,70,adaptive_abuse,,AA_RING0068,D006174,A005095,PF006174
C0005095,28,normal,,,D005096,A005096,PF005096
C0005096,5,normal,,,D005097,A005097,PF005097
C0005097,16,hard_negative,new_merchant_thin_history,,D005098,A005098,PF005098
C0005098,71,normal,,,D005099,A005099,PF005099
C0005099,57,normal,,,D005100,A005100,PF005100
C0005100,97,normal,,,D005101,A005101,PF005101
C0005101,89,normal,,,D005102,A005102,PF005102
C0005102,16,hard_negative,promo_spike,,D005103,A005103,PF005103
C0005103,73,naive_abuse,,NA_RING0089,D006089,A005104,PF006089
C0005104,9,adaptive_abuse,,AA_RING0100,D006206,A005105,PF005105
C0005105,9,naive_abuse,,NA_RING0010,D006010,A005106,PF006010
C0005106,79,normal,,,D005107,A005107,PF005107
C0005107,40,normal,,,D005108,A005108,PF005108
C0005108,99,normal,,,D005109,A005109,PF005109
C0005109,0,adaptive_abuse,,AA_RING0008,D006114,A005110,PF005110
C0005110,50,hard_negative,high_return_fashion,,D005111,A005111,PF005111
C0005111,30,normal,,,D005112,A005112,PF005112
C0005112,98,normal,,,D005113,A005113,PF005113
C0005113,66,hard_negative,shared_household,HH0006,D006216,A006216,PF005114
C0005114,77,adaptive_abuse,,AA_RING0072,D006178,A005115,PF006178
C0005115,29,hard_negative,popular_product_volume,,D005116,A005116,PF005116
C0005116,89,normal,,,D005117,A005117,PF005117
C0005117,84,normal,,,D005118,A005118,PF005118
C0005118,78,normal,,,D005119,A005119,PF005119
C0005119,47,normal,,,D005120,A005120,PF005120
C0005120,92,adaptive_abuse,,AA_RING0070,D006176,A006176,PF006176
C0005121,66,normal,,,D005122,A005122,PF005122
C0005122,6,normal,,,D005123,A005123,PF005123
C0005123,88,normal,,,D005124,A005124,PF005124
C0005124,2,normal,,,D005125,A005125,PF005125
C0005125,68,normal,,,D005126,A005126,PF005126
C0005126,24,normal,,,D005127,A005127,PF005127
C0005127,89,naive_abuse,,NA_RING0049,D005128,A005128,PF006049
C0005128,72,normal,,,D005129,A005129,PF005129
C0005129,80,normal,,,D005130,A005130,PF005130
C0005130,69,normal,,,D005131,A005131,PF005131
C0005131,56,normal,,,D005132,A005132,PF005132
C0005132,86,hard_negative,new_merchant_thin_history,,D005133,A005133,PF005133
C0005133,29,naive_abuse,,NA_RING0039,D005134,A005134,PF006039
C0005134,52,normal,,,D005135,A005135,PF005135
C0005135,29,adaptive_abuse,,AA_RING0018,D005136,A005136,PF005136
C0005136,11,hard_negative,promo_spike,,D005137,A005137,PF005137
C0005137,87,normal,,,D005138,A005138,PF005138
C0005138,49,normal,,,D005139,A005139,PF005139
C0005139,5,normal,,,D005140,A005140,PF005140
C0005140,82,naive_abuse,,NA_RING0038,D005141,A005141,PF006038
C0005141,94,normal,,,D005142,A005142,PF005142
C0005142,66,normal,,,D005143,A005143,PF005143
C0005143,32,hard_negative,shared_household,HH0007,D006217,A006217,PF005144
C0005144,85,naive_abuse,,NA_RING0048,D006048,A006048,PF005145
C0005145,73,normal,,,D005146,A005146,PF005146
C0005146,28,hard_negative,popular_product_volume,,D005147,A005147,PF005147
C0005147,33,normal,,,D005148,A005148,PF005148
C0005148,98,naive_abuse,,NA_RING0100,D005149,A005149,PF005149
C0005149,95,normal,,,D005150,A005150,PF005150
C0005150,67,normal,,,D005151,A005151,PF005151
C0005151,3,adaptive_abuse,,AA_RING0067,D005152,A005152,PF006173
C0005152,22,normal,,,D005153,A005153,PF005153
C0005153,35,normal,,,D005154,A005154,PF005154
C0005154,53,normal,,,D005155,A005155,PF005155
C0005155,86,normal,,,D005156,A005156,PF005156
C0005156,84,normal,,,D005157,A005157,PF005157
C0005157,27,normal,,,D005158,A005158,PF005158
C0005158,10,hard_negative,popular_product_volume,,D005159,A005159,PF005159
C0005159,27,hard_negative,popular_product_volume,,D005160,A005160,PF005160
C0005160,23,normal,,,D005161,A005161,PF005161
C0005161,89,normal,,,D005162,A005162,PF005162
C0005162,1,naive_abuse,,NA_RING0098,D006098,A005163,PF005163
C0005163,83,normal,,,D005164,A005164,PF005164
C0005164,65,normal,,,D005165,A005165,PF005165
C0005165,10,normal,,,D005166,A005166,PF005166
C0005166,68,normal,,,D005167,A005167,PF005167
C0005167,58,normal,,,D005168,A005168,PF005168
C0005168,0,hard_negative,shared_household,HH0018,D006228,A006228,PF005169
C0005169,22,adaptive_abuse,,AA_RING0025,D006131,A005170,PF006131
C0005170,34,normal,,,D005171,A005171,PF005171
C0005171,21,normal,,,D005172,A005172,PF005172
C0005172,57,normal,,,D005173,A005173,PF005173
C0005173,61,normal,,,D005174,A005174,PF005174
C0005174,16,hard_negative,promo_spike,,D005175,A005175,PF005175
C0005175,12,normal,,,D005176,A005176,PF005176
C0005176,65,adaptive_abuse,,AA_RING0077,D006183,A006183,PF006183
C0005177,46,normal,,,D005178,A005178,PF005178
C0005178,26,normal,,,D005179,A005179,PF005179
C0005179,25,normal,,,D005180,A005180,PF005180
C0005180,3,normal,,,D005181,A005181,PF005181
C0005181,85,naive_abuse,,NA_RING0051,D006051,A005182,PF006051
C0005182,84,normal,,,D005183,A005183,PF005183
C0005183,55,normal,,,D005184,A005184,PF005184
C0005184,34,normal,,,D005185,A005185,PF005185
C0005185,21,normal,,,D005186,A005186,PF005186
C0005186,30,hard_negative,new_merchant_thin_history,,D005187,A005187,PF005187
C0005187,92,normal,,,D005188,A005188,PF005188
C0005188,8,normal,,,D005189,A005189,PF005189
C0005189,82,normal,,,D005190,A005190,PF005190
C0005190,30,normal,,,D005191,A005191,PF005191
C0005191,26,normal,,,D005192,A005192,PF005192
C0005192,80,normal,,,D005193,A005193,PF005193
C0005193,96,normal,,,D005194,A005194,PF005194
C0005194,99,normal,,,D005195,A005195,PF005195
C0005195,26,normal,,,D005196,A005196,PF005196
C0005196,59,adaptive_abuse,,AA_RING0093,D006199,A006199,PF006199
C0005197,29,normal,,,D005198,A005198,PF005198
C0005198,19,normal,,,D005199,A005199,PF005199
C0005199,38,normal,,,D005200,A005200,PF005200
C0005200,6,normal,,,D005201,A005201,PF005201
C0005201,16,naive_abuse,,NA_RING0069,D006069,A005202,PF006069
C0005202,59,normal,,,D005203,A005203,PF005203
C0005203,68,normal,,,D005204,A005204,PF005204
C0005204,27,adaptive_abuse,,AA_RING0042,D006148,A005205,PF006148
C0005205,55,naive_abuse,,NA_RING0070,D005206,A005206,PF005206
C0005206,76,naive_abuse,,NA_RING0081,D006081,A006081,PF006081
C0005207,89,normal,,,D005208,A005208,PF005208
C0005208,56,normal,,,D005209,A005209,PF005209
C0005209,24,normal,,,D005210,A005210,PF005210
C0005210,71,normal,,,D005211,A005211,PF005211
C0005211,17,normal,,,D005212,A005212,PF005212
C0005212,13,hard_negative,high_return_fashion,,D005213,A005213,PF005213
C0005213,35,normal,,,D005214,A005214,PF005214
C0005214,32,normal,,,D005215,A005215,PF005215
C0005215,14,normal,,,D005216,A005216,PF005216
C0005216,5,normal,,,D005217,A005217,PF005217
C0005217,94,normal,,,D005218,A005218,PF005218
C0005218,67,hard_negative,shared_household,HH0035,D005219,A006245,PF005219
C0005219,71,normal,,,D005220,A005220,PF005220
C0005220,6,hard_negative,high_return_fashion,,D005221,A005221,PF005221
C0005221,79,normal,,,D005222,A005222,PF005222
C0005222,36,hard_negative,shared_household,HH0047,D006257,A006257,PF005223
C0005223,74,normal,,,D005224,A005224,PF005224
C0005224,49,hard_negative,popular_product_volume,,D005225,A005225,PF005225
C0005225,24,hard_negative,high_return_fashion,,D005226,A005226,PF005226
C0005226,26,normal,,,D005227,A005227,PF005227
C0005227,14,normal,,,D005228,A005228,PF005228
C0005228,82,naive_abuse,,NA_RING0011,D006011,A005229,PF006011
C0005229,42,normal,,,D005230,A005230,PF005230
C0005230,78,hard_negative,promo_spike,,D005231,A005231,PF005231
C0005231,82,adaptive_abuse,,AA_RING0047,D005232,A006153,PF005232
C0005232,16,naive_abuse,,NA_RING0057,D006057,A006057,PF006057
C0005233,33,normal,,,D005234,A005234,PF005234
C0005234,12,normal,,,D005235,A005235,PF005235
C0005235,0,adaptive_abuse,,AA_RING0071,D006177,A006177,PF005236
C0005236,98,normal,,,D005237,A005237,PF005237
C0005237,66,normal,,,D005238,A005238,PF005238
C0005238,45,normal,,,D005239,A005239,PF005239
C0005239,20,hard_negative,high_return_fashion,,D005240,A005240,PF005240
C0005240,59,normal,,,D005241,A005241,PF005241
C0005241,54,normal,,,D005242,A005242,PF005242
C0005242,22,normal,,,D005243,A005243,PF005243
C0005243,1,hard_negative,new_merchant_thin_history,,D005244,A005244,PF005244
C0005244,46,normal,,,D005245,A005245,PF005245
C0005245,50,naive_abuse,,NA_RING0092,D005246,A005246,PF005246
C0005246,79,hard_negative,popular_product_volume,,D005247,A005247,PF005247
C0005247,39,adaptive_abuse,,AA_RING0018,D006124,A005248,PF006124
C0005248,9,naive_abuse,,NA_RING0036,D005249,A005249,PF006036
C0005249,88,normal,,,D005250,A005250,PF005250
C0005250,41,normal,,,D005251,A005251,PF005251
C0005251,72,normal,,,D005252,A005252,PF005252
C0005252,4,adaptive_abuse,,AA_RING0044,D006150,A005253,PF005253
C0005253,3,normal,,,D005254,A005254,PF005254
C0005254,2,normal,,,D005255,A005255,PF005255
C0005255,78,naive_abuse,,NA_RING0025,D006025,A005256,PF006025
C0005256,24,normal,,,D005257,A005257,PF005257
C0005257,79,naive_abuse,,NA_RING0091,D005258,A005258,PF006091
C0005258,94,normal,,,D005259,A005259,PF005259
C0005259,66,normal,,,D005260,A005260,PF005260
C0005260,98,normal,,,D005261,A005261,PF005261
C0005261,92,normal,,,D005262,A005262,PF005262
C0005262,72,normal,,,D005263,A005263,PF005263
C0005263,80,adaptive_abuse,,AA_RING0061,D006167,A005264,PF006167
C0005264,60,normal,,,D005265,A005265,PF005265
C0005265,21,normal,,,D005266,A005266,PF005266
C0005266,10,naive_abuse,,NA_RING0055,D006055,A006055,PF005267
C0005267,38,hard_negative,promo_spike,,D005268,A005268,PF005268
C0005268,47,normal,,,D005269,A005269,PF005269
C0005269,34,adaptive_abuse,,AA_RING0076,D006182,A005270,PF005270
C0005270,10,normal,,,D005271,A005271,PF005271
C0005271,50,normal,,,D005272,A005272,PF005272
C0005272,49,normal,,,D005273,A005273,PF005273
C0005273,95,hard_negative,popular_product_volume,,D005274,A005274,PF005274
C0005274,95,normal,,,D005275,A005275,PF005275
C0005275,61,normal,,,D005276,A005276,PF005276
C0005276,85,hard_negative,high_return_fashion,,D005277,A005277,PF005277
C0005277,31,normal,,,D005278,A005278,PF005278
C0005278,96,normal,,,D005279,A005279,PF005279
C0005279,94,hard_negative,popular_product_volume,,D005280,A005280,PF005280
C0005280,12,normal,,,D005281,A005281,PF005281
C0005281,70,normal,,,D005282,A005282,PF005282
C0005282,45,normal,,,D005283,A005283,PF005283
C0005283,26,adaptive_abuse,,AA_RING0015,D006121,A005284,PF006121
C0005284,41,normal,,,D005285,A005285,PF005285
C0005285,90,normal,,,D005286,A005286,PF005286
C0005286,92,normal,,,D005287,A005287,PF005287
C0005287,34,normal,,,D005288,A005288,PF005288
C0005288,46,adaptive_abuse,,AA_RING0079,D006185,A005289,PF005289
C0005289,51,normal,,,D005290,A005290,PF005290
C0005290,73,normal,,,D005291,A005291,PF005291
C0005291,47,normal,,,D005292,A005292,PF005292
C0005292,39,normal,,,D005293,A005293,PF005293
C0005293,92,normal,,,D005294,A005294,PF005294
C0005294,37,adaptive_abuse,,AA_RING0020,D006126,A006126,PF006126
C0005295,26,hard_negative,popular_product_volume,,D005296,A005296,PF005296
C0005296,32,normal,,,D005297,A005297,PF005297
C0005297,33,normal,,,D005298,A005298,PF005298
C0005298,55,normal,,,D005299,A005299,PF005299
C0005299,66,normal,,,D005300,A005300,PF005300
C0005300,13,normal,,,D005301,A005301,PF005301
C0005301,88,normal,,,D005302,A005302,PF005302
C0005302,25,hard_negative,high_return_fashion,,D005303,A005303,PF005303
C0005303,11,naive_abuse,,NA_RING0049,D005304,A006049,PF005304
C0005304,66,normal,,,D005305,A005305,PF005305
C0005305,20,adaptive_abuse,,AA_RING0059,D006165,A005306,PF005306
C0005306,75,normal,,,D005307,A005307,PF005307
C0005307,94,normal,,,D005308,A005308,PF005308
C0005308,69,naive_abuse,,NA_RING0074,D005309,A006074,PF006074
C0005309,77,normal,,,D005310,A005310,PF005310
C0005310,49,normal,,,D005311,A005311,PF005311
C0005311,34,hard_negative,new_merchant_thin_history,,D005312,A005312,PF005312
C0005312,61,normal,,,D005313,A005313,PF005313
C0005313,35,naive_abuse,,NA_RING0049,D006049,A006049,PF005314
C0005314,87,normal,,,D005315,A005315,PF005315
C0005315,46,naive_abuse,,NA_RING0025,D005316,A005316,PF006025
C0005316,49,normal,,,D005317,A005317,PF005317
C0005317,67,normal,,,D005318,A005318,PF005318
C0005318,18,normal,,,D005319,A005319,PF005319
C0005319,56,naive_abuse,,NA_RING0040,D006040,A005320,PF006040
C0005320,75,normal,,,D005321,A005321,PF005321
C0005321,77,naive_abuse,,NA_RING0049,D006049,A005322,PF006049
C0005322,22,normal,,,D005323,A005323,PF005323
C0005323,5,normal,,,D005324,A005324,PF005324
C0005324,19,normal,,,D005325,A005325,PF005325
C0005325,81,normal,,,D005326,A005326,PF005326
C0005326,26,adaptive_abuse,,AA_RING0083,D006189,A005327,PF006189
C0005327,5,normal,,,D005328,A005328,PF005328
C0005328,59,normal,,,D005329,A005329,PF005329
C0005329,88,normal,,,D005330,A005330,PF005330
C0005330,22,normal,,,D005331,A005331,PF005331
C0005331,4,normal,,,D005332,A005332,PF005332
C0005332,14,naive_abuse,,NA_RING0041,D006041,A005333,PF006041
C0005333,12,normal,,,D005334,A005334,PF005334
C0005334,20,normal,,,D005335,A005335,PF005335
C0005335,18,normal,,,D005336,A005336,PF005336
C0005336,63,normal,,,D005337,A005337,PF005337
C0005337,22,normal,,,D005338,A005338,PF005338
C0005338,54,normal,,,D005339,A005339,PF005339
C0005339,40,normal,,,D005340,A005340,PF005340
C0005340,65,hard_negative,high_return_fashion,,D005341,A005341,PF005341
C0005341,65,adaptive_abuse,,AA_RING0029,D006135,A006135,PF006135
C0005342,59,adaptive_abuse,,AA_RING0022,D006128,A005343,PF005343
C0005343,89,naive_abuse,,NA_RING0059,D006059,A005344,PF005344
C0005344,19,normal,,,D005345,A005345,PF005345
C0005345,52,hard_negative,promo_spike,,D005346,A005346,PF005346
C0005346,39,normal,,,D005347,A005347,PF005347
C0005347,53,normal,,,D005348,A005348,PF005348
C0005348,13,normal,,,D005349,A005349,PF005349
C0005349,31,normal,,,D005350,A005350,PF005350
C0005350,94,adaptive_abuse,,AA_RING0094,D006200,A006200,PF006200
C0005351,80,naive_abuse,,NA_RING0079,D006079,A005352,PF006079
C0005352,42,normal,,,D005353,A005353,PF005353
C0005353,11,normal,,,D005354,A005354,PF005354
C0005354,64,normal,,,D005355,A005355,PF005355
C0005355,30,normal,,,D005356,A005356,PF005356
C0005356,32,naive_abuse,,NA_RING0102,D006102,A006102,PF005357
C0005357,9,adaptive_abuse,,AA_RING0091,D006197,A005358,PF005358
C0005358,28,normal,,,D005359,A005359,PF005359
C0005359,21,normal,,,D005360,A005360,PF005360
C0005360,3,normal,,,D005361,A005361,PF005361
C0005361,58,normal,,,D005362,A005362,PF005362
C0005362,96,normal,,,D005363,A005363,PF005363
C0005363,12,normal,,,D005364,A005364,PF005364
C0005364,5,normal,,,D005365,A005365,PF005365
C0005365,10,normal,,,D005366,A005366,PF005366
C0005366,54,normal,,,D005367,A005367,PF005367
C0005367,82,hard_negative,high_return_fashion,,D005368,A005368,PF005368
C0005368,30,normal,,,D005369,A005369,PF005369
C0005369,11,naive_abuse,,NA_RING0086,D005370,A005370,PF006086
C0005370,9,normal,,,D005371,A005371,PF005371
C0005371,60,normal,,,D005372,A005372,PF005372
C0005372,35,normal,,,D005373,A005373,PF005373
C0005373,35,hard_negative,popular_product_volume,,D005374,A005374,PF005374
C0005374,23,normal,,,D005375,A005375,PF005375
C0005375,89,normal,,,D005376,A005376,PF005376
C0005376,37,normal,,,D005377,A005377,PF005377
C0005377,70,adaptive_abuse,,AA_RING0014,D006120,A006120,PF005378
C0005378,74,normal,,,D005379,A005379,PF005379
C0005379,5,normal,,,D005380,A005380,PF005380
C0005380,24,naive_abuse,,NA_RING0104,D006104,A005381,PF005381
C0005381,89,normal,,,D005382,A005382,PF005382
C0005382,88,normal,,,D005383,A005383,PF005383
C0005383,41,naive_abuse,,NA_RING0071,D005384,A005384,PF005384
C0005384,15,normal,,,D005385,A005385,PF005385
C0005385,29,normal,,,D005386,A005386,PF005386
C0005386,94,normal,,,D005387,A005387,PF005387
C0005387,67,normal,,,D005388,A005388,PF005388
C0005388,7,adaptive_abuse,,AA_RING0091,D006197,A005389,PF005389
C0005389,71,normal,,,D005390,A005390,PF005390
C0005390,14,normal,,,D005391,A005391,PF005391
C0005391,30,normal,,,D005392,A005392,PF005392
C0005392,48,normal,,,D005393,A005393,PF005393
C0005393,35,normal,,,D005394,A005394,PF005394
C0005394,69,normal,,,D005395,A005395,PF005395
C0005395,15,naive_abuse,,NA_RING0073,D006073,A005396,PF006073
C0005396,87,normal,,,D005397,A005397,PF005397
C0005397,59,hard_negative,high_return_fashion,,D005398,A005398,PF005398
C0005398,30,normal,,,D005399,A005399,PF005399
C0005399,95,normal,,,D005400,A005400,PF005400
C0005400,47,hard_negative,high_return_fashion,,D005401,A005401,PF005401
C0005401,41,hard_negative,shared_household,HH0001,D005402,A006211,PF006211
C0005402,2,normal,,,D005403,A005403,PF005403
C0005403,99,normal,,,D005404,A005404,PF005404
C0005404,84,naive_abuse,,NA_RING0030,D006030,A006030,PF006030
C0005405,17,normal,,,D005406,A005406,PF005406
C0005406,94,normal,,,D005407,A005407,PF005407
C0005407,79,normal,,,D005408,A005408,PF005408
C0005408,42,normal,,,D005409,A005409,PF005409
C0005409,92,normal,,,D005410,A005410,PF005410
C0005410,55,normal,,,D005411,A005411,PF005411
C0005411,68,adaptive_abuse,,AA_RING0025,D005412,A005412,PF005412
C0005412,18,normal,,,D005413,A005413,PF005413
C0005413,10,normal,,,D005414,A005414,PF005414
C0005414,52,adaptive_abuse,,AA_RING0098,D006204,A006204,PF005415
C0005415,32,normal,,,D005416,A005416,PF005416
C0005416,98,normal,,,D005417,A005417,PF005417
C0005417,8,normal,,,D005418,A005418,PF005418
C0005418,76,normal,,,D005419,A005419,PF005419
C0005419,60,normal,,,D005420,A005420,PF005420
C0005420,87,adaptive_abuse,,AA_RING0073,D006179,A005421,PF006179
C0005421,99,hard_negative,new_merchant_thin_history,,D005422,A005422,PF005422
C0005422,87,normal,,,D005423,A005423,PF005423
C0005423,37,normal,,,D005424,A005424,PF005424
C0005424,69,naive_abuse,,NA_RING0104,D006104,A005425,PF006104
C0005425,16,normal,,,D005426,A005426,PF005426
C0005426,48,naive_abuse,,NA_RING0083,D006083,A006083,PF006083
C0005427,26,normal,,,D005428,A005428,PF005428
C0005428,25,hard_negative,shared_household,HH0046,D006256,A006256,PF005429
C0005429,57,naive_abuse,,NA_RING0074,D006074,A005430,PF006074
C0005430,12,normal,,,D005431,A005431,PF005431
C0005431,56,normal,,,D005432,A005432,PF005432
C0005432,40,naive_abuse,,NA_RING0005,D006005,A006005,PF006005
C0005433,22,normal,,,D005434,A005434,PF005434
C0005434,56,normal,,,D005435,A005435,PF005435
C0005435,75,normal,,,D005436,A005436,PF005436
C0005436,61,normal,,,D005437,A005437,PF005437
C0005437,8,normal,,,D005438,A005438,PF005438
C0005438,56,normal,,,D005439,A005439,PF005439
C0005439,62,normal,,,D005440,A005440,PF005440
C0005440,68,naive_abuse,,NA_RING0062,D006062,A005441,PF006062
C0005441,42,normal,,,D005442,A005442,PF005442
C0005442,9,normal,,,D005443,A005443,PF005443
C0005443,12,normal,,,D005444,A005444,PF005444
C0005444,33,naive_abuse,,NA_RING0032,D006032,A005445,PF005445
C0005445,63,normal,,,D005446,A005446,PF005446
C0005446,73,naive_abuse,,NA_RING0018,D006018,A006018,PF005447
C0005447,67,normal,,,D005448,A005448,PF005448
C0005448,31,normal,,,D005449,A005449,PF005449
C0005449,44,adaptive_abuse,,AA_RING0051,D006157,A005450,PF006157
C0005450,4,naive_abuse,,NA_RING0072,D006072,A006072,PF006072
C0005451,79,normal,,,D005452,A005452,PF005452
C0005452,35,normal,,,D005453,A005453,PF005453
C0005453,50,normal,,,D005454,A005454,PF005454
C0005454,44,normal,,,D005455,A005455,PF005455
C0005455,28,naive_abuse,,NA_RING0015,D005456,A006015,PF005456
C0005456,16,naive_abuse,,NA_RING0091,D006091,A006091,PF006091
C0005457,95,normal,,,D005458,A005458,PF005458
C0005458,11,normal,,,D005459,A005459,PF005459
C0005459,94,normal,,,D005460,A005460,PF005460
C0005460,11,normal,,,D005461,A005461,PF005461
C0005461,9,hard_negative,promo_spike,,D005462,A005462,PF005462
C0005462,90,normal,,,D005463,A005463,PF005463
C0005463,94,normal,,,D005464,A005464,PF005464
C0005464,89,normal,,,D005465,A005465,PF005465
C0005465,77,adaptive_abuse,,AA_RING0004,D005466,A005466,PF006110
C0005466,49,normal,,,D005467,A005467,PF005467
C0005467,10,normal,,,D005468,A005468,PF005468
C0005468,59,normal,,,D005469,A005469,PF005469
C0005469,51,normal,,,D005470,A005470,PF005470
C0005470,73,normal,,,D005471,A005471,PF005471
C0005471,3,normal,,,D005472,A005472,PF005472
C0005472,7,normal,,,D005473,A005473,PF005473
C0005473,58,normal,,,D005474,A005474,PF005474
C0005474,85,naive_abuse,,NA_RING0081,D006081,A005475,PF006081
C0005475,93,normal,,,D005476,A005476,PF005476
C0005476,56,normal,,,D005477,A005477,PF005477
C0005477,36,normal,,,D005478,A005478,PF005478
C0005478,47,naive_abuse,,NA_RING0042,D006042,A005479,PF006042
C0005479,50,hard_negative,promo_spike,,D005480,A005480,PF005480
C0005480,61,naive_abuse,,NA_RING0072,D005481,A006072,PF006072
C0005481,22,normal,,,D005482,A005482,PF005482
C0005482,38,normal,,,D005483,A005483,PF005483
C0005483,54,normal,,,D005484,A005484,PF005484
C0005484,85,normal,,,D005485,A005485,PF005485
C0005485,80,normal,,,D005486,A005486,PF005486
C0005486,75,normal,,,D005487,A005487,PF005487
C0005487,21,normal,,,D005488,A005488,PF005488
C0005488,40,normal,,,D005489,A005489,PF005489
C0005489,55,normal,,,D005490,A005490,PF005490
C0005490,96,normal,,,D005491,A005491,PF005491
C0005491,35,hard_negative,popular_product_volume,,D005492,A005492,PF005492
C0005492,91,normal,,,D005493,A005493,PF005493
C0005493,74,naive_abuse,,NA_RING0023,D006023,A006023,PF005494
C0005494,63,normal,,,D005495,A005495,PF005495
C0005495,70,naive_abuse,,NA_RING0077,D006077,A006077,PF006077
C0005496,79,hard_negative,shared_household,HH0033,D005497,A006243,PF005497
C0005497,69,normal,,,D005498,A005498,PF005498
C0005498,67,adaptive_abuse,,AA_RING0016,D006122,A006122,PF005499
C0005499,37,normal,,,D005500,A005500,PF005500
C0005500,42,normal,,,D005501,A005501,PF005501
C0005501,59,hard_negative,promo_spike,,D005502,A005502,PF005502
C0005502,84,normal,,,D005503,A005503,PF005503
C0005503,65,normal,,,D005504,A005504,PF005504
C0005504,98,normal,,,D005505,A005505,PF005505
C0005505,68,normal,,,D005506,A005506,PF005506
C0005506,40,normal,,,D005507,A005507,PF005507
C0005507,57,normal,,,D005508,A005508,PF005508
C0005508,62,normal,,,D005509,A005509,PF005509
C0005509,86,normal,,,D005510,A005510,PF005510
C0005510,25,normal,,,D005511,A005511,PF005511
C0005511,24,normal,,,D005512,A005512,PF005512
C0005512,20,normal,,,D005513,A005513,PF005513
C0005513,5,normal,,,D005514,A005514,PF005514
C0005514,67,normal,,,D005515,A005515,PF005515
C0005515,96,hard_negative,new_merchant_thin_history,,D005516,A005516,PF005516
C0005516,61,adaptive_abuse,,AA_RING0070,D005517,A006176,PF006176
C0005517,6,normal,,,D005518,A005518,PF005518
C0005518,36,normal,,,D005519,A005519,PF005519
C0005519,90,hard_negative,shared_household,HH0009,D006219,A006219,PF006219
C0005520,5,naive_abuse,,NA_RING0013,D006013,A005521,PF006013
C0005521,61,normal,,,D005522,A005522,PF005522
C0005522,44,normal,,,D005523,A005523,PF005523
C0005523,91,normal,,,D005524,A005524,PF005524
C0005524,51,normal,,,D005525,A005525,PF005525
C0005525,56,adaptive_abuse,,AA_RING0009,D005526,A006115,PF006115
C0005526,72,normal,,,D005527,A005527,PF005527
C0005527,82,normal,,,D005528,A005528,PF005528
C0005528,51,normal,,,D005529,A005529,PF005529
C0005529,72,naive_abuse,,NA_RING0056,D006056,A005530,PF006056
C0005530,80,normal,,,D005531,A005531,PF005531
C0005531,52,naive_abuse,,NA_RING0076,D005532,A006076,PF006076
C0005532,71,normal,,,D005533,A005533,PF005533
C0005533,36,normal,,,D005534,A005534,PF005534
C0005534,35,normal,,,D005535,A005535,PF005535
C0005535,0,normal,,,D005536,A005536,PF005536
C0005536,66,adaptive_abuse,,AA_RING0019,D006125,A005537,PF006125
C0005537,25,normal,,,D005538,A005538,PF005538
C0005538,81,normal,,,D005539,A005539,PF005539
C0005539,95,normal,,,D005540,A005540,PF005540
C0005540,87,normal,,,D005541,A005541,PF005541
C0005541,27,normal,,,D005542,A005542,PF005542
C0005542,65,hard_negative,shared_household,HH0037,D006247,A006247,PF005543
C0005543,75,normal,,,D005544,A005544,PF005544
C0005544,50,normal,,,D005545,A005545,PF005545
C0005545,50,normal,,,D005546,A005546,PF005546
C0005546,43,normal,,,D005547,A005547,PF005547
C0005547,30,normal,,,D005548,A005548,PF005548
C0005548,57,normal,,,D005549,A005549,PF005549
C0005549,99,normal,,,D005550,A005550,PF005550
C0005550,21,hard_negative,new_merchant_thin_history,,D005551,A005551,PF005551
C0005551,4,hard_negative,shared_household,HH0048,D005552,A006258,PF005552
C0005552,5,naive_abuse,,NA_RING0005,D005553,A005553,PF006005
C0005553,58,normal,,,D005554,A005554,PF005554
C0005554,26,normal,,,D005555,A005555,PF005555
C0005555,46,hard_negative,shared_household,HH0024,D005556,A006234,PF005556
C0005556,95,normal,,,D005557,A005557,PF005557
C0005557,7,normal,,,D005558,A005558,PF005558
C0005558,17,normal,,,D005559,A005559,PF005559
C0005559,21,hard_negative,shared_household,HH0046,D005560,A006256,PF005560
C0005560,45,normal,,,D005561,A005561,PF005561
C0005561,69,normal,,,D005562,A005562,PF005562
C0005562,18,normal,,,D005563,A005563,PF005563
C0005563,10,normal,,,D005564,A005564,PF005564
C0005564,8,normal,,,D005565,A005565,PF005565
C0005565,80,normal,,,D005566,A005566,PF005566
C0005566,2,normal,,,D005567,A005567,PF005567
C0005567,62,naive_abuse,,NA_RING0037,D005568,A005568,PF006037
C0005568,57,hard_negative,popular_product_volume,,D005569,A005569,PF005569
C0005569,10,normal,,,D005570,A005570,PF005570
C0005570,55,adaptive_abuse,,AA_RING0011,D005571,A005571,PF005571
C0005571,28,normal,,,D005572,A005572,PF005572
C0005572,51,hard_negative,new_merchant_thin_history,,D005573,A005573,PF005573
C0005573,13,normal,,,D005574,A005574,PF005574
C0005574,66,normal,,,D005575,A005575,PF005575
C0005575,79,normal,,,D005576,A005576,PF005576
C0005576,0,normal,,,D005577,A005577,PF005577
C0005577,53,normal,,,D005578,A005578,PF005578
C0005578,64,normal,,,D005579,A005579,PF005579
C0005579,0,normal,,,D005580,A005580,PF005580
C0005580,72,normal,,,D005581,A005581,PF005581
C0005581,54,normal,,,D005582,A005582,PF005582
C0005582,30,adaptive_abuse,,AA_RING0075,D006181,A006181,PF006181
C0005583,48,normal,,,D005584,A005584,PF005584
C0005584,68,adaptive_abuse,,AA_RING0002,D005585,A005585,PF005585
C0005585,64,normal,,,D005586,A005586,PF005586
C0005586,77,normal,,,D005587,A005587,PF005587
C0005587,3,normal,,,D005588,A005588,PF005588
C0005588,78,normal,,,D005589,A005589,PF005589
C0005589,3,normal,,,D005590,A005590,PF005590
C0005590,65,naive_abuse,,NA_RING0009,D006009,A006009,PF006009
C0005591,34,normal,,,D005592,A005592,PF005592
C0005592,6,hard_negative,promo_spike,,D005593,A005593,PF005593
C0005593,68,normal,,,D005594,A005594,PF005594
C0005594,55,normal,,,D005595,A005595,PF005595
C0005595,66,normal,,,D005596,A005596,PF005596
C0005596,37,adaptive_abuse,,AA_RING0091,D006197,A005597,PF006197
C0005597,27,normal,,,D005598,A005598,PF005598
C0005598,62,normal,,,D005599,A005599,PF005599
C0005599,21,normal,,,D005600,A005600,PF005600
C0005600,81,normal,,,D005601,A005601,PF005601
C0005601,68,adaptive_abuse,,AA_RING0033,D005602,A005602,PF006139
C0005602,99,naive_abuse,,NA_RING0072,D005603,A005603,PF006072
C0005603,2,hard_negative,promo_spike,,D005604,A005604,PF005604
C0005604,58,adaptive_abuse,,AA_RING0063,D005605,A005605,PF005605
C0005605,55,hard_negative,shared_household,HH0001,D006211,A006211,PF005606
C0005606,85,normal,,,D005607,A005607,PF005607
C0005607,42,normal,,,D005608,A005608,PF005608
C0005608,93,normal,,,D005609,A005609,PF005609
C0005609,23,normal,,,D005610,A005610,PF005610
C0005610,85,normal,,,D005611,A005611,PF005611
C0005611,52,normal,,,D005612,A005612,PF005612
C0005612,94,adaptive_abuse,,AA_RING0055,D006161,A005613,PF006161
C0005613,21,adaptive_abuse,,AA_RING0064,D006170,A005614,PF005614
C0005614,26,normal,,,D005615,A005615,PF005615
C0005615,56,hard_negative,high_return_fashion,,D005616,A005616,PF005616
C0005616,55,normal,,,D005617,A005617,PF005617
C0005617,14,normal,,,D005618,A005618,PF005618
C0005618,65,normal,,,D005619,A005619,PF005619
C0005619,40,normal,,,D005620,A005620,PF005620
C0005620,15,normal,,,D005621,A005621,PF005621
C0005621,51,normal,,,D005622,A005622,PF005622
C0005622,69,normal,,,D005623,A005623,PF005623
C0005623,3,normal,,,D005624,A005624,PF005624
C0005624,92,adaptive_abuse,,AA_RING0056,D005625,A006162,PF006162
C0005625,61,normal,,,D005626,A005626,PF005626
C0005626,26,normal,,,D005627,A005627,PF005627
C0005627,75,normal,,,D005628,A005628,PF005628
C0005628,84,normal,,,D005629,A005629,PF005629
C0005629,95,normal,,,D005630,A005630,PF005630
C0005630,79,normal,,,D005631,A005631,PF005631
C0005631,20,normal,,,D005632,A005632,PF005632
C0005632,16,normal,,,D005633,A005633,PF005633
C0005633,20,normal,,,D005634,A005634,PF005634
C0005634,87,normal,,,D005635,A005635,PF005635
C0005635,30,normal,,,D005636,A005636,PF005636
C0005636,33,normal,,,D005637,A005637,PF005637
C0005637,89,normal,,,D005638,A005638,PF005638
C0005638,20,normal,,,D005639,A005639,PF005639
C0005639,40,normal,,,D005640,A005640,PF005640
C0005640,29,normal,,,D005641,A005641,PF005641
C0005641,30,normal,,,D005642,A005642,PF005642
C0005642,59,normal,,,D005643,A005643,PF005643
C0005643,74,normal,,,D005644,A005644,PF005644
C0005644,26,normal,,,D005645,A005645,PF005645
C0005645,3,normal,,,D005646,A005646,PF005646
C0005646,63,naive_abuse,,NA_RING0011,D006011,A005647,PF006011
C0005647,54,adaptive_abuse,,AA_RING0063,D005648,A006169,PF006169
C0005648,65,adaptive_abuse,,AA_RING0002,D005649,A005649,PF006108
C0005649,45,normal,,,D005650,A005650,PF005650
C0005650,77,normal,,,D005651,A005651,PF005651
C0005651,62,normal,,,D005652,A005652,PF005652
C0005652,75,normal,,,D005653,A005653,PF005653
C0005653,73,normal,,,D005654,A005654,PF005654
C0005654,49,normal,,,D005655,A005655,PF005655
C0005655,32,normal,,,D005656,A005656,PF005656
C0005656,58,normal,,,D005657,A005657,PF005657
C0005657,63,normal,,,D005658,A005658,PF005658
C0005658,57,normal,,,D005659,A005659,PF005659
C0005659,52,adaptive_abuse,,AA_RING0058,D006164,A005660,PF006164
C0005660,34,normal,,,D005661,A005661,PF005661
C0005661,13,normal,,,D005662,A005662,PF005662
C0005662,42,adaptive_abuse,,AA_RING0023,D005663,A006129,PF006129
C0005663,88,normal,,,D005664,A005664,PF005664
C0005664,71,normal,,,D005665,A005665,PF005665
C0005665,75,normal,,,D005666,A005666,PF005666
C0005666,73,normal,,,D005667,A005667,PF005667
C0005667,92,normal,,,D005668,A005668,PF005668
C0005668,22,naive_abuse,,NA_RING0050,D006050,A005669,PF006050
C0005669,72,hard_negative,high_return_fashion,,D005670,A005670,PF005670
C0005670,6,naive_abuse,,NA_RING0080,D006080,A006080,PF005671
C0005671,24,adaptive_abuse,,AA_RING0040,D006146,A006146,PF005672
C0005672,2,normal,,,D005673,A005673,PF005673
C0005673,43,hard_negative,high_return_fashion,,D005674,A005674,PF005674
C0005674,14,normal,,,D005675,A005675,PF005675
C0005675,38,normal,,,D005676,A005676,PF005676
C0005676,13,hard_negative,high_return_fashion,,D005677,A005677,PF005677
C0005677,3,hard_negative,promo_spike,,D005678,A005678,PF005678
C0005678,47,naive_abuse,,NA_RING0087,D006087,A006087,PF006087
C0005679,41,normal,,,D005680,A005680,PF005680
C0005680,41,normal,,,D005681,A005681,PF005681
C0005681,34,normal,,,D005682,A005682,PF005682
C0005682,40,normal,,,D005683,A005683,PF005683
C0005683,0,hard_negative,high_return_fashion,,D005684,A005684,PF005684
C0005684,47,hard_negative,high_return_fashion,,D005685,A005685,PF005685
C0005685,84,normal,,,D005686,A005686,PF005686
C0005686,13,normal,,,D005687,A005687,PF005687
C0005687,14,normal,,,D005688,A005688,PF005688
C0005688,78,normal,,,D005689,A005689,PF005689
C0005689,50,normal,,,D005690,A005690,PF005690
C0005690,25,adaptive_abuse,,AA_RING0030,D006136,A006136,PF005691
C0005691,78,normal,,,D005692,A005692,PF005692
C0005692,32,adaptive_abuse,,AA_RING0062,D006168,A006168,PF006168
C0005693,60,normal,,,D005694,A005694,PF005694
C0005694,55,hard_negative,shared_household,HH0017,D006227,A006227,PF005695
C0005695,16,normal,,,D005696,A005696,PF005696
C0005696,75,normal,,,D005697,A005697,PF005697
C0005697,61,normal,,,D005698,A005698,PF005698
C0005698,20,hard_negative,high_return_fashion,,D005699,A005699,PF005699
C0005699,75,adaptive_abuse,,AA_RING0034,D006140,A006140,PF006140
C0005700,62,normal,,,D005701,A005701,PF005701
C0005701,85,normal,,,D005702,A005702,PF005702
C0005702,82,normal,,,D005703,A005703,PF005703
C0005703,31,hard_negative,high_return_fashion,,D005704,A005704,PF005704
C0005704,93,normal,,,D005705,A005705,PF005705
C0005705,3,normal,,,D005706,A005706,PF005706
C0005706,33,normal,,,D005707,A005707,PF005707
C0005707,60,normal,,,D005708,A005708,PF005708
C0005708,53,hard_negative,high_return_fashion,,D005709,A005709,PF005709
C0005709,22,hard_negative,shared_household,HH0012,D005710,A006222,PF006222
C0005710,19,hard_negative,promo_spike,,D005711,A005711,PF005711
C0005711,78,hard_negative,popular_product_volume,,D005712,A005712,PF005712
C0005712,87,naive_abuse,,NA_RING0041,D006041,A006041,PF006041
C0005713,67,normal,,,D005714,A005714,PF005714
C0005714,53,adaptive_abuse,,AA_RING0064,D005715,A005715,PF006170
C0005715,77,normal,,,D005716,A005716,PF005716
C0005716,24,normal,,,D005717,A005717,PF005717
C0005717,96,hard_negative,new_merchant_thin_history,,D005718,A005718,PF005718
C0005718,12,normal,,,D005719,A005719,PF005719
C0005719,58,normal,,,D005720,A005720,PF005720
C0005720,34,normal,,,D005721,A005721,PF005721
C0005721,90,normal,,,D005722,A005722,PF005722
C0005722,24,adaptive_abuse,,AA_RING0043,D006149,A005723,PF005723
C0005723,64,normal,,,D005724,A005724,PF005724
C0005724,15,normal,,,D005725,A005725,PF005725
C0005725,18,normal,,,D005726,A005726,PF005726
C0005726,41,normal,,,D005727,A005727,PF005727
C0005727,79,normal,,,D005728,A005728,PF005728
C0005728,27,normal,,,D005729,A005729,PF005729
C0005729,69,normal,,,D005730,A005730,PF005730
C0005730,57,normal,,,D005731,A005731,PF005731
C0005731,97,normal,,,D005732,A005732,PF005732
C0005732,30,normal,,,D005733,A005733,PF005733
C0005733,24,hard_negative,popular_product_volume,,D005734,A005734,PF005734
C0005734,90,normal,,,D005735,A005735,PF005735
C0005735,33,normal,,,D005736,A005736,PF005736
C0005736,21,adaptive_abuse,,AA_RING0067,D005737,A005737,PF005737
C0005737,82,normal,,,D005738,A005738,PF005738
C0005738,81,normal,,,D005739,A005739,PF005739
C0005739,6,naive_abuse,,NA_RING0033,D006033,A005740,PF005740
C0005740,85,normal,,,D005741,A005741,PF005741
C0005741,63,hard_negative,promo_spike,,D005742,A005742,PF005742
C0005742,27,hard_negative,new_merchant_thin_history,,D005743,A005743,PF005743
C0005743,53,adaptive_abuse,,AA_RING0099,D006205,A006205,PF005744
C0005744,23,adaptive_abuse,,AA_RING0045,D006151,A006151,PF006151
C0005745,16,normal,,,D005746,A005746,PF005746
C0005746,13,hard_negative,promo_spike,,D005747,A005747,PF005747
C0005747,16,normal,,,D005748,A005748,PF005748
C0005748,58,normal,,,D005749,A005749,PF005749
C0005749,81,normal,,,D005750,A005750,PF005750
C0005750,48,normal,,,D005751,A005751,PF005751
C0005751,1,normal,,,D005752,A005752,PF005752
C0005752,42,normal,,,D005753,A005753,PF005753
C0005753,74,normal,,,D005754,A005754,PF005754
C0005754,83,normal,,,D005755,A005755,PF005755
C0005755,73,adaptive_abuse,,AA_RING0081,D005756,A005756,PF006187
C0005756,36,normal,,,D005757,A005757,PF005757
C0005757,64,hard_negative,promo_spike,,D005758,A005758,PF005758
C0005758,6,naive_abuse,,NA_RING0012,D006012,A005759,PF006012
C0005759,40,hard_negative,shared_household,HH0026,D005760,A006236,PF005760
C0005760,53,normal,,,D005761,A005761,PF005761
C0005761,2,naive_abuse,,NA_RING0101,D005762,A005762,PF006101
C0005762,1,hard_negative,shared_household,HH0025,D005763,A006235,PF005763
C0005763,80,hard_negative,shared_household,HH0001,D005764,A006211,PF005764
C0005764,22,adaptive_abuse,,AA_RING0095,D006201,A006201,PF005765
C0005765,12,normal,,,D005766,A005766,PF005766
C0005766,59,normal,,,D005767,A005767,PF005767
C0005767,28,naive_abuse,,NA_RING0037,D006037,A006037,PF006037
C0005768,97,normal,,,D005769,A005769,PF005769
C0005769,94,naive_abuse,,NA_RING0041,D006041,A006041,PF005770
C0005770,82,normal,,,D005771,A005771,PF005771
C0005771,30,normal,,,D005772,A005772,PF005772
C0005772,87,normal,,,D005773,A005773,PF005773
C0005773,25,normal,,,D005774,A005774,PF005774
C0005774,23,adaptive_abuse,,AA_RING0025,D006131,A006131,PF006131
C0005775,97,normal,,,D005776,A005776,PF005776
C0005776,67,hard_negative,high_return_fashion,,D005777,A005777,PF005777
C0005777,8,normal,,,D005778,A005778,PF005778
C0005778,88,adaptive_abuse,,AA_RING0041,D006147,A005779,PF006147
C0005779,16,normal,,,D005780,A005780,PF005780
C0005780,68,normal,,,D005781,A005781,PF005781
C0005781,43,normal,,,D005782,A005782,PF005782
C0005782,1,normal,,,D005783,A005783,PF005783
C0005783,78,adaptive_abuse,,AA_RING0065,D006171,A005784,PF006171
C0005784,68,adaptive_abuse,,AA_RING0088,D005785,A006194,PF006194
C0005785,88,normal,,,D005786,A005786,PF005786
C0005786,61,normal,,,D005787,A005787,PF005787
C0005787,75,normal,,,D005788,A005788,PF005788
C0005788,90,normal,,,D005789,A005789,PF005789
C0005789,97,normal,,,D005790,A005790,PF005790
C0005790,56,normal,,,D005791,A005791,PF005791
C0005791,1,normal,,,D005792,A005792,PF005792
C0005792,34,naive_abuse,,NA_RING0104,D005793,A006104,PF005793
C0005793,61,normal,,,D005794,A005794,PF005794
C0005794,10,normal,,,D005795,A005795,PF005795
C0005795,11,normal,,,D005796,A005796,PF005796
C0005796,39,normal,,,D005797,A005797,PF005797
C0005797,91,normal,,,D005798,A005798,PF005798
C0005798,32,normal,,,D005799,A005799,PF005799
C0005799,93,normal,,,D005800,A005800,PF005800
C0005800,80,hard_negative,popular_product_volume,,D005801,A005801,PF005801
C0005801,30,naive_abuse,,NA_RING0010,D005802,A006010,PF006010
C0005802,23,adaptive_abuse,,AA_RING0061,D006167,A005803,PF006167
C0005803,82,normal,,,D005804,A005804,PF005804
C0005804,75,normal,,,D005805,A005805,PF005805
C0005805,63,normal,,,D005806,A005806,PF005806
C0005806,97,normal,,,D005807,A005807,PF005807
C0005807,10,adaptive_abuse,,AA_RING0095,D006201,A006201,PF005808
C0005808,38,adaptive_abuse,,AA_RING0033,D005809,A005809,PF005809
C0005809,60,normal,,,D005810,A005810,PF005810
C0005810,7,normal,,,D005811,A005811,PF005811
C0005811,97,normal,,,D005812,A005812,PF005812
C0005812,57,normal,,,D005813,A005813,PF005813
C0005813,30,adaptive_abuse,,AA_RING0054,D006160,A006160,PF006160
C0005814,23,normal,,,D005815,A005815,PF005815
C0005815,0,normal,,,D005816,A005816,PF005816
C0005816,59,normal,,,D005817,A005817,PF005817
C0005817,97,normal,,,D005818,A005818,PF005818
C0005818,3,normal,,,D005819,A005819,PF005819
C0005819,41,naive_abuse,,NA_RING0012,D006012,A006012,PF006012
C0005820,66,normal,,,D005821,A005821,PF005821
C0005821,43,normal,,,D005822,A005822,PF005822
C0005822,65,normal,,,D005823,A005823,PF005823
C0005823,71,normal,,,D005824,A005824,PF005824
C0005824,96,normal,,,D005825,A005825,PF005825
C0005825,60,normal,,,D005826,A005826,PF005826
C0005826,70,normal,,,D005827,A005827,PF005827
C0005827,30,normal,,,D005828,A005828,PF005828
C0005828,15,naive_abuse,,NA_RING0052,D005829,A005829,PF005829
C0005829,9,hard_negative,high_return_fashion,,D005830,A005830,PF005830
C0005830,10,adaptive_abuse,,AA_RING0010,D005831,A006116,PF005831
C0005831,82,normal,,,D005832,A005832,PF005832
C0005832,4,hard_negative,promo_spike,,D005833,A005833,PF005833
C0005833,48,normal,,,D005834,A005834,PF005834
C0005834,61,normal,,,D005835,A005835,PF005835
C0005835,67,normal,,,D005836,A005836,PF005836
C0005836,6,normal,,,D005837,A005837,PF005837
C0005837,86,hard_negative,new_merchant_thin_history,,D005838,A005838,PF005838
C0005838,43,normal,,,D005839,A005839,PF005839
C0005839,1,normal,,,D005840,A005840,PF005840
C0005840,13,adaptive_abuse,,AA_RING0025,D005841,A006131,PF006131
C0005841,85,normal,,,D005842,A005842,PF005842
C0005842,94,adaptive_abuse,,AA_RING0095,D005843,A006201,PF005843
C0005843,75,naive_abuse,,NA_RING0028,D006028,A005844,PF005844
C0005844,33,naive_abuse,,NA_RING0030,D006030,A006030,PF006030
C0005845,94,hard_negative,shared_household,HH0007,D005846,A006217,PF005846
C0005846,27,normal,,,D005847,A005847,PF005847
C0005847,23,normal,,,D005848,A005848,PF005848
C0005848,76,hard_negative,high_return_fashion,,D005849,A005849,PF005849
C0005849,32,hard_negative,shared_household,HH0030,D006240,A006240,PF005850
C0005850,51,normal,,,D005851,A005851,PF005851
C0005851,66,normal,,,D005852,A005852,PF005852
C0005852,16,normal,,,D005853,A005853,PF005853
C0005853,92,normal,,,D005854,A005854,PF005854
C0005854,16,normal,,,D005855,A005855,PF005855
C0005855,99,naive_abuse,,NA_RING0047,D005856,A005856,PF005856
C0005856,27,hard_negative,shared_household,HH0042,D006252,A006252,PF005857
C0005857,41,normal,,,D005858,A005858,PF005858
C0005858,25,normal,,,D005859,A005859,PF005859
C0005859,53,normal,,,D005860,A005860,PF005860
C0005860,0,normal,,,D005861,A005861,PF005861
C0005861,17,normal,,,D005862,A005862,PF005862
C0005862,51,normal,,,D005863,A005863,PF005863
C0005863,69,normal,,,D005864,A005864,PF005864
C0005864,96,normal,,,D005865,A005865,PF005865
C0005865,83,normal,,,D005866,A005866,PF005866
C0005866,92,normal,,,D005867,A005867,PF005867
C0005867,79,normal,,,D005868,A005868,PF005868
C0005868,77,normal,,,D005869,A005869,PF005869
C0005869,34,normal,,,D005870,A005870,PF005870
C0005870,90,normal,,,D005871,A005871,PF005871
C0005871,96,normal,,,D005872,A005872,PF005872
C0005872,51,normal,,,D005873,A005873,PF005873
C0005873,12,adaptive_abuse,,AA_RING0070,D005874,A006176,PF006176
C0005874,4,normal,,,D005875,A005875,PF005875
C0005875,49,normal,,,D005876,A005876,PF005876
C0005876,63,normal,,,D005877,A005877,PF005877
C0005877,55,naive_abuse,,NA_RING0027,D006027,A006027,PF005878
C0005878,89,naive_abuse,,NA_RING0088,D006088,A006088,PF006088
C0005879,53,normal,,,D005880,A005880,PF005880
C0005880,66,normal,,,D005881,A005881,PF005881
C0005881,75,normal,,,D005882,A005882,PF005882
C0005882,89,normal,,,D005883,A005883,PF005883
C0005883,60,normal,,,D005884,A005884,PF005884
C0005884,55,normal,,,D005885,A005885,PF005885
C0005885,7,adaptive_abuse,,AA_RING0075,D006181,A006181,PF005886
C0005886,64,naive_abuse,,NA_RING0053,D005887,A005887,PF006053
C0005887,17,normal,,,D005888,A005888,PF005888
C0005888,36,adaptive_abuse,,AA_RING0069,D005889,A006175,PF005889
C0005889,53,normal,,,D005890,A005890,PF005890
C0005890,8,normal,,,D005891,A005891,PF005891
C0005891,69,naive_abuse,,NA_RING0016,D006016,A005892,PF006016
C0005892,28,normal,,,D005893,A005893,PF005893
C0005893,51,normal,,,D005894,A005894,PF005894
C0005894,35,normal,,,D005895,A005895,PF005895
C0005895,35,normal,,,D005896,A005896,PF005896
C0005896,39,normal,,,D005897,A005897,PF005897
C0005897,5,normal,,,D005898,A005898,PF005898
C0005898,19,normal,,,D005899,A005899,PF005899
C0005899,78,normal,,,D005900,A005900,PF005900
C0005900,12,normal,,,D005901,A005901,PF005901
C0005901,49,hard_negative,new_merchant_thin_history,,D005902,A005902,PF005902
C0005902,14,normal,,,D005903,A005903,PF005903
C0005903,53,normal,,,D005904,A005904,PF005904
C0005904,64,hard_negative,promo_spike,,D005905,A005905,PF005905
C0005905,46,hard_negative,popular_product_volume,,D005906,A005906,PF005906
C0005906,77,normal,,,D005907,A005907,PF005907
C0005907,26,naive_abuse,,NA_RING0009,D006009,A005908,PF006009
C0005908,55,hard_negative,promo_spike,,D005909,A005909,PF005909
C0005909,27,normal,,,D005910,A005910,PF005910
C0005910,50,hard_negative,popular_product_volume,,D005911,A005911,PF005911
C0005911,6,hard_negative,popular_product_volume,,D005912,A005912,PF005912
C0005912,26,normal,,,D005913,A005913,PF005913
C0005913,70,normal,,,D005914,A005914,PF005914
C0005914,77,hard_negative,high_return_fashion,,D005915,A005915,PF005915
C0005915,27,adaptive_abuse,,AA_RING0042,D005916,A005916,PF006148
C0005916,25,normal,,,D005917,A005917,PF005917
C0005917,29,naive_abuse,,NA_RING0026,D005918,A006026,PF006026
C0005918,27,hard_negative,high_return_fashion,,D005919,A005919,PF005919
C0005919,99,naive_abuse,,NA_RING0008,D006008,A005920,PF006008
C0005920,65,adaptive_abuse,,AA_RING0051,D006157,A005921,PF006157
C0005921,38,normal,,,D005922,A005922,PF005922
C0005922,46,normal,,,D005923,A005923,PF005923
C0005923,51,normal,,,D005924,A005924,PF005924
C0005924,55,normal,,,D005925,A005925,PF005925
C0005925,38,normal,,,D005926,A005926,PF005926
C0005926,97,hard_negative,high_return_fashion,,D005927,A005927,PF005927
C0005927,29,adaptive_abuse,,AA_RING0092,D006198,A006198,PF005928
C0005928,42,normal,,,D005929,A005929,PF005929
C0005929,0,hard_negative,promo_spike,,D005930,A005930,PF005930
C0005930,49,normal,,,D005931,A005931,PF005931
C0005931,85,normal,,,D005932,A005932,PF005932
C0005932,99,normal,,,D005933,A005933,PF005933
C0005933,47,normal,,,D005934,A005934,PF005934
C0005934,13,normal,,,D005935,A005935,PF005935
C0005935,71,hard_negative,new_merchant_thin_history,,D005936,A005936,PF005936
C0005936,64,normal,,,D005937,A005937,PF005937
C0005937,95,normal,,,D005938,A005938,PF005938
C0005938,50,normal,,,D005939,A005939,PF005939
C0005939,0,normal,,,D005940,A005940,PF005940
C0005940,90,adaptive_abuse,,AA_RING0025,D006131,A005941,PF006131
C0005941,67,adaptive_abuse,,AA_RING0102,D006208,A006208,PF006208
C0005942,80,normal,,,D005943,A005943,PF005943
C0005943,11,normal,,,D005944,A005944,PF005944
C0005944,45,normal,,,D005945,A005945,PF005945
C0005945,45,normal,,,D005946,A005946,PF005946
C0005946,26,normal,,,D005947,A005947,PF005947
C0005947,84,normal,,,D005948,A005948,PF005948
C0005948,18,normal,,,D005949,A005949,PF005949
C0005949,7,normal,,,D005950,A005950,PF005950
C0005950,23,normal,,,D005951,A005951,PF005951
C0005951,98,normal,,,D005952,A005952,PF005952
C0005952,11,normal,,,D005953,A005953,PF005953
C0005953,58,normal,,,D005954,A005954,PF005954
C0005954,18,normal,,,D005955,A005955,PF005955
C0005955,39,normal,,,D005956,A005956,PF005956
C0005956,55,normal,,,D005957,A005957,PF005957
C0005957,1,hard_negative,promo_spike,,D005958,A005958,PF005958
C0005958,24,adaptive_abuse,,AA_RING0009,D006115,A006115,PF006115
C0005959,58,normal,,,D005960,A005960,PF005960
C0005960,1,naive_abuse,,NA_RING0061,D006061,A006061,PF006061
C0005961,49,hard_negative,promo_spike,,D005962,A005962,PF005962
C0005962,60,normal,,,D005963,A005963,PF005963
C0005963,21,normal,,,D005964,A005964,PF005964
C0005964,16,normal,,,D005965,A005965,PF005965
C0005965,49,normal,,,D005966,A005966,PF005966
C0005966,71,adaptive_abuse,,AA_RING0015,D005967,A005967,PF005967
C0005967,1,normal,,,D005968,A005968,PF005968
C0005968,33,normal,,,D005969,A005969,PF005969
C0005969,99,normal,,,D005970,A005970,PF005970
C0005970,33,normal,,,D005971,A005971,PF005971
C0005971,33,normal,,,D005972,A005972,PF005972
C0005972,73,normal,,,D005973,A005973,PF005973
C0005973,48,normal,,,D005974,A005974,PF005974
C0005974,39,hard_negative,new_merchant_thin_history,,D005975,A005975,PF005975
C0005975,78,normal,,,D005976,A005976,PF005976
C0005976,3,normal,,,D005977,A005977,PF005977
C0005977,71,naive_abuse,,NA_RING0093,D006093,A005978,PF005978
C0005978,38,normal,,,D005979,A005979,PF005979
C0005979,88,normal,,,D005980,A005980,PF005980
C0005980,72,hard_negative,high_return_fashion,,D005981,A005981,PF005981
C0005981,94,normal,,,D005982,A005982,PF005982
C0005982,12,normal,,,D005983,A005983,PF005983
C0005983,18,normal,,,D005984,A005984,PF005984
C0005984,90,normal,,,D005985,A005985,PF005985
C0005985,39,normal,,,D005986,A005986,PF005986
C0005986,81,normal,,,D005987,A005987,PF005987
C0005987,68,normal,,,D005988,A005988,PF005988
C0005988,49,normal,,,D005989,A005989,PF005989
C0005989,4,normal,,,D005990,A005990,PF005990
C0005990,7,normal,,,D005991,A005991,PF005991
C0005991,71,normal,,,D005992,A005992,PF005992
C0005992,9,adaptive_abuse,,AA_RING0072,D005993,A005993,PF005993
C0005993,0,normal,,,D005994,A005994,PF005994
C0005994,21,normal,,,D005995,A005995,PF005995
C0005995,91,normal,,,D005996,A005996,PF005996
C0005996,62,normal,,,D005997,A005997,PF005997
C0005997,71,normal,,,D005998,A005998,PF005998
C0005998,65,hard_negative,high_return_fashion,,D005999,A005999,PF005999
C0005999,56,normal,,,D006000,A006000,PF006000
