return_id,order_id,customer_id,return_day,reason_code,refund_amount,true_abuse_label
R000001,O000001,C0000000,70,duplicate_order,29.18,0
R000002,O000002,C0000000,102,duplicate_order,15.61,0
R000003,O000013,C0000001,133,duplicate_order,35.96,0
R000004,O000019,C0000002,133,other,16.57,0
R000005,O000022,C0000002,185,changed_mind,24.55,0
R000006,O000024,C0000002,195,changed_mind,59.48,0
R000007,O000028,C0000003,16,changed_mind,11.4,1
R000008,O000029,C0000003,16,changed_mind,41.05,1
R000009,O000030,C0000003,34,other,76.94,1
R000010,O000031,C0000003,43,changed_mind,16.57,1
R000011,O000032,C0000003,49,defective,58.08,1
R000012,O000036,C0000003,128,not_as_described,38.23,1
R000013,O000037,C0000003,137,changed_mind,20.02,1
R000014,O000038,C0000003,141,changed_mind,24.51,1
R000015,O000039,C0000003,140,changed_mind,31.84,1
R000016,O000041,C0000003,159,changed_mind,24.55,1
R000017,O000044,C0000003,204,changed_mind,24.5,1
R000018,O000059,C0000007,37,other,15.64,0
R000019,O000075,C0000009,113,defective,44.0,0
R000020,O000079,C0000009,162,size_fit,8.92,0
R000021,O000081,C0000009,200,other,38.23,0
R000022,O000089,C0000011,114,not_as_described,31.84,1
R000023,O000090,C0000011,123,size_fit,13.55,1
R000024,O000091,C0000011,139,changed_mind,9.31,1
R000025,O000092,C0000011,139,defective,16.89,1
R000026,O000093,C0000011,153,changed_mind,20.86,1
R000027,O000098,C0000012,63,defective,36.57,1
R000028,O000099,C0000012,73,changed_mind,25.48,1
R000029,O000100,C0000012,75,not_as_described,10.3,1
R000030,O000102,C0000012,80,other,18.74,1
R000031,O000106,C0000012,180,defective,19.48,1
R000032,O000112,C0000013,189,changed_mind,8.89,0
R000033,O000117,C0000014,90,defective,30.25,0
R000034,O000122,C0000014,153,changed_mind,27.99,0
R000035,O000128,C0000015,112,duplicate_order,47.64,0
R000036,O000154,C0000018,25,changed_mind,31.84,1
R000037,O000156,C0000018,43,changed_mind,39.23,1
R000038,O000157,C0000018,77,changed_mind,16.57,1
R000039,O000161,C0000018,110,defective,21.19,1
R000040,O000162,C0000018,137,changed_mind,15.46,1
R000041,O000163,C0000018,162,duplicate_order,42.82,1
R000042,O000187,C0000020,177,not_as_described,18.18,1
R000043,O000189,C0000020,189,changed_mind,59.8,1
R000044,O000202,C0000022,138,changed_mind,31.02,1
R000045,O000207,C0000022,209,duplicate_order,19.24,1
R000046,O000229,C0000025,80,duplicate_order,14.39,0
R000047,O000233,C0000025,153,duplicate_order,13.22,0
R000048,O000237,C0000026,56,changed_mind,86.13,1
R000049,O000239,C0000026,98,changed_mind,41.98,1
R000050,O000240,C0000026,107,duplicate_order,17.94,1
R000051,O000242,C0000026,147,size_fit,37.37,1
R000052,O000247,C0000027,52,not_as_described,12.36,0
R000053,O000260,C0000028,92,not_as_described,30.09,1
R000054,O000261,C0000028,96,duplicate_order,47.64,1
R000055,O000262,C0000028,96,changed_mind,10.8,1
R000056,O000263,C0000028,100,changed_mind,14.56,1
R000057,O000266,C0000028,128,changed_mind,13.57,1
R000058,O000267,C0000028,150,changed_mind,18.64,1
R000059,O000268,C0000028,164,size_fit,18.17,1
R000060,O000272,C0000028,207,changed_mind,16.57,1
R000061,O000278,C0000030,111,changed_mind,25.11,1
R000062,O000279,C0000030,110,changed_mind,11.4,1
R000063,O000285,C0000030,209,other,18.48,1
R000064,O000294,C0000032,139,not_as_described,58.73,0
R000065,O000303,C0000033,102,changed_mind,31.57,1
R000066,O000315,C0000034,174,defective,15.06,0
R000067,O000344,C0000038,152,not_as_described,21.9,0
R000068,O000359,C0000041,13,not_as_described,31.57,1
R000069,O000360,C0000041,117,not_as_described,33.54,1
R000070,O000362,C0000041,130,other,28.96,1
R000071,O000363,C0000041,134,changed_mind,28.96,1
R000072,O000366,C0000041,157,changed_mind,44.59,1
R000073,O000367,C0000041,170,changed_mind,32.09,1
R000074,O000368,C0000041,203,not_as_described,23.16,1
R000075,O000375,C0000042,194,changed_mind,16.23,0
R000076,O000380,C0000043,148,not_as_described,5.83,0
R000077,O000408,C0000047,91,changed_mind,19.24,1
R000078,O000412,C0000047,111,changed_mind,26.72,1
R000079,O000413,C0000047,140,not_as_described,26.54,1
R000080,O000425,C0000047,209,defective,14.94,1
R000081,O000426,C0000048,63,not_as_described,22.4,1
R000082,O000427,C0000048,76,defective,74.34,1
R000083,O000429,C0000048,96,size_fit,30.08,1
R000084,O000460,C0000052,124,changed_mind,8.89,0
R000085,O000467,C0000053,151,other,27.01,0
R000086,O000483,C0000054,155,other,22.55,0
R000087,O000502,C0000056,109,duplicate_order,23.56,0
R000088,O000506,C0000057,115,not_as_described,50.41,0
R000089,O000509,C0000057,209,size_fit,26.09,0
R000090,O000513,C0000058,111,other,14.7,0
R000091,O000514,C0000058,160,changed_mind,19.22,0
R000092,O000528,C0000061,66,defective,12.14,0
R000093,O000533,C0000061,132,other,18.74,0
R000094,O000537,C0000061,152,not_as_described,16.56,0
R000095,O000549,C0000063,29,not_as_described,4.14,0
R000096,O000562,C0000064,209,changed_mind,19.63,0
R000097,O000569,C0000065,130,defective,27.05,0
R000098,O000578,C0000066,142,other,19.13,0
R000099,O000579,C0000066,160,not_as_described,23.16,0
R000100,O000585,C0000067,19,duplicate_order,30.17,1
R000101,O000586,C0000067,89,changed_mind,19.36,1
R000102,O000589,C0000067,165,duplicate_order,70.86,1
R000103,O000591,C0000067,206,size_fit,25.48,1
R000104,O000592,C0000068,71,changed_mind,39.49,1
R000105,O000595,C0000068,101,not_as_described,29.96,1
R000106,O000623,C0000072,88,changed_mind,25.48,1
R000107,O000624,C0000072,88,changed_mind,35.96,1
R000108,O000625,C0000072,93,other,12.22,1
R000109,O000626,C0000072,106,changed_mind,34.09,1
R000110,O000627,C0000072,115,changed_mind,9.31,1
R000111,O000629,C0000072,150,duplicate_order,7.43,1
R000112,O000631,C0000072,170,other,73.86,1
R000113,O000632,C0000072,176,changed_mind,45.94,1
R000114,O000633,C0000072,187,duplicate_order,24.7,1
R000115,O000635,C0000072,209,defective,25.3,1
R000116,O000636,C0000072,209,size_fit,24.51,1
R000117,O000644,C0000074,100,changed_mind,19.03,1
R000118,O000660,C0000076,178,duplicate_order,12.97,0
R000119,O000667,C0000077,122,other,40.65,0
R000120,O000689,C0000081,154,size_fit,26.65,0
R000121,O000691,C0000081,162,changed_mind,21.48,0
R000122,O000693,C0000081,186,not_as_described,83.18,0
R000123,O000695,C0000081,203,defective,44.59,0
R000124,O000698,C0000081,209,duplicate_order,34.09,0
R000125,O000700,C0000082,87,changed_mind,23.18,1
R000126,O000701,C0000082,97,changed_mind,24.96,1
R000127,O000703,C0000082,120,changed_mind,27.85,1
R000128,O000704,C0000082,139,changed_mind,29.54,1
R000129,O000706,C0000082,154,duplicate_order,6.63,1
R000130,O000707,C0000082,156,changed_mind,29.62,1
R000131,O000708,C0000082,172,changed_mind,60.28,1
R000132,O000709,C0000082,190,changed_mind,33.72,1
R000133,O000737,C0000086,156,duplicate_order,13.1,0
R000134,O000740,C0000087,71,changed_mind,25.44,0
R000135,O000748,C0000088,73,changed_mind,25.3,1
R000136,O000749,C0000088,82,changed_mind,31.84,1
R000137,O000753,C0000088,138,size_fit,28.55,1
R000138,O000755,C0000088,145,changed_mind,17.86,1
R000139,O000756,C0000088,147,changed_mind,17.86,1
R000140,O000768,C0000090,186,other,42.88,0
R000141,O000769,C0000090,199,other,30.91,0
R000142,O000779,C0000091,197,duplicate_order,34.76,0
R000143,O000781,C0000091,194,other,26.09,0
R000144,O000790,C0000092,204,not_as_described,165.23,0
R000145,O000793,C0000093,86,not_as_described,10.3,0
R000146,O000805,C0000093,209,defective,29.18,0
R000147,O000819,C0000095,175,duplicate_order,33.94,0
R000148,O000824,C0000096,143,duplicate_order,55.27,1
R000149,O000826,C0000096,194,duplicate_order,21.19,1
R000150,O000828,C0000097,75,changed_mind,13.22,1
R000151,O000829,C0000097,81,other,62.73,1
R000152,O000830,C0000097,92,changed_mind,29.18,1
R000153,O000831,C0000097,93,changed_mind,10.33,1
R000154,O000833,C0000097,104,other,6.1,1
R000155,O000837,C0000097,171,size_fit,13.57,1
R000156,O000840,C0000098,17,not_as_described,44.59,1
R000157,O000843,C0000098,113,duplicate_order,40.65,1
R000158,O000844,C0000098,128,changed_mind,23.65,1
R000159,O000846,C0000098,139,not_as_described,43.01,1
R000160,O000849,C0000098,152,changed_mind,42.88,1
R000161,O000850,C0000098,172,changed_mind,40.22,1
R000162,O000860,C0000099,183,other,20.66,0
R000163,O000872,C0000101,41,changed_mind,25.48,1
R000164,O000876,C0000101,89,changed_mind,19.13,1
R000165,O000879,C0000101,162,duplicate_order,14.98,1
R000166,O000881,C0000101,165,duplicate_order,40.35,1
R000167,O000884,C0000101,207,changed_mind,52.7,1
R000168,O000886,C0000102,42,other,18.32,0
R000169,O000894,C0000103,56,changed_mind,34.09,0
R000170,O000902,C0000104,118,changed_mind,23.55,1
R000171,O000906,C0000104,179,changed_mind,14.61,1
R000172,O000909,C0000104,184,changed_mind,70.86,1
R000173,O000916,C0000105,120,other,9.72,0
R000174,O000919,C0000105,209,defective,13.57,0
R000175,O000929,C0000107,81,changed_mind,21.19,1
R000176,O000930,C0000107,102,changed_mind,24.96,1
R000177,O000933,C0000107,111,changed_mind,10.3,1
R000178,O000934,C0000107,117,size_fit,61.65,1
R000179,O000936,C0000107,180,duplicate_order,19.51,1
R000180,O000952,C0000109,141,not_as_described,21.87,0
R000181,O000963,C0000110,171,defective,39.78,0
R000182,O000964,C0000110,165,changed_mind,23.55,0
R000183,O000981,C0000113,119,size_fit,40.65,0
R000184,O000983,C0000113,123,duplicate_order,30.91,0
R000185,O000986,C0000113,147,size_fit,19.13,0
R000186,O000994,C0000114,119,changed_mind,59.8,1
R000187,O000995,C0000114,133,duplicate_order,9.31,1
R000188,O000996,C0000114,148,defective,18.48,1
R000189,O000998,C0000114,209,changed_mind,15.37,1
R000190,O001002,C0000115,92,defective,22.76,0
R000191,O001015,C0000116,116,not_as_described,29.96,0
R000192,O001020,C0000116,206,defective,21.24,0
R000193,O001022,C0000117,112,duplicate_order,8.68,1
R000194,O001025,C0000117,127,changed_mind,8.92,1
R000195,O001026,C0000117,136,duplicate_order,23.26,1
R000196,O001029,C0000117,178,not_as_described,32.67,1
R000197,O001033,C0000118,144,defective,17.25,0
R000198,O001043,C0000120,97,changed_mind,35.95,0
R000199,O001044,C0000120,114,duplicate_order,30.09,0
R000200,O001091,C0000124,104,size_fit,29.12,0
R000201,O001096,C0000124,209,size_fit,24.74,0
R000202,O001104,C0000125,200,other,6.63,0
R000203,O001108,C0000126,140,other,17.21,0
R000204,O001132,C0000128,135,other,50.41,0
R000205,O001134,C0000128,157,size_fit,13.83,0
R000206,O001164,C0000131,198,changed_mind,40.65,0
R000207,O001180,C0000134,64,duplicate_order,20.04,1
R000208,O001183,C0000134,101,changed_mind,15.99,1
R000209,O001185,C0000134,192,defective,10.74,1
R000210,O001195,C0000135,183,not_as_described,49.54,0
R000211,O001202,C0000136,82,changed_mind,38.23,1
R000212,O001204,C0000136,119,changed_mind,10.74,1
R000213,O001205,C0000136,119,changed_mind,27.85,1
R000214,O001206,C0000136,130,changed_mind,21.03,1
R000215,O001207,C0000136,142,changed_mind,40.05,1
R000216,O001208,C0000136,156,defective,24.51,1
R000217,O001210,C0000136,209,other,26.21,1
R000218,O001212,C0000137,100,size_fit,16.56,1
R000219,O001213,C0000137,113,changed_mind,8.46,1
R000220,O001215,C0000137,139,not_as_described,5.47,1
R000221,O001216,C0000137,168,size_fit,32.02,1
R000222,O001221,C0000137,203,defective,39.78,1
R000223,O001230,C0000139,26,size_fit,27.61,0
R000224,O001231,C0000139,49,size_fit,53.52,0
R000225,O001243,C0000139,198,defective,28.96,0
R000226,O001247,C0000139,209,not_as_described,19.22,0
R000227,O001248,C0000140,81,defective,26.35,1
R000228,O001249,C0000140,124,changed_mind,47.64,1
R000229,O001250,C0000140,122,changed_mind,12.26,1
R000230,O001254,C0000140,157,changed_mind,17.94,1
R000231,O001255,C0000140,163,changed_mind,6.63,1
R000232,O001257,C0000140,198,changed_mind,33.72,1
R000233,O001274,C0000143,120,not_as_described,43.88,0
R000234,O001283,C0000144,112,size_fit,37.31,0
R000235,O001300,C0000146,82,changed_mind,17.42,1
R000236,O001301,C0000146,150,not_as_described,17.42,1
R000237,O001309,C0000147,41,size_fit,13.3,1
R000238,O001316,C0000147,195,defective,24.7,1
R000239,O001328,C0000149,111,changed_mind,14.98,0
R000240,O001330,C0000149,115,not_as_described,7.43,0
R000241,O001332,C0000149,162,defective,36.57,0
R000242,O001333,C0000149,154,changed_mind,12.6,0
R000243,O001335,C0000149,159,defective,23.26,0
R000244,O001337,C0000149,178,size_fit,18.48,0
R000245,O001342,C0000149,205,changed_mind,18.48,0
R000246,O001343,C0000149,209,defective,24.7,0
R000247,O001355,C0000151,28,size_fit,31.18,1
R000248,O001356,C0000151,32,changed_mind,10.3,1
R000249,O001357,C0000151,45,not_as_described,67.3,1
R000250,O001358,C0000151,48,changed_mind,16.71,1
R000251,O001360,C0000151,65,changed_mind,27.61,1
R000252,O001362,C0000151,119,not_as_described,34.09,1
R000253,O001364,C0000151,146,not_as_described,6.37,1
R000254,O001377,C0000153,80,changed_mind,19.98,1
R000255,O001380,C0000153,109,changed_mind,16.57,1
R000256,O001381,C0000153,110,changed_mind,17.94,1
R000257,O001382,C0000153,160,defective,33.54,1
R000258,O001389,C0000154,157,changed_mind,33.72,1
R000259,O001391,C0000154,184,changed_mind,23.31,1
R000260,O001392,C0000154,202,changed_mind,60.28,1
R000261,O001393,C0000154,208,size_fit,10.75,1
R000262,O001412,C0000157,26,changed_mind,40.57,1
R000263,O001413,C0000157,58,changed_mind,39.78,1
R000264,O001414,C0000157,61,changed_mind,45.94,1
R000265,O001415,C0000157,66,not_as_described,17.95,1
R000266,O001416,C0000157,69,changed_mind,10.48,1
R000267,O001417,C0000157,111,other,14.65,1
R000268,O001418,C0000157,149,changed_mind,38.86,1
R000269,O001419,C0000157,169,duplicate_order,51.92,1
R000270,O001420,C0000157,173,defective,9.38,1
R000271,O001428,C0000159,104,defective,10.25,0
R000272,O001435,C0000160,74,not_as_described,24.96,1
R000273,O001436,C0000160,103,duplicate_order,29.96,1
R000274,O001437,C0000160,116,duplicate_order,10.3,1
R000275,O001438,C0000160,120,size_fit,24.35,1
R000276,O001450,C0000161,180,other,37.02,0
R000277,O001453,C0000162,90,duplicate_order,47.64,0
R000278,O001460,C0000163,104,size_fit,7.67,0
R000279,O001462,C0000163,104,defective,37.02,0
R000280,O001479,C0000164,205,changed_mind,73.86,0
R000281,O001480,C0000164,209,changed_mind,29.54,0
R000282,O001482,C0000165,103,changed_mind,29.12,1
R000283,O001483,C0000165,108,changed_mind,58.13,1
R000284,O001484,C0000165,113,defective,30.88,1
R000285,O001486,C0000165,119,changed_mind,32.09,1
R000286,O001488,C0000165,145,not_as_described,7.43,1
R000287,O001528,C0000169,79,changed_mind,5.83,1
R000288,O001530,C0000169,97,changed_mind,44.0,1
R000289,O001531,C0000169,101,size_fit,62.73,1
R000290,O001532,C0000169,102,changed_mind,41.36,1
R000291,O001533,C0000169,102,changed_mind,35.57,1
R000292,O001537,C0000170,72,changed_mind,11.78,0
R000293,O001542,C0000170,138,size_fit,15.62,0
R000294,O001544,C0000170,141,not_as_described,43.01,0
R000295,O001548,C0000171,27,not_as_described,23.42,1
R000296,O001549,C0000171,30,duplicate_order,31.84,1
R000297,O001550,C0000171,44,duplicate_order,24.01,1
R000298,O001553,C0000171,114,changed_mind,29.12,1
R000299,O001554,C0000171,137,not_as_described,14.01,1
R000300,O001555,C0000171,154,not_as_described,20.35,1
R000301,O001558,C0000171,178,changed_mind,24.51,1
R000302,O001559,C0000171,182,size_fit,4.14,1
R000303,O001564,C0000172,143,not_as_described,11.11,0
R000304,O001580,C0000173,93,changed_mind,21.74,1
R000305,O001585,C0000173,125,changed_mind,6.63,1
R000306,O001586,C0000173,128,changed_mind,22.66,1
R000307,O001591,C0000173,182,changed_mind,39.49,1
R000308,O001592,C0000174,116,changed_mind,26.35,1
R000309,O001600,C0000175,73,duplicate_order,10.15,1
R000310,O001602,C0000175,116,defective,8.55,1
R000311,O001608,C0000176,82,changed_mind,61.65,1
R000312,O001614,C0000176,183,changed_mind,18.64,1
R000313,O001615,C0000176,187,duplicate_order,28.74,1
R000314,O001616,C0000176,207,defective,35.57,1
R000315,O001630,C0000178,128,other,21.92,0
R000316,O001647,C0000179,209,duplicate_order,19.22,0
R000317,O001653,C0000181,38,defective,23.06,1
R000318,O001654,C0000181,39,changed_mind,26.65,1
R000319,O001657,C0000181,139,size_fit,23.55,1
R000320,O001658,C0000181,154,changed_mind,23.56,1
R000321,O001659,C0000181,171,other,19.16,1
R000322,O001660,C0000181,201,changed_mind,35.25,1
R000323,O001661,C0000181,207,not_as_described,12.6,1
R000324,O001664,C0000182,70,changed_mind,18.51,1
R000325,O001675,C0000185,143,defective,58.29,0
R000326,O001695,C0000188,143,duplicate_order,23.16,0
R000327,O001717,C0000191,94,duplicate_order,24.7,0
R000328,O001722,C0000191,165,not_as_described,14.94,0
R000329,O001733,C0000193,89,size_fit,19.79,1
R000330,O001734,C0000193,99,changed_mind,25.02,1
R000331,O001735,C0000193,107,changed_mind,41.98,1
R000332,O001736,C0000193,108,changed_mind,29.18,1
R000333,O001737,C0000193,116,changed_mind,24.5,1
R000334,O001788,C0000198,92,changed_mind,39.12,1
R000335,O001789,C0000198,119,changed_mind,7.94,1
R000336,O001800,C0000199,122,changed_mind,16.14,0
R000337,O001816,C0000201,119,size_fit,32.72,1
R000338,O001821,C0000201,161,duplicate_order,18.17,1
R000339,O001824,C0000201,169,defective,39.78,1
R000340,O001827,C0000201,209,defective,5.27,1
R000341,O001828,C0000202,62,changed_mind,28.36,1
R000342,O001829,C0000202,92,duplicate_order,59.32,1
R000343,O001843,C0000203,191,other,5.83,0
R000344,O001859,C0000206,49,duplicate_order,10.08,0
R000345,O001860,C0000206,40,size_fit,30.39,0
R000346,O001866,C0000207,116,defective,17.17,0
R000347,O001873,C0000207,176,defective,24.51,0
R000348,O001888,C0000209,79,changed_mind,33.54,1
R000349,O001890,C0000209,93,changed_mind,34.09,1
R000350,O001891,C0000209,110,changed_mind,34.73,1
R000351,O001892,C0000209,137,other,9.99,1
R000352,O001918,C0000212,183,changed_mind,21.9,0
R000353,O001923,C0000213,63,not_as_described,24.96,1
R000354,O001925,C0000213,98,size_fit,28.96,1
R000355,O001927,C0000213,161,changed_mind,48.43,1
R000356,O001928,C0000213,186,changed_mind,18.63,1
R000357,O001932,C0000214,105,changed_mind,36.1,0
R000358,O001940,C0000215,17,size_fit,23.55,1
R000359,O001943,C0000215,44,not_as_described,59.89,1
R000360,O001944,C0000215,49,duplicate_order,27.05,1
R000361,O001946,C0000215,113,changed_mind,9.77,1
R000362,O001947,C0000215,117,duplicate_order,6.37,1
R000363,O001948,C0000215,204,changed_mind,12.36,1
R000364,O001964,C0000218,91,changed_mind,21.69,0
R000365,O001966,C0000218,134,other,22.54,0
R000366,O001970,C0000218,196,not_as_described,67.3,0
R000367,O001971,C0000219,41,not_as_described,22.55,0
R000368,O001987,C0000221,35,changed_mind,32.27,1
R000369,O001989,C0000221,78,changed_mind,20.66,1
R000370,O001991,C0000221,101,duplicate_order,19.67,1
R000371,O001997,C0000221,209,not_as_described,23.27,1
R000372,O001999,C0000222,134,defective,8.92,0
R000373,O002005,C0000223,123,defective,34.76,0
R000374,O002008,C0000223,141,not_as_described,16.57,0
R000375,O002027,C0000224,200,other,22.66,0
R000376,O002046,C0000227,187,defective,27.95,0
R000377,O002047,C0000227,209,changed_mind,10.15,0
R000378,O002057,C0000228,123,changed_mind,16.89,0
R000379,O002060,C0000228,152,duplicate_order,27.4,0
R000380,O002089,C0000232,137,size_fit,10.48,0
R000381,O002094,C0000233,91,changed_mind,17.86,1
R000382,O002095,C0000233,101,changed_mind,26.72,1
R000383,O002096,C0000233,113,changed_mind,22.55,1
R000384,O002099,C0000233,209,not_as_described,16.57,1
R000385,O002142,C0000240,88,changed_mind,41.98,1
R000386,O002143,C0000240,100,changed_mind,18.63,1
R000387,O002145,C0000240,102,changed_mind,32.7,1
R000388,O002146,C0000240,107,changed_mind,29.0,1
R000389,O002147,C0000240,110,duplicate_order,83.18,1
R000390,O002157,C0000241,163,other,5.83,0
R000391,O002175,C0000244,138,changed_mind,11.11,0
R000392,O002177,C0000244,174,changed_mind,21.25,0
R000393,O002186,C0000245,135,defective,16.56,0
R000394,O002212,C0000248,151,defective,20.82,0
R000395,O002214,C0000248,180,not_as_described,31.02,0
R000396,O002219,C0000249,71,changed_mind,35.57,1
R000397,O002220,C0000249,107,changed_mind,27.85,1
R000398,O002221,C0000249,107,changed_mind,9.11,1
R000399,O002223,C0000249,149,duplicate_order,19.13,1
R000400,O002225,C0000249,149,changed_mind,19.13,1
R000401,O002227,C0000249,170,defective,24.7,1
R000402,O002228,C0000249,162,changed_mind,10.75,1
R000403,O002231,C0000249,191,other,21.48,1
R000404,O002238,C0000250,104,changed_mind,29.96,0
R000405,O002245,C0000251,16,duplicate_order,20.04,1
R000406,O002246,C0000251,68,defective,21.06,1
R000407,O002247,C0000251,140,changed_mind,41.98,1
R000408,O002248,C0000251,141,size_fit,9.77,1
R000409,O002250,C0000251,165,changed_mind,18.74,1
R000410,O002253,C0000251,196,changed_mind,23.26,1
R000411,O002255,C0000252,117,duplicate_order,21.25,0
R000412,O002276,C0000254,62,not_as_described,32.67,1
R000413,O002282,C0000254,141,duplicate_order,10.56,1
R000414,O002284,C0000254,174,changed_mind,30.88,1
R000415,O002298,C0000256,152,not_as_described,14.01,0
R000416,O002318,C0000259,88,changed_mind,9.11,1
R000417,O002320,C0000259,132,other,58.73,1
R000418,O002321,C0000259,134,changed_mind,30.08,1
R000419,O002323,C0000259,169,duplicate_order,58.73,1
R000420,O002324,C0000259,179,changed_mind,20.29,1
R000421,O002335,C0000261,113,changed_mind,19.03,0
R000422,O002360,C0000264,76,changed_mind,22.55,1
R000423,O002361,C0000264,98,not_as_described,30.09,1
R000424,O002364,C0000264,115,changed_mind,15.63,1
R000425,O002366,C0000264,153,defective,16.18,1
R000426,O002374,C0000265,125,duplicate_order,28.96,0
R000427,O002389,C0000267,36,changed_mind,11.78,1
R000428,O002390,C0000267,47,duplicate_order,45.94,1
R000429,O002391,C0000267,58,changed_mind,14.01,1
R000430,O002392,C0000267,62,changed_mind,27.61,1
R000431,O002394,C0000267,102,changed_mind,22.4,1
R000432,O002395,C0000267,111,changed_mind,18.63,1
R000433,O002396,C0000267,183,changed_mind,70.86,1
R000434,O002410,C0000269,85,not_as_described,25.44,0
R000435,O002413,C0000269,127,defective,21.92,0
R000436,O002427,C0000271,114,other,31.85,0
R000437,O002429,C0000271,165,changed_mind,15.88,0
R000438,O002444,C0000272,186,defective,51.92,0
R000439,O002461,C0000274,111,size_fit,5.27,0
R000440,O002470,C0000275,57,defective,47.16,0
R000441,O002477,C0000276,84,size_fit,10.8,0
R000442,O002485,C0000276,156,changed_mind,47.64,0
R000443,O002487,C0000276,204,not_as_described,13.57,0
R000444,O002492,C0000277,129,changed_mind,12.89,1
R000445,O002493,C0000277,136,changed_mind,19.16,1
R000446,O002494,C0000277,145,changed_mind,30.04,1
R000447,O002495,C0000277,144,changed_mind,23.65,1
R000448,O002497,C0000277,159,changed_mind,28.21,1
R000449,O002498,C0000277,167,duplicate_order,23.06,1
R000450,O002499,C0000277,171,changed_mind,10.15,1
R000451,O002500,C0000277,183,defective,30.88,1
R000452,O002501,C0000277,190,size_fit,35.96,1
R000453,O002515,C0000279,179,defective,19.16,0
R000454,O002522,C0000280,40,other,12.6,1
R000455,O002523,C0000280,54,other,29.96,1
R000456,O002524,C0000280,58,changed_mind,21.71,1
R000457,O002525,C0000280,71,changed_mind,42.88,1
R000458,O002526,C0000280,72,defective,30.09,1
R000459,O002527,C0000280,80,defective,19.22,1
R000460,O002528,C0000280,81,changed_mind,41.98,1
R000461,O002529,C0000280,89,size_fit,23.31,1
R000462,O002530,C0000280,111,changed_mind,23.3,1
R000463,O002534,C0000280,203,changed_mind,12.89,1
R000464,O002535,C0000280,209,duplicate_order,16.18,1
R000465,O002563,C0000285,89,size_fit,21.69,1
R000466,O002564,C0000285,102,changed_mind,13.66,1
R000467,O002565,C0000285,152,changed_mind,32.7,1
R000468,O002567,C0000285,166,changed_mind,12.63,1
R000469,O002608,C0000289,209,not_as_described,14.01,0
R000470,O002615,C0000290,202,defective,23.26,0
R000471,O002625,C0000292,143,not_as_described,18.48,0
R000472,O002653,C0000296,181,size_fit,27.95,0
R000473,O002654,C0000296,194,changed_mind,20.95,0
R000474,O002690,C0000299,191,size_fit,55.83,0
R000475,O002698,C0000300,152,duplicate_order,25.44,0
R000476,O002706,C0000301,51,changed_mind,16.89,1
R000477,O002709,C0000301,113,changed_mind,35.86,1
R000478,O002712,C0000301,205,changed_mind,28.13,1
R000479,O002713,C0000301,209,changed_mind,20.08,1
R000480,O002719,C0000302,161,other,23.31,0
R000481,O002725,C0000303,109,size_fit,18.63,1
R000482,O002728,C0000303,160,changed_mind,9.62,1
R000483,O002730,C0000303,188,other,9.99,1
R000484,O002738,C0000305,140,defective,8.46,0
R000485,O002771,C0000309,110,changed_mind,10.15,0
R000486,O002775,C0000309,195,other,38.86,0
R000487,O002778,C0000310,89,other,51.92,0
R000488,O002780,C0000310,108,size_fit,27.61,0
R000489,O002781,C0000310,133,duplicate_order,18.89,0
R000490,O002782,C0000310,145,duplicate_order,14.94,0
R000491,O002801,C0000313,155,duplicate_order,44.0,0
R000492,O002807,C0000314,186,defective,165.23,0
R000493,O002811,C0000314,209,size_fit,25.11,0
R000494,O002815,C0000315,105,not_as_described,10.48,0
R000495,O002830,C0000317,199,not_as_described,12.91,0
R000496,O002833,C0000318,121,other,19.17,0
R000497,O002840,C0000318,166,other,18.17,0
R000498,O002841,C0000318,207,other,58.08,0
R000499,O002843,C0000318,209,size_fit,10.48,0
R000500,O002844,C0000319,86,other,9.62,1
R000501,O002845,C0000319,115,changed_mind,13.56,1
R000502,O002855,C0000320,164,size_fit,22.66,0
R000503,O002861,C0000322,52,changed_mind,13.66,1
R000504,O002862,C0000322,70,changed_mind,32.27,1
R000505,O002864,C0000322,135,changed_mind,19.22,1
R000506,O002865,C0000322,143,changed_mind,31.45,1
R000507,O002866,C0000322,152,duplicate_order,50.83,1
R000508,O002867,C0000322,170,not_as_described,33.54,1
R000509,O002868,C0000322,188,changed_mind,23.18,1
R000510,O002869,C0000322,195,changed_mind,13.57,1
R000511,O002871,C0000323,108,other,24.99,1
R000512,O002874,C0000323,163,not_as_described,17.94,1
R000513,O002878,C0000323,209,duplicate_order,17.21,1
R000514,O002889,C0000325,57,changed_mind,21.69,1
R000515,O002892,C0000325,83,changed_mind,24.51,1
R000516,O002893,C0000325,95,changed_mind,27.27,1
R000517,O002895,C0000325,118,other,19.22,1
R000518,O002896,C0000325,120,changed_mind,6.63,1
R000519,O002897,C0000325,136,other,27.34,1
R000520,O002900,C0000325,173,changed_mind,8.68,1
R000521,O002901,C0000325,182,changed_mind,19.22,1
R000522,O002903,C0000325,183,defective,58.08,1
R000523,O002905,C0000325,194,not_as_described,14.39,1
R000524,O002906,C0000325,198,changed_mind,83.18,1
R000525,O002907,C0000326,79,changed_mind,25.44,1
R000526,O002908,C0000326,90,changed_mind,28.74,1
R000527,O002909,C0000326,102,not_as_described,86.13,1
R000528,O002910,C0000326,101,changed_mind,30.39,1
R000529,O002918,C0000326,193,duplicate_order,32.72,1
R000530,O002929,C0000327,145,defective,30.88,0
R000531,O002933,C0000327,192,other,23.31,0
R000532,O002941,C0000328,155,defective,16.18,0
R000533,O002942,C0000328,188,duplicate_order,58.08,0
R000534,O002953,C0000329,194,not_as_described,21.07,0
R000535,O002985,C0000333,209,other,37.37,0
R000536,O002990,C0000334,106,size_fit,25.44,0
R000537,O003011,C0000336,116,changed_mind,38.23,1
R000538,O003012,C0000336,131,not_as_described,47.64,1
R000539,O003014,C0000336,162,other,8.89,1
R000540,O003015,C0000336,164,changed_mind,37.02,1
R000541,O003016,C0000336,171,changed_mind,11.4,1
R000542,O003018,C0000337,28,size_fit,32.02,0
R000543,O003041,C0000338,209,duplicate_order,17.95,0
R000544,O003042,C0000338,209,duplicate_order,42.82,0
R000545,O003054,C0000340,104,not_as_described,26.72,1
R000546,O003055,C0000340,170,changed_mind,28.21,1
R000547,O003056,C0000340,176,duplicate_order,17.94,1
R000548,O003058,C0000340,183,changed_mind,15.64,1
R000549,O003059,C0000341,110,size_fit,49.54,1
R000550,O003061,C0000341,177,other,17.56,1
R000551,O003068,C0000342,71,size_fit,22.4,1
R000552,O003069,C0000342,79,size_fit,17.42,1
R000553,O003070,C0000342,88,changed_mind,30.25,1
R000554,O003071,C0000342,92,other,31.57,1
R000555,O003073,C0000342,106,changed_mind,37.37,1
R000556,O003074,C0000342,122,changed_mind,12.91,1
R000557,O003075,C0000342,130,changed_mind,24.96,1
R000558,O003076,C0000342,154,duplicate_order,53.15,1
R000559,O003077,C0000342,160,changed_mind,22.76,1
R000560,O003079,C0000342,164,not_as_described,28.21,1
R000561,O003080,C0000342,168,changed_mind,26.72,1
R000562,O003082,C0000342,171,changed_mind,18.63,1
R000563,O003084,C0000342,175,changed_mind,13.66,1
R000564,O003086,C0000343,100,changed_mind,19.22,1
R000565,O003087,C0000343,141,not_as_described,31.57,1
R000566,O003088,C0000343,143,changed_mind,13.3,1
R000567,O003089,C0000343,164,duplicate_order,23.31,1
R000568,O003090,C0000343,169,size_fit,18.63,1
R000569,O003091,C0000343,179,changed_mind,27.27,1
R000570,O003092,C0000343,208,changed_mind,25.44,1
R000571,O003093,C0000344,87,changed_mind,6.35,0
R000572,O003102,C0000344,209,size_fit,29.12,0
R000573,O003126,C0000348,145,defective,26.21,1
R000574,O003131,C0000348,195,defective,18.83,1
R000575,O003149,C0000351,74,changed_mind,9.38,0
R000576,O003162,C0000353,95,defective,7.94,0
R000577,O003178,C0000355,91,changed_mind,18.17,1
R000578,O003179,C0000355,97,changed_mind,88.02,1
R000579,O003181,C0000355,112,changed_mind,21.03,1
R000580,O003195,C0000357,36,changed_mind,17.21,1
R000581,O003197,C0000357,71,other,33.94,1
R000582,O003199,C0000357,89,size_fit,30.17,1
R000583,O003200,C0000357,96,not_as_described,23.39,1
R000584,O003201,C0000357,121,other,62.61,1
R000585,O003203,C0000357,171,not_as_described,10.25,1
R000586,O003204,C0000357,190,defective,30.01,1
R000587,O003222,C0000360,133,duplicate_order,23.16,0
R000588,O003223,C0000360,177,defective,28.96,0
R000589,O003228,C0000361,82,size_fit,14.98,1
R000590,O003232,C0000361,193,changed_mind,27.99,1
R000591,O003233,C0000361,203,changed_mind,35.96,1
R000592,O003238,C0000362,201,changed_mind,46.54,0
R000593,O003242,C0000363,76,duplicate_order,15.61,1
R000594,O003243,C0000363,97,changed_mind,30.91,1
R000595,O003244,C0000363,112,changed_mind,10.75,1
R000596,O003246,C0000363,119,changed_mind,26.65,1
R000597,O003251,C0000363,204,changed_mind,28.05,1
R000598,O003258,C0000365,59,changed_mind,11.11,0
R000599,O003259,C0000365,76,other,7.94,0
R000600,O003263,C0000365,143,not_as_described,30.25,0
R000601,O003264,C0000365,175,other,29.54,0
R000602,O003273,C0000366,72,defective,40.65,1
R000603,O003275,C0000366,131,other,15.23,1
R000604,O003276,C0000366,152,size_fit,7.67,1
R000605,O003277,C0000366,153,changed_mind,31.02,1
R000606,O003279,C0000366,160,changed_mind,5.83,1
R000607,O003280,C0000366,169,changed_mind,21.19,1
R000608,O003301,C0000369,146,changed_mind,10.3,1
R000609,O003303,C0000369,185,not_as_described,27.4,1
R000610,O003307,C0000369,192,size_fit,30.17,1
R000611,O003311,C0000370,114,other,12.6,0
R000612,O003324,C0000371,172,defective,27.61,0
R000613,O003328,C0000372,121,size_fit,21.38,0
R000614,O003332,C0000372,209,defective,12.14,0
R000615,O003342,C0000374,130,size_fit,22.03,0
R000616,O003377,C0000377,55,size_fit,20.7,1
R000617,O003378,C0000377,58,changed_mind,16.56,1
R000618,O003380,C0000377,93,changed_mind,30.88,1
R000619,O003383,C0000377,139,changed_mind,40.32,1
R000620,O003386,C0000377,158,changed_mind,28.21,1
R000621,O003402,C0000379,126,not_as_described,21.06,0
R000622,O003407,C0000379,170,size_fit,47.6,0
R000623,O003421,C0000380,198,defective,16.56,0
R000624,O003426,C0000381,65,changed_mind,41.98,1
R000625,O003427,C0000381,94,changed_mind,14.64,1
R000626,O003428,C0000381,109,changed_mind,12.91,1
R000627,O003429,C0000381,126,other,21.06,1
R000628,O003432,C0000381,201,size_fit,47.16,1
R000629,O003442,C0000383,124,defective,28.36,0
R000630,O003449,C0000384,189,duplicate_order,25.11,0
R000631,O003452,C0000385,95,changed_mind,13.83,1
R000632,O003453,C0000385,107,changed_mind,165.23,1
R000633,O003455,C0000385,126,changed_mind,53.52,1
R000634,O003456,C0000385,152,changed_mind,32.62,1
R000635,O003457,C0000385,150,changed_mind,14.98,1
R000636,O003460,C0000387,62,not_as_described,27.4,0
R000637,O003477,C0000388,209,changed_mind,35.57,0
R000638,O003511,C0000393,180,changed_mind,41.36,0
R000639,O003514,C0000394,77,changed_mind,10.33,1
R000640,O003518,C0000394,156,changed_mind,47.6,1
R000641,O003519,C0000394,174,changed_mind,21.87,1
R000642,O003526,C0000395,148,defective,16.71,0
R000643,O003529,C0000395,193,other,26.65,0
R000644,O003531,C0000396,70,defective,28.74,0
R000645,O003537,C0000397,64,other,11.78,1
R000646,O003540,C0000397,115,changed_mind,6.1,1
R000647,O003541,C0000397,149,changed_mind,25.3,1
R000648,O003544,C0000397,196,other,20.35,1
R000649,O003569,C0000400,93,changed_mind,73.86,1
R000650,O003571,C0000400,102,changed_mind,75.89,1
R000651,O003573,C0000400,107,duplicate_order,28.36,1
R000652,O003574,C0000400,110,other,27.85,1
R000653,O003585,C0000401,170,size_fit,32.27,0
R000654,O003591,C0000402,123,not_as_described,27.27,0
R000655,O003595,C0000402,171,other,2.75,0
R000656,O003603,C0000404,128,not_as_described,30.88,0
R000657,O003616,C0000406,147,other,18.48,0
R000658,O003620,C0000406,209,defective,15.68,0
R000659,O003646,C0000410,45,size_fit,28.25,0
R000660,O003650,C0000410,114,size_fit,14.84,0
R000661,O003659,C0000410,209,size_fit,21.08,0
R000662,O003663,C0000411,74,changed_mind,16.23,1
R000663,O003668,C0000411,119,defective,24.51,1
R000664,O003673,C0000412,34,changed_mind,5.77,1
R000665,O003676,C0000412,89,other,32.07,1
R000666,O003680,C0000412,130,changed_mind,11.76,1
R000667,O003685,C0000412,189,duplicate_order,9.77,1
R000668,O003688,C0000413,126,other,21.08,0
R000669,O003701,C0000414,191,defective,12.63,0
R000670,O003719,C0000417,49,changed_mind,30.91,1
R000671,O003720,C0000417,71,changed_mind,23.56,1
R000672,O003721,C0000417,94,changed_mind,21.48,1
R000673,O003722,C0000417,99,changed_mind,12.97,1
R000674,O003725,C0000417,115,duplicate_order,13.66,1
R000675,O003726,C0000417,118,defective,15.52,1
R000676,O003737,C0000418,169,not_as_described,31.84,0
R000677,O003753,C0000420,138,changed_mind,39.78,1
R000678,O003755,C0000420,168,size_fit,40.05,1
R000679,O003758,C0000420,187,not_as_described,33.72,1
R000680,O003767,C0000422,105,changed_mind,15.68,0
R000681,O003781,C0000424,170,other,18.48,0
R000682,O003783,C0000424,209,duplicate_order,23.42,0
R000683,O003797,C0000427,32,changed_mind,11.11,1
R000684,O003799,C0000427,111,changed_mind,24.74,1
R000685,O003804,C0000427,199,not_as_described,45.94,1
R000686,O003806,C0000428,89,changed_mind,15.23,1
R000687,O003807,C0000428,119,other,10.25,1
R000688,O003810,C0000428,131,not_as_described,34.09,1
R000689,O003816,C0000428,196,changed_mind,40.22,1
R000690,O003817,C0000428,209,changed_mind,37.31,1
R000691,O003819,C0000429,105,defective,20.95,1
R000692,O003820,C0000429,109,changed_mind,15.72,1
R000693,O003824,C0000429,167,changed_mind,19.67,1
R000694,O003827,C0000429,204,duplicate_order,15.23,1
R000695,O003832,C0000430,192,size_fit,71.6,0
R000696,O003841,C0000432,106,duplicate_order,20.35,1
R000697,O003844,C0000432,162,changed_mind,10.3,1
R000698,O003861,C0000435,117,not_as_described,25.44,0
R000699,O003864,C0000435,139,other,25.44,0
R000700,O003867,C0000436,33,duplicate_order,39.78,0
R000701,O003875,C0000436,168,defective,12.65,0
R000702,O003880,C0000437,112,defective,29.54,0
R000703,O003885,C0000437,177,duplicate_order,36.1,0
R000704,O003886,C0000437,191,size_fit,33.54,0
R000705,O003888,C0000437,209,not_as_described,45.94,0
R000706,O003893,C0000438,103,defective,38.86,1
R000707,O003911,C0000439,209,size_fit,38.88,0
R000708,O003919,C0000440,158,changed_mind,30.39,0
R000709,O003927,C0000441,64,duplicate_order,57.77,1
R000710,O003928,C0000441,142,changed_mind,40.05,1
R000711,O003931,C0000441,182,changed_mind,2.75,1
R000712,O003934,C0000441,208,changed_mind,18.89,1
R000713,O003943,C0000443,47,changed_mind,79.09,0
R000714,O003944,C0000443,85,not_as_described,23.56,0
R000715,O003945,C0000443,100,defective,28.21,0
R000716,O003950,C0000443,205,other,62.61,0
R000717,O003954,C0000444,61,changed_mind,23.16,1
R000718,O003956,C0000444,66,changed_mind,25.48,1
R000719,O003959,C0000444,133,changed_mind,10.48,1
R000720,O003961,C0000444,170,changed_mind,24.7,1
R000721,O003962,C0000444,198,size_fit,12.6,1
R000722,O003970,C0000445,148,changed_mind,27.71,0
R000723,O003971,C0000445,136,changed_mind,27.61,0
R000724,O004003,C0000449,120,not_as_described,12.65,0
R000725,O004004,C0000449,149,size_fit,9.38,0
R000726,O004030,C0000452,40,size_fit,7.43,0
R000727,O004035,C0000452,95,other,21.87,0
R000728,O004040,C0000453,52,changed_mind,40.65,0
R000729,O004041,C0000453,56,defective,40.98,0
R000730,O004047,C0000453,202,defective,29.12,0
R000731,O004048,C0000453,208,not_as_described,5.77,0
R000732,O004052,C0000454,92,changed_mind,19.22,1
R000733,O004063,C0000455,121,changed_mind,12.14,0
R000734,O004076,C0000456,191,size_fit,25.44,0
R000735,O004078,C0000456,208,changed_mind,25.44,0
R000736,O004085,C0000457,177,size_fit,41.05,0
R000737,O004090,C0000457,209,other,35.96,0
R000738,O004092,C0000458,111,defective,40.32,0
R000739,O004102,C0000459,134,defective,21.72,0
R000740,O004108,C0000460,130,duplicate_order,9.11,0
R000741,O004109,C0000460,127,other,13.83,0
R000742,O004115,C0000460,194,changed_mind,5.83,0
R000743,O004116,C0000461,12,not_as_described,12.97,1
R000744,O004117,C0000461,17,changed_mind,30.25,1
R000745,O004121,C0000461,57,changed_mind,40.56,1
R000746,O004123,C0000461,102,not_as_described,19.98,1
R000747,O004124,C0000461,105,changed_mind,14.01,1
R000748,O004126,C0000461,201,changed_mind,20.04,1
R000749,O004135,C0000463,33,duplicate_order,7.81,1
R000750,O004144,C0000464,79,changed_mind,27.27,1
R000751,O004145,C0000464,111,defective,18.51,1
R000752,O004146,C0000464,178,other,36.1,1
R000753,O004170,C0000468,101,duplicate_order,18.17,1
R000754,O004174,C0000468,147,not_as_described,23.65,1
R000755,O004177,C0000468,180,defective,13.22,1
R000756,O004186,C0000469,160,changed_mind,17.17,0
R000757,O004202,C0000471,111,changed_mind,13.3,1
R000758,O004207,C0000471,170,changed_mind,53.99,1
R000759,O004210,C0000471,192,duplicate_order,32.72,1
R000760,O004212,C0000471,207,changed_mind,70.86,1
R000761,O004213,C0000471,205,changed_mind,15.72,1
R000762,O004218,C0000472,175,not_as_described,41.05,0
R000763,O004224,C0000473,76,other,15.06,0
R000764,O004228,C0000473,91,duplicate_order,9.99,0
R000765,O004234,C0000473,127,duplicate_order,29.18,0
R000766,O004235,C0000473,141,changed_mind,12.7,0
R000767,O004240,C0000473,171,duplicate_order,16.23,0
R000768,O004245,C0000474,101,changed_mind,32.1,0
R000769,O004247,C0000474,209,not_as_described,23.31,0
R000770,O004248,C0000475,101,changed_mind,41.98,1
R000771,O004250,C0000475,111,size_fit,59.89,1
R000772,O004259,C0000476,46,changed_mind,53.15,1
R000773,O004260,C0000476,81,changed_mind,19.36,1
R000774,O004261,C0000476,105,changed_mind,35.96,1
R000775,O004262,C0000476,117,changed_mind,22.54,1
R000776,O004263,C0000476,147,duplicate_order,83.18,1
R000777,O004265,C0000476,171,changed_mind,29.12,1
R000778,O004266,C0000476,173,changed_mind,29.62,1
R000779,O004267,C0000476,196,changed_mind,15.68,1
R000780,O004268,C0000476,208,changed_mind,31.57,1
R000781,O004285,C0000478,159,changed_mind,21.92,0
R000782,O004288,C0000478,168,changed_mind,21.92,0
R000783,O004304,C0000480,146,size_fit,37.37,0
R000784,O004311,C0000482,101,changed_mind,23.55,1
R000785,O004313,C0000482,138,other,16.89,1
R000786,O004314,C0000482,154,defective,9.45,1
R000787,O004315,C0000482,160,not_as_described,21.38,1
R000788,O004317,C0000482,164,changed_mind,23.27,1
R000789,O004318,C0000482,163,not_as_described,24.12,1
R000790,O004320,C0000482,173,not_as_described,15.23,1
R000791,O004321,C0000482,185,changed_mind,53.15,1
R000792,O004322,C0000483,90,other,12.7,0
R000793,O004340,C0000485,130,other,25.44,0
R000794,O004357,C0000486,99,defective,29.54,0
R000795,O004370,C0000488,86,not_as_described,11.76,0
R000796,O004386,C0000490,36,other,31.84,1
R000797,O004387,C0000490,42,other,31.45,1
R000798,O004388,C0000490,57,changed_mind,23.27,1
R000799,O004389,C0000490,109,changed_mind,23.3,1
R000800,O004390,C0000490,136,other,28.36,1
R000801,O004394,C0000490,208,changed_mind,18.64,1
R000802,O004395,C0000491,91,defective,30.04,0
R000803,O004401,C0000492,103,changed_mind,18.89,0
R000804,O004402,C0000492,110,defective,23.16,0
R000805,O004410,C0000493,100,changed_mind,15.23,1
R000806,O004412,C0000493,118,changed_mind,17.86,1
R000807,O004422,C0000494,155,not_as_described,17.56,0
R000808,O004425,C0000495,41,other,20.29,0
R000809,O004434,C0000495,155,size_fit,35.96,0
R000810,O004435,C0000495,146,not_as_described,37.32,0
R000811,O004448,C0000497,21,changed_mind,6.35,1
R000812,O004451,C0000497,150,changed_mind,24.99,1
R000813,O004452,C0000497,163,changed_mind,79.54,1
R000814,O004454,C0000497,189,defective,15.63,1
R000815,O004455,C0000497,195,other,26.65,1
R000816,O004457,C0000497,209,size_fit,16.56,1
R000817,O004459,C0000498,51,not_as_described,21.92,0
R000818,O004465,C0000498,121,other,21.92,0
R000819,O004469,C0000498,149,size_fit,25.44,0
R000820,O004477,C0000499,91,changed_mind,12.97,1
R000821,O004478,C0000499,107,changed_mind,31.02,1
R000822,O004479,C0000499,110,changed_mind,24.12,1
R000823,O004480,C0000499,122,changed_mind,27.05,1
R000824,O004482,C0000499,126,other,21.07,1
R000825,O004486,C0000499,158,changed_mind,32.62,1
R000826,O004487,C0000499,157,changed_mind,29.62,1
R000827,O004500,C0000501,130,not_as_described,14.7,0
R000828,O004504,C0000501,169,other,21.48,0
R000829,O004511,C0000502,66,changed_mind,25.44,0
R000830,O004522,C0000503,97,other,31.84,0
R000831,O004544,C0000506,51,changed_mind,15.88,1
R000832,O004546,C0000506,76,not_as_described,25.44,1
R000833,O004558,C0000507,170,duplicate_order,39.78,0
R000834,O004579,C0000509,209,not_as_described,25.44,0
R000835,O004615,C0000513,139,duplicate_order,18.74,0
R000836,O004627,C0000515,88,changed_mind,16.18,1
R000837,O004628,C0000515,106,changed_mind,18.18,1
R000838,O004630,C0000515,139,changed_mind,10.56,1
R000839,O004633,C0000515,189,defective,88.02,1
R000840,O004635,C0000515,203,changed_mind,9.99,1
R000841,O004636,C0000515,204,changed_mind,30.01,1
R000842,O004637,C0000516,92,changed_mind,16.89,1
R000843,O004638,C0000516,98,not_as_described,10.48,1
R000844,O004639,C0000516,108,changed_mind,9.72,1
R000845,O004640,C0000516,147,changed_mind,14.56,1
R000846,O004641,C0000516,150,changed_mind,27.61,1
R000847,O004642,C0000516,152,changed_mind,23.26,1
R000848,O004643,C0000516,155,not_as_described,8.55,1
R000849,O004646,C0000516,186,changed_mind,6.63,1
R000850,O004647,C0000516,187,defective,25.33,1
R000851,O004648,C0000516,190,changed_mind,12.36,1
R000852,O004654,C0000518,143,not_as_described,4.14,0
R000853,O004663,C0000518,209,duplicate_order,31.84,0
R000854,O004664,C0000519,102,other,17.95,0
R000855,O004676,C0000520,39,changed_mind,27.4,1
R000856,O004683,C0000521,92,changed_mind,22.76,1
R000857,O004684,C0000521,96,changed_mind,23.56,1
R000858,O004685,C0000521,107,defective,9.45,1
R000859,O004691,C0000522,59,changed_mind,13.66,1
R000860,O004693,C0000522,66,changed_mind,38.86,1
R000861,O004694,C0000522,75,duplicate_order,36.1,1
R000862,O004695,C0000522,77,changed_mind,24.99,1
R000863,O004702,C0000523,128,size_fit,7.94,0
R000864,O004722,C0000524,157,size_fit,58.73,0
R000865,O004752,C0000528,36,not_as_described,20.95,0
R000866,O004759,C0000529,92,changed_mind,24.12,1
R000867,O004760,C0000529,105,changed_mind,12.97,1
R000868,O004761,C0000529,111,changed_mind,13.1,1
R000869,O004762,C0000529,121,defective,48.43,1
R000870,O004764,C0000529,139,defective,6.1,1
R000871,O004767,C0000529,206,not_as_described,13.22,1
R000872,O004776,C0000531,145,defective,29.12,0
R000873,O004781,C0000531,209,not_as_described,12.91,0
R000874,O004783,C0000532,66,changed_mind,11.78,1
R000875,O004785,C0000532,109,size_fit,38.88,1
R000876,O004789,C0000532,157,changed_mind,9.45,1
R000877,O004791,C0000532,184,changed_mind,50.83,1
R000878,O004801,C0000534,30,duplicate_order,26.65,0
R000879,O004802,C0000534,59,other,16.91,0
R000880,O004810,C0000534,203,size_fit,26.65,0
R000881,O004817,C0000535,174,duplicate_order,15.12,0
R000882,O004824,C0000536,85,defective,18.64,1
R000883,O004828,C0000536,116,other,24.7,1
R000884,O004829,C0000536,122,changed_mind,76.94,1
R000885,O004831,C0000536,143,size_fit,13.22,1
R000886,O004832,C0000536,169,changed_mind,33.54,1
R000887,O004833,C0000536,178,defective,29.96,1
R000888,O004845,C0000538,209,not_as_described,31.93,0
R000889,O004861,C0000540,144,size_fit,14.84,0
R000890,O004894,C0000543,173,other,18.17,0
R000891,O004897,C0000543,199,defective,28.05,0
R000892,O004913,C0000546,136,not_as_described,79.09,0
R000893,O004921,C0000547,159,size_fit,22.55,0
R000894,O004926,C0000548,17,not_as_described,42.88,1
R000895,O004927,C0000548,73,other,6.1,1
R000896,O004928,C0000548,80,changed_mind,31.18,1
R000897,O004929,C0000548,82,size_fit,24.75,1
R000898,O004931,C0000548,94,changed_mind,26.72,1
R000899,O004932,C0000548,104,changed_mind,19.03,1
R000900,O004933,C0000548,123,defective,28.36,1
R000901,O004934,C0000548,129,changed_mind,11.4,1
R000902,O004936,C0000548,137,changed_mind,35.57,1
R000903,O004940,C0000549,88,not_as_described,13.39,0
R000904,O004953,C0000551,162,changed_mind,70.86,1
R000905,O004954,C0000551,160,duplicate_order,19.22,1
R000906,O004955,C0000551,179,changed_mind,35.86,1
R000907,O004956,C0000551,186,other,16.56,1
R000908,O004957,C0000551,192,changed_mind,8.68,1
R000909,O004975,C0000553,166,size_fit,59.48,0
R000910,O004981,C0000553,209,not_as_described,16.57,0
R000911,O004984,C0000554,134,not_as_described,32.67,0
R000912,O004985,C0000554,145,not_as_described,16.57,0
R000913,O004992,C0000555,130,other,35.52,0
R000914,O005006,C0000557,97,not_as_described,23.06,1
R000915,O005007,C0000557,102,changed_mind,79.09,1
R000916,O005009,C0000557,144,not_as_described,21.03,1
R000917,O005010,C0000557,187,defective,40.32,1
R000918,O005067,C0000564,92,not_as_described,21.48,0
R000919,O005074,C0000564,208,changed_mind,12.91,0
R000920,O005084,C0000566,144,duplicate_order,24.7,0
R000921,O005097,C0000568,132,other,14.39,0
R000922,O005104,C0000569,120,other,15.61,0
R000923,O005124,C0000571,35,duplicate_order,18.48,0
R000924,O005125,C0000571,41,not_as_described,18.17,0
R000925,O005126,C0000571,56,duplicate_order,7.81,0
R000926,O005137,C0000572,178,size_fit,37.32,0
R000927,O005151,C0000574,208,other,21.71,0
R000928,O005152,C0000575,102,duplicate_order,13.83,0
R000929,O005161,C0000575,147,size_fit,28.15,0
R000930,O005166,C0000575,184,other,16.71,0
R000931,O005184,C0000576,207,size_fit,14.64,0
R000932,O005187,C0000577,47,changed_mind,12.63,1
R000933,O005188,C0000577,63,changed_mind,25.3,1
R000934,O005189,C0000577,90,duplicate_order,20.5,1
R000935,O005191,C0000577,114,changed_mind,5.27,1
R000936,O005194,C0000577,171,other,20.66,1
R000937,O005196,C0000577,188,changed_mind,51.92,1
R000938,O005197,C0000577,192,changed_mind,28.11,1
R000939,O005199,C0000578,75,defective,21.48,0
R000940,O005207,C0000579,120,not_as_described,6.63,0
R000941,O005209,C0000579,140,size_fit,63.27,0
R000942,O005210,C0000579,158,defective,32.27,0
R000943,O005211,C0000579,177,not_as_described,14.79,0
R000944,O005213,C0000579,185,duplicate_order,29.0,0
R000945,O005225,C0000581,88,other,15.88,0
R000946,O005231,C0000581,132,not_as_described,26.65,0
R000947,O005242,C0000582,138,not_as_described,25.48,0
R000948,O005245,C0000583,106,changed_mind,27.61,1
R000949,O005247,C0000583,175,not_as_described,31.57,1
R000950,O005249,C0000583,209,not_as_described,19.67,1
R000951,O005270,C0000586,74,other,24.01,0
R000952,O005283,C0000587,105,duplicate_order,32.09,0
R000953,O005286,C0000587,141,not_as_described,17.94,0
R000954,O005293,C0000588,115,defective,17.52,0
R000955,O005296,C0000588,171,duplicate_order,53.15,0
R000956,O005309,C0000591,26,changed_mind,26.54,1
R000957,O005312,C0000591,85,not_as_described,34.09,1
R000958,O005313,C0000591,163,duplicate_order,11.4,1
R000959,O005332,C0000594,28,changed_mind,12.14,1
R000960,O005333,C0000594,37,duplicate_order,6.63,1
R000961,O005334,C0000594,53,changed_mind,9.31,1
R000962,O005336,C0000594,70,other,24.5,1
R000963,O005339,C0000594,89,duplicate_order,20.82,1
R000964,O005340,C0000594,111,changed_mind,10.3,1
R000965,O005342,C0000594,119,changed_mind,32.27,1
R000966,O005344,C0000594,172,other,27.71,1
R000967,O005346,C0000594,175,not_as_described,15.23,1
R000968,O005398,C0000601,141,duplicate_order,21.48,0
R000969,O005413,C0000602,169,changed_mind,13.1,0
R000970,O005440,C0000606,65,not_as_described,13.56,1
R000971,O005441,C0000606,67,changed_mind,13.57,1
R000972,O005443,C0000606,115,changed_mind,17.42,1
R000973,O005445,C0000606,159,size_fit,15.68,1
R000974,O005450,C0000607,113,size_fit,10.3,0
R000975,O005459,C0000608,139,changed_mind,16.89,0
R000976,O005460,C0000608,163,not_as_described,27.01,0
R000977,O005461,C0000608,166,defective,26.65,0
R000978,O005475,C0000610,139,not_as_described,35.46,0
R000979,O005476,C0000610,160,other,32.67,0
R000980,O005497,C0000612,114,duplicate_order,24.99,0
R000981,O005498,C0000612,123,size_fit,16.91,0
R000982,O005499,C0000612,140,not_as_described,9.62,0
R000983,O005506,C0000613,183,not_as_described,19.22,0
R000984,O005513,C0000614,108,changed_mind,19.51,1
R000985,O005514,C0000614,118,changed_mind,20.66,1
R000986,O005516,C0000614,186,changed_mind,4.14,1
R000987,O005524,C0000616,105,size_fit,19.24,0
R000988,O005526,C0000616,130,other,6.63,0
R000989,O005528,C0000616,170,duplicate_order,19.03,0
R000990,O005531,C0000616,166,duplicate_order,26.65,0
R000991,O005532,C0000616,187,not_as_described,7.43,0
R000992,O005533,C0000617,54,changed_mind,29.57,1
R000993,O005534,C0000617,66,changed_mind,63.27,1
R000994,O005535,C0000617,125,size_fit,14.98,1
R000995,O005536,C0000617,131,changed_mind,9.99,1
R000996,O005537,C0000617,134,changed_mind,8.89,1
R000997,O005538,C0000617,144,changed_mind,54.18,1
R000998,O005539,C0000617,148,changed_mind,27.61,1
R000999,O005540,C0000617,160,changed_mind,30.01,1
R001000,O005541,C0000617,189,changed_mind,27.61,1
R001001,O005545,C0000618,59,changed_mind,44.59,1
R001002,O005546,C0000618,88,changed_mind,21.06,1
R001003,O005547,C0000618,96,changed_mind,67.3,1
R001004,O005569,C0000620,146,not_as_described,19.03,0
R001005,O005570,C0000620,167,size_fit,53.49,0
R001006,O005571,C0000620,197,duplicate_order,20.66,0
R001007,O005593,C0000623,39,duplicate_order,30.88,0
R001008,O005597,C0000623,96,defective,9.38,0
R001009,O005606,C0000623,209,other,40.05,0
R001010,O005608,C0000624,54,changed_mind,70.86,1
R001011,O005609,C0000624,94,changed_mind,22.55,1
R001012,O005610,C0000624,99,size_fit,21.38,1
R001013,O005612,C0000624,122,not_as_described,26.98,1
R001014,O005614,C0000624,168,changed_mind,28.11,1
R001015,O005617,C0000625,12,not_as_described,21.71,1
R001016,O005618,C0000625,26,duplicate_order,24.51,1
R001017,O005619,C0000625,51,changed_mind,39.78,1
R001018,O005620,C0000625,57,other,73.86,1
R001019,O005621,C0000625,59,duplicate_order,23.16,1
R001020,O005623,C0000625,118,duplicate_order,59.89,1
R001021,O005626,C0000625,152,defective,33.54,1
R001022,O005641,C0000627,91,not_as_described,21.9,0
R001023,O005655,C0000628,65,size_fit,40.65,1
R001024,O005656,C0000628,79,changed_mind,20.86,1
R001025,O005657,C0000628,111,other,28.2,1
R001026,O005658,C0000628,130,not_as_described,14.64,1
R001027,O005659,C0000628,140,changed_mind,30.88,1
R001028,O005663,C0000628,209,changed_mind,53.49,1
R001029,O005665,C0000629,68,changed_mind,32.09,1
R001030,O005666,C0000629,68,changed_mind,27.71,1
R001031,O005667,C0000629,78,changed_mind,8.89,1
R001032,O005669,C0000629,128,other,20.04,1
R001033,O005691,C0000632,131,other,20.95,1
R001034,O005692,C0000632,165,changed_mind,25.44,1
R001035,O005693,C0000632,194,changed_mind,13.57,1
R001036,O005695,C0000633,118,duplicate_order,18.48,0
R001037,O005696,C0000633,125,changed_mind,8.68,0
R001038,O005721,C0000636,78,changed_mind,30.39,1
R001039,O005722,C0000636,83,changed_mind,24.99,1
R001040,O005723,C0000636,92,other,39.78,1
R001041,O005731,C0000636,198,not_as_described,30.09,1
R001042,O005734,C0000637,49,size_fit,19.48,1
R001043,O005741,C0000638,82,not_as_described,70.86,0
R001044,O005743,C0000638,107,not_as_described,22.31,0
R001045,O005745,C0000638,128,not_as_described,20.66,0
R001046,O005746,C0000638,145,other,18.17,0
R001047,O005755,C0000639,112,duplicate_order,6.63,0
R001048,O005767,C0000640,123,other,35.57,0
R001049,O005809,C0000645,159,defective,24.75,0
R001050,O005819,C0000646,155,duplicate_order,25.44,0
R001051,O005824,C0000646,209,defective,25.44,0
R001052,O005832,C0000648,209,not_as_described,24.12,0
R001053,O005842,C0000649,186,size_fit,18.18,0
R001054,O005844,C0000649,184,other,10.08,0
R001055,O005854,C0000651,145,changed_mind,39.78,1
R001056,O005857,C0000651,177,defective,19.17,1
R001057,O005860,C0000652,85,duplicate_order,58.13,0
R001058,O005861,C0000652,117,changed_mind,16.14,0
R001059,O005872,C0000653,104,changed_mind,7.94,0
R001060,O005875,C0000653,179,other,31.93,0
R001061,O005884,C0000654,148,other,9.11,0
R001062,O005890,C0000655,43,defective,19.51,0
R001063,O005897,C0000656,107,defective,6.63,0
R001064,O005919,C0000659,154,not_as_described,15.52,0
R001065,O005923,C0000659,209,defective,17.16,0
R001066,O005937,C0000661,142,other,10.3,0
R001067,O005938,C0000661,184,size_fit,20.95,0
R001068,O005946,C0000662,186,defective,15.99,0
R001069,O005961,C0000665,27,changed_mind,16.57,1
R001070,O005963,C0000665,59,duplicate_order,79.09,1
R001071,O005965,C0000665,82,changed_mind,40.98,1
R001072,O005966,C0000665,92,changed_mind,2.75,1
R001073,O005967,C0000665,99,changed_mind,33.54,1
R001074,O005968,C0000665,112,changed_mind,37.66,1
R001075,O005971,C0000665,131,size_fit,20.04,1
R001076,O005972,C0000665,151,changed_mind,22.66,1
R001077,O005973,C0000665,162,size_fit,26.09,1
R001078,O005974,C0000665,166,duplicate_order,13.39,1
R001079,O005976,C0000665,188,changed_mind,11.76,1
R001080,O005978,C0000665,187,changed_mind,15.61,1
R001081,O005996,C0000668,86,defective,43.86,0
R001082,O006015,C0000671,24,changed_mind,40.56,1
R001083,O006019,C0000671,163,not_as_described,88.02,1
R001084,O006021,C0000672,16,other,60.28,1
R001085,O006023,C0000672,42,changed_mind,11.78,1
R001086,O006024,C0000672,54,changed_mind,6.37,1
R001087,O006025,C0000672,54,changed_mind,15.52,1
R001088,O006028,C0000672,176,changed_mind,6.63,1
R001089,O006029,C0000672,195,changed_mind,59.8,1
R001090,O006047,C0000675,110,changed_mind,38.03,1
R001091,O006048,C0000675,119,not_as_described,9.77,1
R001092,O006096,C0000682,97,other,22.54,1
R001093,O006144,C0000688,188,duplicate_order,53.99,0
R001094,O006155,C0000690,124,other,25.44,0
R001095,O006177,C0000693,209,duplicate_order,13.56,0
R001096,O006201,C0000696,55,changed_mind,23.39,1
R001097,O006202,C0000696,70,duplicate_order,12.65,1
R001098,O006203,C0000696,77,changed_mind,31.57,1
R001099,O006207,C0000696,144,changed_mind,14.94,1
R001100,O006208,C0000696,144,other,18.18,1
R001101,O006213,C0000697,149,size_fit,20.29,0
R001102,O006216,C0000697,147,not_as_described,20.29,0
R001103,O006220,C0000697,202,defective,23.31,0
R001104,O006234,C0000699,150,size_fit,26.21,0
R001105,O006239,C0000700,145,not_as_described,21.62,0
R001106,O006240,C0000700,157,size_fit,14.98,0
R001107,O006271,C0000704,203,duplicate_order,16.23,0
R001108,O006283,C0000706,65,changed_mind,11.11,0
R001109,O006290,C0000707,118,not_as_described,30.88,1
R001110,O006291,C0000707,135,changed_mind,19.98,1
R001111,O006292,C0000707,138,defective,23.3,1
R001112,O006294,C0000707,176,changed_mind,17.17,1
R001113,O006296,C0000707,199,changed_mind,22.55,1
R001114,O006297,C0000707,203,size_fit,30.88,1
R001115,O006298,C0000707,209,changed_mind,32.72,1
R001116,O006299,C0000708,63,changed_mind,16.89,1
R001117,O006301,C0000708,78,defective,11.76,1
R001118,O006302,C0000708,104,changed_mind,18.63,1
R001119,O006303,C0000708,132,other,39.23,1
R001120,O006314,C0000710,84,changed_mind,40.05,1
R001121,O006315,C0000710,106,changed_mind,16.91,1
R001122,O006316,C0000710,110,other,52.7,1
R001123,O006330,C0000712,64,changed_mind,23.18,1
R001124,O006331,C0000712,67,size_fit,15.88,1
R001125,O006332,C0000712,72,other,24.7,1
R001126,O006343,C0000712,202,other,47.64,1
R001127,O006345,C0000713,97,changed_mind,13.55,1
R001128,O006347,C0000713,107,other,32.67,1
R001129,O006362,C0000715,86,other,73.86,0
R001130,O006363,C0000715,120,duplicate_order,21.07,0
R001131,O006364,C0000715,125,not_as_described,15.62,0
R001132,O006365,C0000715,184,changed_mind,15.61,0
R001133,O006367,C0000716,41,changed_mind,22.55,1
R001134,O006379,C0000717,171,defective,32.72,1
R001135,O006389,C0000719,209,other,20.08,0
R001136,O006402,C0000721,116,changed_mind,58.08,1
R001137,O006404,C0000721,159,changed_mind,25.11,1
R001138,O006405,C0000721,162,changed_mind,39.78,1
R001139,O006406,C0000721,175,changed_mind,45.94,1
R001140,O006407,C0000721,181,changed_mind,33.54,1
R001141,O006409,C0000722,111,size_fit,22.03,0
R001142,O006416,C0000722,209,duplicate_order,30.09,0
R001143,O006420,C0000724,21,changed_mind,20.66,0
R001144,O006423,C0000724,98,not_as_described,40.98,0
R001145,O006438,C0000726,68,other,47.16,0
R001146,O006439,C0000726,107,not_as_described,26.65,0
R001147,O006442,C0000726,171,defective,24.74,0
R001148,O006447,C0000726,209,defective,20.29,0
R001149,O006448,C0000727,97,other,22.54,0
R001150,O006451,C0000727,109,defective,8.55,0
R001151,O006453,C0000727,133,not_as_described,24.12,0
R001152,O006455,C0000727,151,duplicate_order,17.16,0
R001153,O006464,C0000728,162,size_fit,19.22,0
R001154,O006467,C0000729,45,defective,21.06,0
R001155,O006471,C0000729,145,other,27.01,0
R001156,O006477,C0000730,121,other,19.16,1
R001157,O006479,C0000730,157,other,13.57,1
R001158,O006489,C0000732,98,duplicate_order,25.48,0
R001159,O006500,C0000733,209,other,79.54,0
R001160,O006501,C0000734,88,changed_mind,24.5,1
R001161,O006503,C0000734,110,not_as_described,40.32,1
R001162,O006545,C0000740,84,changed_mind,6.63,1
R001163,O006546,C0000740,84,size_fit,18.63,1
R001164,O006547,C0000740,100,changed_mind,45.94,1
R001165,O006550,C0000740,151,other,20.04,1
R001166,O006551,C0000740,201,defective,30.08,1
R001167,O006552,C0000740,197,other,23.3,1
R001168,O006553,C0000740,209,size_fit,18.64,1
R001169,O006557,C0000741,145,changed_mind,24.7,0
R001170,O006559,C0000741,167,duplicate_order,57.77,0
R001171,O006562,C0000741,188,changed_mind,19.13,0
R001172,O006563,C0000741,204,other,38.88,0
R001173,O006565,C0000741,209,duplicate_order,35.57,0
R001174,O006573,C0000742,191,defective,31.84,0
R001175,O006578,C0000743,67,changed_mind,12.14,1
R001176,O006579,C0000743,67,other,19.67,1
R001177,O006580,C0000743,73,changed_mind,23.55,1
R001178,O006582,C0000743,156,changed_mind,10.48,1
R001179,O006585,C0000743,203,changed_mind,21.06,1
R001180,O006596,C0000745,13,changed_mind,26.65,1
R001181,O006597,C0000745,35,changed_mind,28.96,1
R001182,O006600,C0000745,74,other,35.95,1
R001183,O006601,C0000745,118,not_as_described,22.66,1
R001184,O006602,C0000745,121,defective,25.44,1
R001185,O006605,C0000745,158,size_fit,32.27,1
R001186,O006607,C0000745,200,other,27.4,1
R001187,O006611,C0000746,123,duplicate_order,16.14,0
R001188,O006621,C0000748,10,changed_mind,24.7,1
R001189,O006623,C0000748,38,changed_mind,34.76,1
R001190,O006624,C0000748,115,changed_mind,18.64,1
R001191,O006629,C0000749,117,duplicate_order,11.4,0
R001192,O006644,C0000751,37,changed_mind,38.23,1
R001193,O006645,C0000751,42,changed_mind,15.23,1
R001194,O006647,C0000751,48,duplicate_order,34.09,1
R001195,O006648,C0000751,57,changed_mind,59.89,1
R001196,O006655,C0000751,204,changed_mind,51.92,1
R001197,O006660,C0000752,104,other,7.81,0
R001198,O006681,C0000755,130,other,79.54,0
R001199,O006691,C0000756,81,defective,8.68,0
R001200,O006698,C0000757,102,not_as_described,16.91,0
R001201,O006706,C0000758,89,duplicate_order,29.57,0
R001202,O006707,C0000758,90,changed_mind,79.54,0
R001203,O006711,C0000758,128,other,18.17,0
R001204,O006712,C0000758,147,size_fit,83.18,0
R001205,O006714,C0000758,168,duplicate_order,23.16,0
R001206,O006716,C0000758,209,duplicate_order,83.18,0
R001207,O006723,C0000759,198,size_fit,27.61,0
R001208,O006734,C0000761,62,defective,38.23,1
R001209,O006735,C0000761,72,changed_mind,27.99,1
R001210,O006738,C0000761,157,changed_mind,20.5,1
R001211,O006743,C0000763,46,changed_mind,14.64,1
R001212,O006744,C0000763,51,changed_mind,18.18,1
R001213,O006747,C0000763,66,not_as_described,29.96,1
R001214,O006748,C0000763,84,other,12.7,1
R001215,O006750,C0000763,103,changed_mind,55.83,1
R001216,O006751,C0000763,124,changed_mind,18.48,1
R001217,O006753,C0000763,155,changed_mind,13.71,1
R001218,O006757,C0000764,49,size_fit,25.11,0
R001219,O006759,C0000764,81,changed_mind,21.08,0
R001220,O006771,C0000765,65,changed_mind,21.19,1
R001221,O006772,C0000765,115,changed_mind,15.23,1
R001222,O006773,C0000765,116,size_fit,9.72,1
R001223,O006790,C0000767,79,not_as_described,62.61,0
R001224,O006800,C0000768,76,changed_mind,31.84,1
R001225,O006803,C0000768,85,changed_mind,30.88,1
R001226,O006804,C0000768,103,changed_mind,23.55,1
R001227,O006807,C0000768,143,defective,10.48,1
R001228,O006808,C0000768,155,changed_mind,37.37,1
R001229,O006809,C0000768,158,changed_mind,32.1,1
R001230,O006811,C0000768,161,other,31.84,1
R001231,O006813,C0000768,170,changed_mind,9.11,1
R001232,O006828,C0000770,205,not_as_described,33.54,0
R001233,O006834,C0000771,146,not_as_described,16.57,0
R001234,O006853,C0000773,46,not_as_described,62.61,0
R001235,O006859,C0000773,114,duplicate_order,14.56,0
R001236,O006887,C0000776,209,duplicate_order,28.55,0
R001237,O006890,C0000777,56,changed_mind,14.56,0
R001238,O006900,C0000778,110,defective,17.56,0
R001239,O006903,C0000779,114,duplicate_order,2.75,0
R001240,O006913,C0000780,117,size_fit,19.63,0
R001241,O006915,C0000780,126,defective,12.65,0
R001242,O006926,C0000781,208,not_as_described,7.94,0
R001243,O006927,C0000782,18,not_as_described,42.82,0
R001244,O006930,C0000782,41,changed_mind,15.37,0
R001245,O006934,C0000782,201,size_fit,18.48,0
R001246,O006936,C0000783,64,defective,17.86,0
R001247,O006942,C0000784,126,duplicate_order,21.19,0
R001248,O006946,C0000784,193,changed_mind,62.73,0
R001249,O006951,C0000786,108,not_as_described,17.56,0
R001250,O006963,C0000787,133,changed_mind,40.05,0
R001251,O006975,C0000789,143,changed_mind,30.25,1
R001252,O006976,C0000789,167,changed_mind,75.89,1
R001253,O006977,C0000789,176,changed_mind,7.81,1
R001254,O006978,C0000789,184,changed_mind,29.54,1
R001255,O006979,C0000789,203,changed_mind,9.45,1
R001256,O006980,C0000789,206,changed_mind,29.58,1
R001257,O007009,C0000792,205,defective,43.86,0
R001258,O007012,C0000793,71,defective,17.56,0
R001259,O007016,C0000793,134,changed_mind,19.16,0
R001260,O007023,C0000794,158,changed_mind,39.23,0
R001261,O007025,C0000794,198,changed_mind,15.88,0
R001262,O007065,C0000798,209,changed_mind,12.36,0
R001263,O007067,C0000799,11,changed_mind,13.57,1
R001264,O007068,C0000799,37,defective,16.18,1
R001265,O007070,C0000799,79,changed_mind,59.8,1
R001266,O007072,C0000799,99,changed_mind,51.92,1
R001267,O007073,C0000799,115,changed_mind,59.8,1
R001268,O007074,C0000799,115,changed_mind,13.56,1
R001269,O007086,C0000800,144,other,25.11,0
R001270,O007091,C0000801,58,size_fit,16.57,0
R001271,O007106,C0000802,120,defective,31.18,0
R001272,O007121,C0000803,102,not_as_described,33.72,0
R001273,O007136,C0000804,185,other,25.44,0
R001274,O007139,C0000805,64,duplicate_order,12.97,0
R001275,O007147,C0000806,35,defective,21.48,1
R001276,O007149,C0000806,95,changed_mind,24.12,1
R001277,O007151,C0000806,209,changed_mind,29.18,1
R001278,O007152,C0000807,98,changed_mind,14.64,1
R001279,O007153,C0000807,99,not_as_described,52.7,1
R001280,O007154,C0000807,108,not_as_described,34.09,1
R001281,O007167,C0000808,174,changed_mind,31.84,0
R001282,O007187,C0000811,141,not_as_described,12.91,0
R001283,O007190,C0000811,174,size_fit,28.13,0
R001284,O007197,C0000812,199,duplicate_order,9.11,0
R001285,O007201,C0000813,61,changed_mind,34.76,1
R001286,O007203,C0000813,112,changed_mind,6.63,1
R001287,O007211,C0000813,193,not_as_described,12.26,1
R001288,O007217,C0000814,152,duplicate_order,20.66,0
R001289,O007225,C0000815,193,other,17.21,0
R001290,O007233,C0000816,37,not_as_described,18.63,1
R001291,O007234,C0000816,56,not_as_described,53.15,1
R001292,O007237,C0000816,74,changed_mind,19.51,1
R001293,O007238,C0000816,115,not_as_described,10.3,1
R001294,O007242,C0000817,96,size_fit,23.2,0
R001295,O007247,C0000817,209,defective,73.86,0
R001296,O007251,C0000818,155,defective,13.3,0
R001297,O007254,C0000819,41,other,59.32,1
R001298,O007256,C0000819,95,defective,40.57,1
R001299,O007257,C0000819,114,changed_mind,88.02,1
R001300,O007264,C0000820,116,changed_mind,32.02,0
R001301,O007277,C0000821,86,defective,45.94,0
R001302,O007278,C0000821,101,not_as_described,11.4,0
R001303,O007279,C0000821,104,size_fit,73.86,0
R001304,O007291,C0000823,61,changed_mind,16.16,1
R001305,O007294,C0000823,90,changed_mind,32.09,1
R001306,O007297,C0000823,110,changed_mind,7.81,1
R001307,O007299,C0000823,200,size_fit,16.89,1
R001308,O007301,C0000824,46,changed_mind,24.99,0
R001309,O007320,C0000826,158,other,13.71,0
R001310,O007331,C0000827,140,other,21.62,0
R001311,O007334,C0000828,96,not_as_described,15.99,1
R001312,O007335,C0000828,102,changed_mind,13.55,1
R001313,O007354,C0000830,104,size_fit,24.51,1
R001314,O007355,C0000830,113,changed_mind,17.25,1
R001315,O007387,C0000833,143,changed_mind,31.02,1
R001316,O007390,C0000833,199,not_as_described,21.69,1
R001317,O007391,C0000833,209,not_as_described,6.63,1
R001318,O007394,C0000834,142,duplicate_order,12.36,0
R001319,O007397,C0000834,181,other,14.65,0
R001320,O007403,C0000835,174,not_as_described,41.36,0
R001321,O007406,C0000836,73,changed_mind,19.63,1
R001322,O007407,C0000836,86,duplicate_order,29.66,1
R001323,O007408,C0000836,103,changed_mind,12.7,1
R001324,O007409,C0000836,124,size_fit,14.98,1
R001325,O007410,C0000836,142,changed_mind,70.86,1
R001326,O007411,C0000836,176,changed_mind,38.03,1
R001327,O007412,C0000836,187,defective,23.31,1
R001328,O007413,C0000836,207,size_fit,55.27,1
R001329,O007427,C0000838,209,defective,40.35,0
R001330,O007433,C0000839,143,duplicate_order,12.63,1
R001331,O007436,C0000839,198,changed_mind,19.48,1
R001332,O007455,C0000842,37,defective,43.88,0
R001333,O007458,C0000842,44,not_as_described,18.32,0
R001334,O007463,C0000842,122,changed_mind,19.98,0
R001335,O007469,C0000843,82,defective,24.12,0
R001336,O007489,C0000845,209,duplicate_order,39.78,0
R001337,O007505,C0000847,74,size_fit,31.57,0
R001338,O007509,C0000847,148,other,20.66,0
R001339,O007529,C0000850,149,not_as_described,6.35,0
R001340,O007538,C0000851,94,changed_mind,6.35,0
R001341,O007540,C0000851,117,not_as_described,31.93,0
R001342,O007541,C0000851,119,defective,16.18,0
R001343,O007544,C0000851,131,duplicate_order,50.41,0
R001344,O007545,C0000851,136,size_fit,31.57,0
R001345,O007547,C0000851,172,other,53.99,0
R001346,O007552,C0000851,209,size_fit,38.23,0
R001347,O007562,C0000854,60,changed_mind,7.67,1
R001348,O007563,C0000854,87,size_fit,33.54,1
R001349,O007564,C0000854,88,changed_mind,74.34,1
R001350,O007565,C0000854,101,other,12.36,1
R001351,O007566,C0000854,107,size_fit,74.34,1
R001352,O007567,C0000854,168,changed_mind,41.05,1
R001353,O007578,C0000856,183,not_as_described,40.05,0
R001354,O007581,C0000857,79,duplicate_order,22.31,1
R001355,O007600,C0000859,148,duplicate_order,31.93,0
R001356,O007619,C0000861,182,defective,20.08,0
R001357,O007624,C0000862,116,duplicate_order,29.62,0
R001358,O007633,C0000863,143,not_as_described,19.16,0
R001359,O007637,C0000863,177,defective,59.8,0
R001360,O007650,C0000865,143,changed_mind,23.18,1
R001361,O007651,C0000865,157,defective,43.86,1
R001362,O007652,C0000865,185,changed_mind,20.29,1
R001363,O007657,C0000866,116,size_fit,26.72,1
R001364,O007658,C0000866,133,size_fit,45.94,1
R001365,O007679,C0000868,113,defective,19.13,0
R001366,O007681,C0000868,149,defective,21.03,0
R001367,O007697,C0000870,42,changed_mind,17.16,1
R001368,O007701,C0000870,65,other,28.25,1
R001369,O007702,C0000870,93,size_fit,42.88,1
R001370,O007710,C0000870,209,size_fit,18.17,1
R001371,O007711,C0000870,209,defective,10.48,1
R001372,O007741,C0000874,209,duplicate_order,30.17,0
R001373,O007763,C0000878,67,changed_mind,23.55,1
R001374,O007764,C0000878,66,other,23.06,1
R001375,O007765,C0000878,112,not_as_described,9.99,1
R001376,O007766,C0000878,117,changed_mind,18.51,1
R001377,O007782,C0000881,144,defective,58.08,0
R001378,O007784,C0000881,175,not_as_described,40.22,0
R001379,O007791,C0000882,142,size_fit,33.72,0
R001380,O007814,C0000885,85,size_fit,28.36,0
R001381,O007819,C0000886,137,duplicate_order,21.69,0
R001382,O007820,C0000886,143,other,71.6,0
R001383,O007847,C0000890,124,changed_mind,22.54,0
R001384,O007849,C0000890,143,size_fit,18.35,0
R001385,O007852,C0000890,190,duplicate_order,30.17,0
R001386,O007884,C0000893,187,not_as_described,21.69,0
R001387,O007888,C0000894,99,other,21.74,0
R001388,O007894,C0000894,151,changed_mind,19.22,0
R001389,O007895,C0000894,191,defective,20.04,0
R001390,O007900,C0000895,45,duplicate_order,14.84,1
R001391,O007901,C0000895,46,changed_mind,21.06,1
R001392,O007902,C0000895,63,not_as_described,27.05,1
R001393,O007903,C0000895,67,changed_mind,6.63,1
R001394,O007904,C0000895,97,changed_mind,15.64,1
R001395,O007906,C0000896,48,size_fit,13.56,1
R001396,O007907,C0000896,77,size_fit,12.65,1
R001397,O007908,C0000896,100,changed_mind,10.48,1
R001398,O007910,C0000896,131,size_fit,63.27,1
R001399,O007927,C0000898,99,size_fit,74.34,0
R001400,O007938,C0000899,148,not_as_described,10.15,0
R001401,O007962,C0000902,24,changed_mind,30.25,1
R001402,O007963,C0000902,44,changed_mind,12.65,1
R001403,O007965,C0000902,77,changed_mind,7.94,1
R001404,O007966,C0000902,88,duplicate_order,13.56,1
R001405,O007967,C0000902,111,not_as_described,16.91,1
R001406,O007968,C0000902,157,changed_mind,44.0,1
R001407,O007969,C0000902,179,duplicate_order,5.83,1
R001408,O007970,C0000903,27,changed_mind,58.29,1
R001409,O007971,C0000903,99,changed_mind,23.06,1
R001410,O007974,C0000903,192,changed_mind,58.73,1
R001411,O008000,C0000906,9,defective,79.09,1
R001412,O008002,C0000906,49,changed_mind,21.69,1
R001413,O008003,C0000906,51,not_as_described,33.88,1
R001414,O008005,C0000906,106,not_as_described,55.83,1
R001415,O008006,C0000906,106,changed_mind,12.97,1
R001416,O008007,C0000906,143,changed_mind,23.55,1
R001417,O008009,C0000906,193,changed_mind,74.34,1
R001418,O008010,C0000907,21,size_fit,28.21,0
R001419,O008016,C0000908,56,duplicate_order,9.38,1
R001420,O008017,C0000908,70,duplicate_order,14.79,1
R001421,O008019,C0000908,84,other,17.42,1
R001422,O008021,C0000908,100,changed_mind,10.48,1
R001423,O008034,C0000910,54,changed_mind,33.54,1
R001424,O008035,C0000910,87,changed_mind,24.51,1
R001425,O008036,C0000910,121,changed_mind,14.84,1
R001426,O008041,C0000911,119,duplicate_order,25.44,0
R001427,O008043,C0000911,128,changed_mind,25.44,0
R001428,O008054,C0000912,130,other,28.21,0
R001429,O008062,C0000913,33,defective,14.39,0
R001430,O008076,C0000914,183,duplicate_order,5.83,0
R001431,O008086,C0000916,51,changed_mind,21.92,0
R001432,O008094,C0000916,129,changed_mind,21.92,0
R001433,O008110,C0000918,92,changed_mind,31.93,1
R001434,O008111,C0000918,122,defective,32.7,1
R001435,O008113,C0000918,160,changed_mind,71.6,1
R001436,O008115,C0000918,194,not_as_described,16.91,1
R001437,O008116,C0000918,206,changed_mind,26.35,1
R001438,O008118,C0000919,97,duplicate_order,17.25,0
R001439,O008134,C0000921,136,duplicate_order,28.59,0
R001440,O008139,C0000922,159,not_as_described,18.74,0
R001441,O008150,C0000923,149,not_as_described,11.11,0
R001442,O008164,C0000925,113,duplicate_order,28.55,0
R001443,O008172,C0000926,154,changed_mind,26.09,0
R001444,O008174,C0000927,66,changed_mind,74.34,1
R001445,O008175,C0000927,92,changed_mind,38.62,1
R001446,O008178,C0000927,154,duplicate_order,16.18,1
R001447,O008179,C0000927,168,changed_mind,60.28,1
R001448,O008181,C0000927,185,changed_mind,15.99,1
R001449,O008182,C0000927,189,changed_mind,15.37,1
R001450,O008183,C0000927,199,changed_mind,21.69,1
R001451,O008187,C0000928,106,not_as_described,17.25,0
R001452,O008188,C0000928,113,other,12.26,0
R001453,O008189,C0000928,120,changed_mind,48.39,0
R001454,O008192,C0000928,182,defective,15.23,0
R001455,O008195,C0000929,80,defective,53.52,1
R001456,O008196,C0000929,81,size_fit,21.25,1
R001457,O008199,C0000929,126,other,21.25,1
R001458,O008202,C0000929,171,defective,40.32,1
R001459,O008205,C0000929,196,changed_mind,29.62,1
R001460,O008206,C0000929,198,changed_mind,20.95,1
R001461,O008207,C0000929,206,changed_mind,53.49,1
R001462,O008221,C0000931,147,not_as_described,12.91,0
R001463,O008272,C0000937,108,size_fit,23.26,0
R001464,O008274,C0000937,153,changed_mind,11.4,0
R001465,O008287,C0000939,206,other,20.04,0
R001466,O008295,C0000940,97,size_fit,23.31,1
R001467,O008296,C0000940,115,other,53.99,1
R001468,O008297,C0000940,122,size_fit,18.17,1
R001469,O008298,C0000940,136,changed_mind,71.6,1
R001470,O008299,C0000940,138,changed_mind,18.48,1
R001471,O008300,C0000940,149,changed_mind,20.5,1
R001472,O008302,C0000940,161,changed_mind,24.7,1
R001473,O008303,C0000940,170,changed_mind,73.86,1
R001474,O008312,C0000942,71,defective,23.16,1
R001475,O008313,C0000942,74,changed_mind,53.49,1
R001476,O008314,C0000942,105,defective,35.46,1
R001477,O008315,C0000942,106,changed_mind,38.46,1
R001478,O008316,C0000942,107,changed_mind,30.91,1
R001479,O008331,C0000943,135,other,28.05,0
R001480,O008340,C0000944,42,changed_mind,38.62,1
R001481,O008341,C0000944,50,changed_mind,38.88,1
R001482,O008342,C0000944,60,duplicate_order,21.24,1
R001483,O008343,C0000944,83,not_as_described,21.03,1
R001484,O008347,C0000944,158,not_as_described,26.35,1
R001485,O008350,C0000944,178,duplicate_order,35.95,1
R001486,O008351,C0000945,68,defective,19.16,1
R001487,O008352,C0000945,73,defective,16.18,1
R001488,O008353,C0000945,84,changed_mind,31.18,1
R001489,O008356,C0000945,124,other,5.47,1
R001490,O008357,C0000945,157,changed_mind,35.96,1
R001491,O008358,C0000945,161,changed_mind,24.99,1
R001492,O008359,C0000945,176,changed_mind,21.03,1
R001493,O008360,C0000945,177,defective,21.69,1
R001494,O008361,C0000945,198,changed_mind,53.15,1
R001495,O008368,C0000947,162,changed_mind,20.66,0
R001496,O008369,C0000947,159,changed_mind,18.63,0
R001497,O008373,C0000948,168,defective,13.66,0
R001498,O008377,C0000949,54,changed_mind,18.48,1
R001499,O008379,C0000949,92,duplicate_order,10.3,1
R001500,O008380,C0000949,112,defective,35.95,1
R001501,O008382,C0000949,144,changed_mind,55.83,1
R001502,O008384,C0000949,165,changed_mind,21.48,1
R001503,O008385,C0000949,178,changed_mind,18.64,1
R001504,O008386,C0000949,180,changed_mind,5.27,1
R001505,O008389,C0000950,133,duplicate_order,42.82,0
R001506,O008408,C0000952,108,not_as_described,18.18,1
R001507,O008409,C0000952,113,duplicate_order,43.01,1
R001508,O008418,C0000954,150,other,6.1,0
R001509,O008453,C0000958,48,changed_mind,45.94,1
R001510,O008455,C0000958,74,changed_mind,19.63,1
R001511,O008456,C0000958,88,changed_mind,22.66,1
R001512,O008457,C0000958,92,changed_mind,16.91,1
R001513,O008460,C0000958,128,changed_mind,32.07,1
R001514,O008462,C0000958,201,size_fit,28.96,1
R001515,O008473,C0000960,120,not_as_described,23.56,0
R001516,O008475,C0000960,163,defective,23.26,0
R001517,O008482,C0000961,116,other,18.35,0
R001518,O008502,C0000964,59,changed_mind,9.38,1
R001519,O008504,C0000964,70,changed_mind,19.22,1
R001520,O008505,C0000964,83,changed_mind,28.05,1
R001521,O008509,C0000964,158,not_as_described,34.09,1
R001522,O008512,C0000965,105,changed_mind,13.3,1
R001523,O008513,C0000965,119,changed_mind,27.61,1
R001524,O008515,C0000965,125,other,21.92,1
R001525,O008516,C0000965,127,duplicate_order,19.24,1
R001526,O008517,C0000965,146,changed_mind,8.89,1
R001527,O008518,C0000965,180,changed_mind,23.2,1
R001528,O008520,C0000965,194,changed_mind,38.46,1
R001529,O008521,C0000965,196,changed_mind,23.27,1
R001530,O008523,C0000965,208,size_fit,59.8,1
R001531,O008535,C0000966,206,not_as_described,12.7,0
R001532,O008537,C0000967,104,not_as_described,30.08,0
R001533,O008539,C0000967,118,duplicate_order,15.64,0
R001534,O008541,C0000968,82,changed_mind,9.77,0
R001535,O008556,C0000969,123,size_fit,15.06,0
R001536,O008564,C0000969,172,changed_mind,30.91,0
R001537,O008570,C0000969,199,changed_mind,15.06,0
R001538,O008579,C0000971,162,size_fit,31.18,0
R001539,O008593,C0000973,82,changed_mind,7.81,1
R001540,O008594,C0000973,92,changed_mind,38.86,1
R001541,O008595,C0000973,148,not_as_described,26.35,1
R001542,O008596,C0000973,160,defective,39.78,1
R001543,O008608,C0000975,141,changed_mind,12.6,1
R001544,O008611,C0000975,155,other,12.89,1
R001545,O008612,C0000975,171,other,16.57,1
R001546,O008613,C0000975,188,other,35.57,1
R001547,O008614,C0000975,193,changed_mind,10.3,1
R001548,O008615,C0000975,209,changed_mind,24.55,1
R001549,O008617,C0000976,209,changed_mind,59.48,0
R001550,O008618,C0000977,78,changed_mind,12.14,1
R001551,O008619,C0000977,96,changed_mind,39.78,1
R001552,O008623,C0000977,159,other,39.78,1
R001553,O008624,C0000977,173,defective,30.08,1
R001554,O008630,C0000977,209,not_as_described,40.57,1
R001555,O008644,C0000980,67,changed_mind,58.08,1
R001556,O008646,C0000980,165,duplicate_order,20.04,1
R001557,O008649,C0000981,102,changed_mind,26.82,1
R001558,O008650,C0000981,102,defective,29.62,1
R001559,O008655,C0000981,139,other,25.33,1
R001560,O008656,C0000981,155,not_as_described,58.29,1
R001561,O008697,C0000987,84,changed_mind,44.59,1
R001562,O008698,C0000987,86,changed_mind,31.84,1
R001563,O008701,C0000987,91,changed_mind,12.89,1
R001564,O008702,C0000987,95,changed_mind,24.96,1
R001565,O008703,C0000987,98,changed_mind,12.22,1
R001566,O008704,C0000987,97,duplicate_order,27.01,1
R001567,O008717,C0000989,124,size_fit,19.22,0
R001568,O008738,C0000991,98,size_fit,28.05,0
R001569,O008748,C0000992,183,size_fit,16.18,0
R001570,O008753,C0000993,86,size_fit,54.18,0
R001571,O008762,C0000994,201,not_as_described,45.94,0
R001572,O008769,C0000995,162,not_as_described,24.51,0
R001573,O008773,C0000996,87,changed_mind,21.74,1
R001574,O008775,C0000996,95,changed_mind,27.01,1
R001575,O008784,C0000996,192,size_fit,28.05,1
R001576,O008796,C0000998,66,changed_mind,29.0,1
R001577,O008797,C0000998,70,duplicate_order,8.89,1
R001578,O008799,C0000998,140,changed_mind,31.84,1
R001579,O008800,C0000998,138,changed_mind,21.87,1
R001580,O008802,C0000998,160,changed_mind,34.09,1
R001581,O008804,C0000998,199,changed_mind,27.95,1
R001582,O008807,C0000999,128,changed_mind,39.23,0
R001583,O008821,C0001000,111,duplicate_order,16.16,0
R001584,O008824,C0001000,144,other,43.01,0
R001585,O008827,C0001000,209,duplicate_order,16.89,0
R001586,O008852,C0001004,181,changed_mind,17.86,0
R001587,O008853,C0001004,172,other,35.52,0
R001588,O008862,C0001005,209,defective,24.7,0
R001589,O008867,C0001007,60,size_fit,7.94,0
R001590,O008876,C0001008,29,not_as_described,4.14,0
R001591,O008885,C0001009,188,defective,6.35,0
R001592,O008892,C0001010,138,other,25.33,0
R001593,O008912,C0001012,209,other,19.98,0
R001594,O008929,C0001015,182,changed_mind,6.1,0
R001595,O008940,C0001017,114,changed_mind,43.88,1
R001596,O008951,C0001018,84,defective,32.67,0
R001597,O008954,C0001019,72,other,28.59,1
R001598,O008958,C0001019,107,other,30.04,1
R001599,O008959,C0001019,111,changed_mind,15.46,1
R001600,O008961,C0001019,152,changed_mind,58.29,1
R001601,O008962,C0001019,167,defective,20.29,1
R001602,O009010,C0001024,68,changed_mind,38.23,1
R001603,O009011,C0001024,101,changed_mind,33.72,1
R001604,O009012,C0001024,109,changed_mind,9.45,1
R001605,O009014,C0001024,131,not_as_described,9.31,1
R001606,O009047,C0001027,133,duplicate_order,27.4,0
R001607,O009048,C0001027,209,size_fit,45.94,0
R001608,O009053,C0001028,159,changed_mind,22.31,0
R001609,O009060,C0001029,50,defective,16.89,0
R001610,O009061,C0001029,68,other,12.43,0
R001611,O009069,C0001029,209,size_fit,29.66,0
R001612,O009075,C0001030,180,size_fit,27.71,0
R001613,O009084,C0001031,184,other,16.89,0
R001614,O009088,C0001032,144,changed_mind,38.46,1
R001615,O009090,C0001032,160,defective,21.06,1
R001616,O009091,C0001032,176,size_fit,9.38,1
R001617,O009092,C0001032,191,changed_mind,71.6,1
R001618,O009111,C0001034,203,defective,12.91,0
R001619,O009121,C0001035,148,duplicate_order,25.44,0
R001620,O009125,C0001036,19,changed_mind,21.24,1
R001621,O009127,C0001036,34,not_as_described,5.27,1
R001622,O009130,C0001036,105,changed_mind,17.94,1
R001623,O009134,C0001036,196,changed_mind,13.55,1
R001624,O009136,C0001037,38,changed_mind,6.63,1
R001625,O009138,C0001037,45,defective,31.93,1
R001626,O009140,C0001037,138,changed_mind,24.55,1
R001627,O009142,C0001037,159,changed_mind,58.08,1
R001628,O009143,C0001037,163,changed_mind,13.56,1
R001629,O009158,C0001039,135,not_as_described,88.02,0
R001630,O009159,C0001039,164,defective,62.73,0
R001631,O009163,C0001040,38,size_fit,15.23,0
R001632,O009171,C0001041,93,other,24.7,1
R001633,O009172,C0001041,106,defective,38.86,1
R001634,O009174,C0001041,108,duplicate_order,12.91,1
R001635,O009175,C0001041,121,changed_mind,12.6,1
R001636,O009176,C0001041,124,other,26.21,1
R001637,O009177,C0001041,126,changed_mind,35.86,1
R001638,O009178,C0001041,131,changed_mind,26.65,1
R001639,O009181,C0001041,196,changed_mind,40.57,1
R001640,O009183,C0001041,209,defective,9.62,1
R001641,O009184,C0001041,209,changed_mind,18.83,1
R001642,O009194,C0001042,167,other,22.55,0
R001643,O009196,C0001043,117,not_as_described,20.02,0
R001644,O009204,C0001043,209,size_fit,88.02,0
R001645,O009220,C0001045,102,changed_mind,23.3,0
R001646,O009226,C0001045,191,changed_mind,53.49,0
R001647,O009228,C0001046,46,not_as_described,15.88,0
R001648,O009239,C0001046,194,defective,30.91,0
R001649,O009249,C0001047,152,not_as_described,7.94,0
R001650,O009263,C0001049,93,changed_mind,38.23,1
R001651,O009264,C0001049,96,not_as_described,53.15,1
R001652,O009265,C0001049,114,defective,11.11,1
R001653,O009266,C0001049,130,duplicate_order,30.91,1
R001654,O009270,C0001049,186,not_as_described,58.08,1
R001655,O009271,C0001049,195,changed_mind,4.14,1
R001656,O009272,C0001049,198,changed_mind,31.85,1
R001657,O009273,C0001050,81,not_as_described,10.3,0
R001658,O009276,C0001050,136,other,38.23,0
R001659,O009278,C0001050,161,changed_mind,26.35,0
R001660,O009279,C0001050,172,duplicate_order,13.83,0
R001661,O009280,C0001050,178,changed_mind,10.74,0
R001662,O009294,C0001053,43,changed_mind,20.95,1
R001663,O009296,C0001053,51,changed_mind,30.91,1
R001664,O009297,C0001053,83,other,12.36,1
R001665,O009298,C0001053,82,changed_mind,12.6,1
R001666,O009300,C0001053,113,defective,10.33,1
R001667,O009301,C0001053,117,changed_mind,15.88,1
R001668,O009316,C0001055,179,duplicate_order,26.65,0
R001669,O009345,C0001058,197,changed_mind,83.18,0
R001670,O009361,C0001059,159,defective,9.99,0
R001671,O009375,C0001062,88,not_as_described,18.89,0
R001672,O009376,C0001062,109,duplicate_order,26.82,0
R001673,O009383,C0001062,168,other,11.78,0
R001674,O009391,C0001063,110,changed_mind,10.15,1
R001675,O009398,C0001064,63,duplicate_order,32.27,0
R001676,O009400,C0001064,68,changed_mind,17.94,0
R001677,O009403,C0001064,151,duplicate_order,7.67,0
R001678,O009404,C0001064,154,defective,7.94,0
R001679,O009407,C0001064,207,defective,10.15,0
R001680,O009422,C0001066,97,defective,28.13,0
R001681,O009429,C0001066,157,size_fit,28.59,0
R001682,O009449,C0001068,202,duplicate_order,14.84,0
R001683,O009464,C0001070,112,defective,39.49,0
R001684,O009479,C0001072,17,changed_mind,47.6,1
R001685,O009482,C0001072,40,changed_mind,26.65,1
R001686,O009483,C0001072,58,not_as_described,60.28,1
R001687,O009485,C0001072,74,changed_mind,40.65,1
R001688,O009486,C0001072,87,duplicate_order,38.46,1
R001689,O009487,C0001072,105,changed_mind,20.7,1
R001690,O009488,C0001072,111,changed_mind,55.27,1
R001691,O009489,C0001072,162,changed_mind,21.19,1
R001692,O009490,C0001072,191,size_fit,21.87,1
R001693,O009491,C0001073,86,changed_mind,43.01,1
R001694,O009492,C0001073,109,changed_mind,15.72,1
R001695,O009496,C0001073,155,size_fit,7.43,1
R001696,O009534,C0001079,50,duplicate_order,11.76,0
R001697,O009537,C0001080,92,not_as_described,25.79,0
R001698,O009539,C0001080,114,other,51.92,0
R001699,O009541,C0001080,162,changed_mind,32.09,0
R001700,O009547,C0001081,135,duplicate_order,24.01,0
R001701,O009552,C0001081,209,other,30.01,0
R001702,O009556,C0001082,107,not_as_described,15.52,1
R001703,O009558,C0001082,138,size_fit,27.05,1
R001704,O009571,C0001083,189,duplicate_order,58.13,0
R001705,O009580,C0001085,88,duplicate_order,13.57,0
R001706,O009588,C0001086,147,duplicate_order,21.62,0
R001707,O009590,C0001086,189,other,4.14,0
R001708,O009604,C0001088,81,defective,20.95,1
R001709,O009609,C0001088,209,defective,16.89,1
R001710,O009619,C0001090,117,duplicate_order,28.59,0
R001711,O009622,C0001091,98,duplicate_order,13.39,0
R001712,O009624,C0001091,117,changed_mind,35.86,0
R001713,O009642,C0001093,193,defective,15.72,0
R001714,O009648,C0001094,165,duplicate_order,45.94,0
R001715,O009655,C0001095,86,duplicate_order,18.51,1
R001716,O009656,C0001095,102,other,44.0,1
R001717,O009657,C0001095,103,changed_mind,39.78,1
R001718,O009659,C0001095,134,changed_mind,17.86,1
R001719,O009662,C0001095,146,changed_mind,15.23,1
R001720,O009663,C0001095,151,not_as_described,70.86,1
R001721,O009666,C0001095,173,changed_mind,18.89,1
R001722,O009667,C0001095,196,size_fit,13.39,1
R001723,O009675,C0001097,102,other,29.0,0
R001724,O009690,C0001098,209,size_fit,21.74,0
R001725,O009695,C0001099,103,other,23.42,1
R001726,O009697,C0001099,127,changed_mind,27.61,1
R001727,O009698,C0001099,158,changed_mind,25.33,1
R001728,O009699,C0001099,159,changed_mind,5.27,1
R001729,O009702,C0001099,181,changed_mind,19.48,1
R001730,O009704,C0001099,186,duplicate_order,34.76,1
R001731,O009706,C0001099,206,changed_mind,75.89,1
R001732,O009709,C0001100,174,changed_mind,27.99,0
R001733,O009712,C0001100,209,defective,19.22,0
R001734,O009749,C0001105,111,not_as_described,18.17,0
R001735,O009755,C0001105,189,other,10.3,0
R001736,O009767,C0001107,80,other,25.3,0
R001737,O009779,C0001107,193,size_fit,38.62,0
R001738,O009788,C0001108,206,defective,13.22,0
R001739,O009789,C0001109,40,changed_mind,21.07,1
R001740,O009790,C0001109,147,changed_mind,35.96,1
R001741,O009792,C0001109,174,changed_mind,23.3,1
R001742,O009794,C0001110,38,changed_mind,23.39,1
R001743,O009797,C0001110,130,changed_mind,79.54,1
R001744,O009798,C0001110,140,defective,21.48,1
R001745,O009799,C0001110,143,duplicate_order,25.33,1
R001746,O009800,C0001110,173,not_as_described,14.39,1
R001747,O009803,C0001110,203,changed_mind,14.01,1
R001748,O009805,C0001110,208,changed_mind,35.51,1
R001749,O009817,C0001112,114,not_as_described,40.05,0
R001750,O009831,C0001114,47,changed_mind,33.54,1
R001751,O009832,C0001114,56,not_as_described,23.27,1
R001752,O009833,C0001114,72,changed_mind,5.47,1
R001753,O009834,C0001114,90,changed_mind,21.72,1
R001754,O009835,C0001114,97,changed_mind,58.13,1
R001755,O009836,C0001114,123,other,44.0,1
R001756,O009839,C0001114,176,changed_mind,16.16,1
R001757,O009844,C0001115,164,duplicate_order,8.68,0
R001758,O009884,C0001121,97,changed_mind,16.23,1
R001759,O009888,C0001121,193,defective,35.86,1
R001760,O009890,C0001122,57,not_as_described,4.14,0
R001761,O009900,C0001123,110,changed_mind,12.36,1
R001762,O009901,C0001123,125,size_fit,10.74,1
R001763,O009904,C0001123,149,changed_mind,38.03,1
R001764,O009905,C0001123,157,changed_mind,51.92,1
R001765,O009912,C0001124,139,other,14.94,0
R001766,O009918,C0001125,76,other,23.31,0
R001767,O009930,C0001126,85,not_as_described,79.09,1
R001768,O009934,C0001126,128,changed_mind,21.92,1
R001769,O009938,C0001126,201,changed_mind,10.8,1
R001770,O009950,C0001129,73,other,44.59,0
R001771,O009961,C0001130,111,changed_mind,19.51,0
R001772,O009993,C0001133,151,duplicate_order,23.27,0
R001773,O010002,C0001134,91,defective,24.5,0
R001774,O010023,C0001136,171,size_fit,7.43,0
R001775,O010041,C0001139,136,changed_mind,12.36,1
R001776,O010042,C0001139,180,duplicate_order,83.18,1
R001777,O010043,C0001139,183,changed_mind,33.54,1
R001778,O010045,C0001139,209,changed_mind,5.27,1
R001779,O010064,C0001143,78,not_as_described,34.09,1
R001780,O010067,C0001143,132,changed_mind,32.07,1
R001781,O010068,C0001143,140,changed_mind,63.27,1
R001782,O010069,C0001143,141,changed_mind,12.6,1
R001783,O010070,C0001143,156,duplicate_order,37.32,1
R001784,O010072,C0001143,180,changed_mind,32.67,1
R001785,O010073,C0001143,193,other,26.35,1
R001786,O010075,C0001143,200,changed_mind,8.68,1
R001787,O010085,C0001144,154,size_fit,13.66,0
R001788,O010090,C0001144,196,size_fit,23.18,0
R001789,O010094,C0001146,164,other,47.64,0
R001790,O010108,C0001147,171,duplicate_order,18.64,0
R001791,O010112,C0001147,197,defective,7.94,0
R001792,O010125,C0001149,39,changed_mind,27.01,1
R001793,O010128,C0001149,62,changed_mind,27.85,1
R001794,O010134,C0001150,127,changed_mind,30.91,0
R001795,O010152,C0001151,181,size_fit,14.79,0
R001796,O010157,C0001152,40,defective,20.82,0
R001797,O010175,C0001153,202,other,165.23,0
R001798,O010178,C0001154,81,size_fit,22.76,0
R001799,O010180,C0001154,99,size_fit,25.3,0
R001800,O010181,C0001154,112,other,31.84,0
R001801,O010182,C0001154,114,other,18.48,0
R001802,O010183,C0001154,163,size_fit,16.89,0
R001803,O010184,C0001154,173,defective,14.61,0
R001804,O010185,C0001154,166,duplicate_order,73.86,0
R001805,O010188,C0001154,206,changed_mind,58.08,0
R001806,O010190,C0001154,209,size_fit,31.18,0
R001807,O010201,C0001157,90,size_fit,17.25,0
R001808,O010206,C0001158,50,changed_mind,27.99,1
R001809,O010207,C0001158,70,changed_mind,16.89,1
R001810,O010209,C0001158,88,changed_mind,35.46,1
R001811,O010230,C0001161,80,size_fit,14.94,0
R001812,O010237,C0001162,155,changed_mind,19.17,0
R001813,O010238,C0001162,190,changed_mind,73.86,0
R001814,O010240,C0001163,35,not_as_described,27.61,0
R001815,O010243,C0001163,108,size_fit,44.0,0
R001816,O010249,C0001164,52,changed_mind,10.25,0
R001817,O010251,C0001164,84,other,41.98,0
R001818,O010252,C0001164,99,changed_mind,28.55,0
R001819,O010253,C0001164,113,defective,9.45,0
R001820,O010258,C0001164,183,duplicate_order,38.86,0
R001821,O010261,C0001164,209,not_as_described,22.31,0
R001822,O010262,C0001164,209,changed_mind,24.51,0
R001823,O010265,C0001165,123,defective,16.56,0
R001824,O010276,C0001166,32,changed_mind,14.84,1
R001825,O010279,C0001166,82,changed_mind,8.55,1
R001826,O010280,C0001166,129,not_as_described,6.35,1
R001827,O010284,C0001167,64,changed_mind,58.73,1
R001828,O010286,C0001167,87,changed_mind,31.85,1
R001829,O010287,C0001167,90,changed_mind,13.55,1
R001830,O010288,C0001167,94,changed_mind,18.18,1
R001831,O010289,C0001167,95,defective,10.48,1
R001832,O010291,C0001167,101,changed_mind,10.15,1
R001833,O010293,C0001167,113,other,42.82,1
R001834,O010297,C0001167,151,other,29.12,1
R001835,O010298,C0001167,169,changed_mind,37.31,1
R001836,O010299,C0001167,206,size_fit,9.72,1
R001837,O010301,C0001168,109,duplicate_order,30.08,0
R001838,O010313,C0001169,52,defective,11.11,0
R001839,O010325,C0001170,209,not_as_described,27.61,0
R001840,O010335,C0001172,117,changed_mind,16.57,1
R001841,O010337,C0001172,149,duplicate_order,12.97,1
R001842,O010350,C0001174,94,changed_mind,35.25,1
R001843,O010351,C0001174,119,changed_mind,25.3,1
R001844,O010352,C0001174,148,other,17.21,1
R001845,O010362,C0001175,209,duplicate_order,58.73,0
R001846,O010382,C0001177,133,defective,32.1,0
R001847,O010402,C0001179,136,other,165.23,0
R001848,O010419,C0001181,162,other,18.48,0
R001849,O010425,C0001182,104,changed_mind,19.03,1
R001850,O010430,C0001182,197,not_as_described,21.62,1
R001851,O010432,C0001182,208,changed_mind,45.94,1
R001852,O010433,C0001183,77,not_as_described,21.69,0
R001853,O010452,C0001185,108,not_as_described,20.66,0
R001854,O010454,C0001185,124,not_as_described,18.48,0
R001855,O010455,C0001185,127,not_as_described,40.32,0
R001856,O010457,C0001185,177,defective,58.73,0
R001857,O010459,C0001185,199,changed_mind,14.01,0
R001858,O010461,C0001186,103,not_as_described,21.62,0
R001859,O010462,C0001186,105,other,21.19,0
R001860,O010471,C0001187,149,changed_mind,5.47,1
R001861,O010477,C0001187,209,other,30.01,1
R001862,O010491,C0001189,45,defective,23.39,0
R001863,O010528,C0001193,85,defective,15.99,1
R001864,O010529,C0001193,108,defective,37.02,1
R001865,O010530,C0001193,126,duplicate_order,23.18,1
R001866,O010532,C0001193,209,changed_mind,75.89,1
R001867,O010534,C0001194,119,size_fit,13.66,0
R001868,O010551,C0001196,73,changed_mind,9.45,0
R001869,O010567,C0001198,57,changed_mind,40.32,1
R001870,O010570,C0001198,119,changed_mind,20.08,1
R001871,O010598,C0001201,200,changed_mind,28.96,0
R001872,O010600,C0001202,32,defective,58.73,0
R001873,O010601,C0001202,20,other,24.7,0
R001874,O010604,C0001202,57,defective,26.98,0
R001875,O010611,C0001202,192,size_fit,19.63,0
R001876,O010614,C0001203,91,defective,48.43,1
R001877,O010616,C0001203,209,size_fit,39.23,1
R001878,O010627,C0001205,21,size_fit,4.14,0
R001879,O010630,C0001205,91,not_as_described,24.7,0
R001880,O010672,C0001210,209,defective,15.64,0
R001881,O010679,C0001211,205,not_as_described,12.65,0
R001882,O010690,C0001212,130,not_as_described,39.78,0
R001883,O010694,C0001212,173,defective,55.83,0
R001884,O010699,C0001213,68,size_fit,40.98,0
R001885,O010700,C0001213,80,other,19.51,0
R001886,O010727,C0001216,110,defective,21.48,0
R001887,O010732,C0001216,145,other,50.83,0
R001888,O010750,C0001217,187,other,30.91,0
R001889,O010751,C0001217,207,defective,13.66,0
R001890,O010753,C0001218,61,not_as_described,9.99,0
R001891,O010775,C0001220,43,other,37.32,0
R001892,O010778,C0001220,143,other,23.55,0
R001893,O010799,C0001223,86,changed_mind,21.06,1
R001894,O010800,C0001223,100,changed_mind,23.55,1
R001895,O010805,C0001223,175,size_fit,20.66,1
R001896,O010806,C0001223,177,changed_mind,79.54,1
R001897,O010807,C0001223,208,changed_mind,86.13,1
R001898,O010823,C0001226,113,other,33.54,0
R001899,O010838,C0001227,191,duplicate_order,10.3,0
R001900,O010849,C0001228,199,size_fit,30.08,0
R001901,O010851,C0001229,114,changed_mind,9.38,1
R001902,O010853,C0001229,136,changed_mind,38.86,1
R001903,O010856,C0001229,173,defective,34.09,1
R001904,O010857,C0001229,172,changed_mind,53.49,1
R001905,O010859,C0001229,180,changed_mind,28.21,1
R001906,O010860,C0001229,185,changed_mind,23.26,1
R001907,O010870,C0001230,161,other,17.56,0
R001908,O010887,C0001232,209,changed_mind,37.31,0
R001909,O010894,C0001234,57,size_fit,83.18,1
R001910,O010895,C0001234,75,changed_mind,20.66,1
R001911,O010896,C0001234,86,changed_mind,28.15,1
R001912,O010897,C0001234,94,changed_mind,15.12,1
R001913,O010899,C0001234,139,changed_mind,73.86,1
R001914,O010901,C0001234,198,changed_mind,21.08,1
R001915,O010905,C0001235,103,not_as_described,17.21,0
R001916,O010921,C0001236,172,duplicate_order,17.95,0
R001917,O010951,C0001239,185,duplicate_order,38.62,0
R001918,O010955,C0001240,79,other,38.23,0
R001919,O010970,C0001242,72,changed_mind,30.17,1
R001920,O010971,C0001242,89,defective,63.27,1
R001921,O010983,C0001243,175,defective,83.18,0
R001922,O010987,C0001244,107,changed_mind,29.12,0
R001923,O011002,C0001246,93,not_as_described,16.23,0
R001924,O011003,C0001246,161,not_as_described,24.35,0
R001925,O011006,C0001247,130,changed_mind,10.8,1
R001926,O011007,C0001247,134,changed_mind,21.48,1
R001927,O011009,C0001247,178,changed_mind,23.18,1
R001928,O011011,C0001247,199,defective,17.95,1
R001929,O011018,C0001248,206,other,7.67,0
R001930,O011020,C0001249,114,other,29.12,0
R001931,O011022,C0001249,173,other,18.74,0
R001932,O011024,C0001249,200,changed_mind,42.88,0
R001933,O011028,C0001250,67,changed_mind,32.7,1
R001934,O011029,C0001250,80,changed_mind,10.08,1
R001935,O011030,C0001250,92,not_as_described,10.56,1
R001936,O011033,C0001250,149,duplicate_order,21.25,1
R001937,O011034,C0001250,149,other,47.6,1
R001938,O011047,C0001251,188,changed_mind,9.99,0
R001939,O011057,C0001253,50,changed_mind,19.36,1
R001940,O011058,C0001253,81,changed_mind,19.16,1
R001941,O011067,C0001254,127,changed_mind,40.65,0
R001942,O011076,C0001255,195,size_fit,24.7,0
R001943,O011077,C0001255,209,defective,43.86,0
R001944,O011088,C0001256,180,size_fit,24.75,1
R001945,O011094,C0001257,112,changed_mind,59.8,1
R001946,O011098,C0001257,167,other,38.03,1
R001947,O011100,C0001257,175,changed_mind,33.72,1
R001948,O011101,C0001257,186,changed_mind,31.57,1
R001949,O011102,C0001257,197,not_as_described,53.99,1
R001950,O011122,C0001259,209,not_as_described,37.37,0
R001951,O011133,C0001261,66,other,21.24,1
R001952,O011135,C0001261,81,changed_mind,12.89,1
R001953,O011137,C0001261,141,changed_mind,40.98,1
R001954,O011138,C0001261,161,size_fit,31.84,1
R001955,O011140,C0001261,187,changed_mind,25.11,1
R001956,O011141,C0001261,197,changed_mind,21.74,1
R001957,O011145,C0001262,122,other,23.06,0
R001958,O011165,C0001264,188,duplicate_order,62.61,0
R001959,O011174,C0001266,34,changed_mind,27.71,1
R001960,O011177,C0001266,92,changed_mind,21.25,1
R001961,O011178,C0001266,107,changed_mind,73.86,1
R001962,O011180,C0001266,209,changed_mind,20.86,1
R001963,O011192,C0001268,184,not_as_described,39.23,0
R001964,O011193,C0001269,50,size_fit,11.76,1
R001965,O011194,C0001269,52,changed_mind,19.48,1
R001966,O011195,C0001269,67,changed_mind,12.97,1
R001967,O011204,C0001270,99,not_as_described,17.52,1
R001968,O011214,C0001270,209,defective,59.8,1
R001969,O011219,C0001271,104,duplicate_order,27.27,0
R001970,O011220,C0001271,118,changed_mind,20.5,0
R001971,O011229,C0001272,107,duplicate_order,27.95,0
R001972,O011240,C0001273,160,other,31.02,0
R001973,O011243,C0001273,209,defective,74.34,0
R001974,O011258,C0001275,182,duplicate_order,12.6,0
R001975,O011265,C0001277,132,changed_mind,13.66,0
R001976,O011269,C0001278,56,changed_mind,16.71,1
R001977,O011270,C0001278,93,changed_mind,33.72,1
R001978,O011271,C0001278,112,size_fit,57.77,1
R001979,O011272,C0001278,145,changed_mind,28.59,1
R001980,O011274,C0001278,163,duplicate_order,54.18,1
R001981,O011297,C0001282,25,other,52.7,0
R001982,O011300,C0001282,75,changed_mind,61.65,0
R001983,O011321,C0001284,196,size_fit,53.15,0
R001984,O011322,C0001284,209,not_as_described,12.7,0
R001985,O011323,C0001285,60,size_fit,6.1,0
R001986,O011334,C0001287,31,changed_mind,47.16,1
R001987,O011335,C0001287,33,changed_mind,14.39,1
R001988,O011340,C0001287,68,changed_mind,28.2,1
R001989,O011341,C0001287,180,defective,31.4,1
R001990,O011345,C0001289,107,changed_mind,10.3,1
R001991,O011346,C0001289,117,changed_mind,10.08,1
R001992,O011355,C0001289,200,changed_mind,21.9,1
R001993,O011356,C0001289,209,defective,17.21,1
R001994,O011358,C0001290,104,other,34.76,1
R001995,O011359,C0001290,112,size_fit,23.16,1
R001996,O011361,C0001290,158,duplicate_order,13.57,1
R001997,O011362,C0001290,154,changed_mind,17.21,1
R001998,O011365,C0001290,190,not_as_described,10.48,1
R001999,O011366,C0001290,208,not_as_described,15.61,1
R002000,O011367,C0001290,209,changed_mind,6.35,1
R002001,O011372,C0001291,117,changed_mind,75.89,1
R002002,O011375,C0001291,129,other,18.17,1
R002003,O011377,C0001291,148,changed_mind,26.35,1
R002004,O011378,C0001291,157,defective,16.57,1
R002005,O011380,C0001291,164,changed_mind,19.48,1
R002006,O011383,C0001292,44,not_as_described,6.1,0
R002007,O011386,C0001292,132,defective,35.51,0
R002008,O011404,C0001294,168,other,13.83,0
R002009,O011408,C0001295,94,changed_mind,9.11,0
R002010,O011414,C0001296,209,other,21.03,0
R002011,O011416,C0001297,45,changed_mind,23.39,1
R002012,O011417,C0001297,47,changed_mind,34.09,1
R002013,O011419,C0001297,75,changed_mind,17.56,1
R002014,O011421,C0001297,99,duplicate_order,18.74,1
R002015,O011422,C0001297,107,changed_mind,8.92,1
R002016,O011433,C0001297,196,size_fit,18.74,1
R002017,O011441,C0001298,164,not_as_described,14.79,0
R002018,O011446,C0001299,188,defective,40.65,0
R002019,O011449,C0001299,205,other,28.21,0
R002020,O011450,C0001299,209,defective,42.88,0
R002021,O011493,C0001307,134,not_as_described,31.02,0
R002022,O011504,C0001308,206,duplicate_order,35.96,0
R002023,O011506,C0001309,47,changed_mind,6.63,1
R002024,O011508,C0001309,75,changed_mind,18.32,1
R002025,O011509,C0001309,80,changed_mind,40.57,1
R002026,O011510,C0001309,83,changed_mind,59.89,1
R002027,O011512,C0001309,106,changed_mind,12.7,1
R002028,O011513,C0001309,118,changed_mind,24.7,1
R002029,O011517,C0001309,155,duplicate_order,17.86,1
R002030,O011527,C0001310,96,duplicate_order,37.37,0
R002031,O011536,C0001311,137,duplicate_order,16.56,0
R002032,O011546,C0001312,129,other,21.92,0
R002033,O011548,C0001312,172,size_fit,21.48,0
R002034,O011556,C0001313,83,duplicate_order,58.08,0
R002035,O011568,C0001314,55,not_as_described,53.99,0
R002036,O011579,C0001314,200,duplicate_order,15.23,0
R002037,O011590,C0001316,143,not_as_described,23.39,1
R002038,O011616,C0001319,209,defective,26.21,0
R002039,O011640,C0001322,123,not_as_described,23.55,0
R002040,O011664,C0001324,209,not_as_described,5.47,0
R002041,O011668,C0001325,152,not_as_described,41.36,0
R002042,O011669,C0001325,164,other,58.29,0
R002043,O011671,C0001325,189,defective,34.09,0
R002044,O011673,C0001325,202,other,24.74,0
R002045,O011700,C0001329,107,duplicate_order,40.05,0
R002046,O011718,C0001332,56,changed_mind,10.56,1
R002047,O011721,C0001332,78,changed_mind,10.08,1
R002048,O011724,C0001332,179,other,37.31,1
R002049,O011734,C0001334,98,duplicate_order,53.49,0
R002050,O011747,C0001336,82,changed_mind,21.74,1
R002051,O011748,C0001336,96,size_fit,24.35,1
R002052,O011749,C0001336,100,duplicate_order,17.16,1
R002053,O011750,C0001336,118,changed_mind,24.7,1
R002054,O011753,C0001336,149,size_fit,21.25,1
R002055,O011759,C0001336,190,changed_mind,22.4,1
R002056,O011764,C0001337,117,defective,24.5,0
R002057,O011769,C0001337,209,other,19.24,0
R002058,O011778,C0001339,97,duplicate_order,8.92,0
R002059,O011782,C0001339,198,size_fit,50.41,0
R002060,O011784,C0001340,96,changed_mind,28.36,1
R002061,O011785,C0001340,131,defective,12.63,1
R002062,O011786,C0001340,149,defective,33.94,1
R002063,O011787,C0001340,169,changed_mind,35.25,1
R002064,O011789,C0001340,193,defective,40.65,1
R002065,O011800,C0001342,180,changed_mind,40.05,1
R002066,O011816,C0001344,34,changed_mind,11.76,1
R002067,O011820,C0001344,164,changed_mind,18.51,1
R002068,O011823,C0001345,98,defective,10.08,0
R002069,O011824,C0001345,107,other,20.08,0
R002070,O011844,C0001347,142,defective,25.02,0
R002071,O011846,C0001347,142,size_fit,17.95,0
R002072,O011854,C0001348,114,other,20.04,0
R002073,O011855,C0001348,140,changed_mind,22.76,0
R002074,O011867,C0001350,58,size_fit,36.57,0
R002075,O011891,C0001353,104,not_as_described,59.32,0
R002076,O011893,C0001353,117,not_as_described,79.54,0
R002077,O011904,C0001354,70,changed_mind,10.15,1
R002078,O011905,C0001354,92,other,36.57,1
R002079,O011906,C0001354,95,changed_mind,5.83,1
R002080,O011907,C0001354,105,changed_mind,11.11,1
R002081,O011908,C0001354,129,changed_mind,27.61,1
R002082,O011909,C0001354,162,changed_mind,26.09,1
R002083,O011910,C0001354,170,changed_mind,17.25,1
R002084,O011912,C0001354,174,changed_mind,5.83,1
R002085,O011913,C0001355,115,size_fit,5.27,0
R002086,O011917,C0001356,85,defective,26.65,0
R002087,O011926,C0001357,59,duplicate_order,25.3,0
R002088,O011932,C0001358,57,defective,6.1,1
R002089,O011934,C0001358,66,defective,70.86,1
R002090,O011936,C0001358,94,changed_mind,9.77,1
R002091,O011939,C0001358,104,changed_mind,25.11,1
R002092,O011940,C0001358,143,defective,18.18,1
R002093,O011952,C0001360,112,other,32.62,0
R002094,O011956,C0001360,136,not_as_described,7.67,0
R002095,O011965,C0001361,63,changed_mind,28.21,1
R002096,O011966,C0001361,71,changed_mind,9.99,1
R002097,O011967,C0001361,71,changed_mind,19.67,1
R002098,O011968,C0001361,74,size_fit,20.02,1
R002099,O011969,C0001361,102,duplicate_order,23.39,1
R002100,O011976,C0001361,189,other,23.18,1
R002101,O011982,C0001362,180,changed_mind,57.77,1
R002102,O011989,C0001363,187,other,74.34,0
R002103,O011997,C0001364,185,duplicate_order,23.18,0
R002104,O012000,C0001364,208,duplicate_order,40.05,0
R002105,O012050,C0001370,207,size_fit,10.56,0
R002106,O012061,C0001373,73,changed_mind,44.0,1
R002107,O012062,C0001373,87,not_as_described,31.85,1
R002108,O012063,C0001373,88,changed_mind,27.34,1
R002109,O012064,C0001373,125,size_fit,15.23,1
R002110,O012065,C0001373,123,defective,16.23,1
R002111,O012067,C0001373,166,changed_mind,37.31,1
R002112,O012068,C0001373,172,changed_mind,21.74,1
R002113,O012069,C0001373,197,changed_mind,15.23,1
R002114,O012070,C0001374,33,changed_mind,19.16,1
R002115,O012072,C0001374,59,changed_mind,58.29,1
R002116,O012074,C0001374,119,not_as_described,22.37,1
R002117,O012077,C0001374,152,duplicate_order,12.91,1
R002118,O012078,C0001374,156,changed_mind,31.84,1
R002119,O012094,C0001376,109,defective,15.62,0
R002120,O012096,C0001376,156,changed_mind,40.22,0
R002121,O012101,C0001376,209,size_fit,40.22,0
R002122,O012102,C0001376,209,other,19.67,0
R002123,O012127,C0001380,52,not_as_described,27.61,1
R002124,O012130,C0001380,75,not_as_described,37.37,1
R002125,O012132,C0001380,107,changed_mind,37.66,1
R002126,O012134,C0001380,138,size_fit,15.23,1
R002127,O012135,C0001380,170,changed_mind,12.63,1
R002128,O012137,C0001380,200,changed_mind,30.88,1
R002129,O012140,C0001381,111,changed_mind,28.05,1
R002130,O012142,C0001381,145,size_fit,21.71,1
R002131,O012144,C0001381,149,changed_mind,21.48,1
R002132,O012145,C0001381,152,changed_mind,16.56,1
R002133,O012146,C0001381,153,changed_mind,28.96,1
R002134,O012148,C0001381,189,changed_mind,26.72,1
R002135,O012149,C0001381,189,changed_mind,21.24,1
R002136,O012150,C0001381,201,changed_mind,26.35,1
R002137,O012151,C0001382,105,changed_mind,28.74,1
R002138,O012152,C0001382,112,changed_mind,52.7,1
R002139,O012155,C0001382,147,defective,14.98,1
R002140,O012157,C0001382,179,defective,10.3,1
R002141,O012163,C0001383,62,changed_mind,26.09,1
R002142,O012164,C0001383,83,other,24.51,1
R002143,O012165,C0001383,85,size_fit,39.49,1
R002144,O012170,C0001383,138,changed_mind,29.66,1
R002145,O012171,C0001383,154,changed_mind,10.25,1
R002146,O012172,C0001383,173,changed_mind,13.1,1
R002147,O012173,C0001383,177,changed_mind,12.36,1
R002148,O012175,C0001383,179,size_fit,23.65,1
R002149,O012177,C0001384,61,changed_mind,8.92,1
R002150,O012181,C0001384,159,duplicate_order,49.54,1
R002151,O012182,C0001384,209,size_fit,21.07,1
R002152,O012190,C0001386,81,duplicate_order,45.94,1
R002153,O012191,C0001386,100,changed_mind,20.7,1
R002154,O012194,C0001386,185,changed_mind,7.67,1
R002155,O012209,C0001388,83,duplicate_order,20.7,0
R002156,O012213,C0001388,140,size_fit,21.71,0
R002157,O012250,C0001394,185,other,10.48,0
R002158,O012261,C0001395,150,duplicate_order,31.18,1
R002159,O012262,C0001395,153,changed_mind,14.98,1
R002160,O012263,C0001395,158,not_as_described,10.48,1
R002161,O012265,C0001395,158,changed_mind,28.74,1
R002162,O012272,C0001396,189,not_as_described,15.68,0
R002163,O012273,C0001396,204,not_as_described,16.18,0
R002164,O012278,C0001397,167,defective,17.42,0
R002165,O012290,C0001398,164,defective,18.17,0
R002166,O012313,C0001401,139,changed_mind,26.82,1
R002167,O012314,C0001401,141,changed_mind,18.48,1
R002168,O012315,C0001401,183,changed_mind,12.36,1
R002169,O012318,C0001401,209,changed_mind,16.18,1
R002170,O012331,C0001403,209,duplicate_order,14.01,0
R002171,O012334,C0001404,36,changed_mind,74.34,0
R002172,O012350,C0001405,194,not_as_described,15.72,0
R002173,O012351,C0001406,25,defective,22.76,1
R002174,O012358,C0001407,85,defective,42.88,0
R002175,O012359,C0001407,94,other,14.98,0
R002176,O012365,C0001408,36,changed_mind,34.09,1
R002177,O012366,C0001408,46,changed_mind,62.73,1
R002178,O012368,C0001408,62,changed_mind,32.27,1
R002179,O012372,C0001408,109,changed_mind,42.88,1
R002180,O012373,C0001408,126,changed_mind,59.89,1
R002181,O012374,C0001408,142,changed_mind,30.88,1
R002182,O012375,C0001408,151,changed_mind,16.71,1
R002183,O012376,C0001408,172,changed_mind,27.85,1
R002184,O012380,C0001409,46,size_fit,59.89,0
R002185,O012381,C0001409,43,duplicate_order,12.89,0
R002186,O012395,C0001410,65,not_as_described,30.88,0
R002187,O012413,C0001411,153,other,21.9,0
R002188,O012419,C0001412,80,defective,31.84,1
R002189,O012420,C0001412,99,changed_mind,6.1,1
R002190,O012422,C0001412,158,other,19.51,1
R002191,O012423,C0001412,170,changed_mind,12.97,1
R002192,O012424,C0001412,180,not_as_described,18.89,1
R002193,O012426,C0001413,62,changed_mind,21.72,1
R002194,O012427,C0001413,69,changed_mind,19.79,1
R002195,O012428,C0001413,75,other,18.17,1
R002196,O012430,C0001413,171,changed_mind,6.1,1
R002197,O012446,C0001414,156,other,42.82,0
R002198,O012450,C0001414,208,not_as_described,9.38,0
R002199,O012451,C0001415,115,defective,35.96,1
R002200,O012455,C0001415,209,changed_mind,20.66,1
R002201,O012457,C0001416,87,size_fit,35.57,0
R002202,O012464,C0001416,209,not_as_described,21.87,0
R002203,O012472,C0001417,180,other,11.76,0
R002204,O012476,C0001418,97,defective,58.73,1
R002205,O012477,C0001418,100,changed_mind,15.46,1
R002206,O012505,C0001420,105,defective,40.98,0
R002207,O012518,C0001422,116,not_as_described,37.32,0
R002208,O012523,C0001423,79,other,26.65,1
R002209,O012524,C0001423,105,changed_mind,7.67,1
R002210,O012525,C0001423,156,not_as_described,21.08,1
R002211,O012531,C0001424,190,duplicate_order,33.72,0
R002212,O012553,C0001427,142,duplicate_order,34.09,0
R002213,O012560,C0001428,42,changed_mind,40.35,1
R002214,O012562,C0001428,112,changed_mind,42.32,1
R002215,O012563,C0001428,115,size_fit,12.89,1
R002216,O012564,C0001428,160,changed_mind,55.27,1
R002217,O012565,C0001428,198,changed_mind,5.47,1
R002218,O012567,C0001429,62,changed_mind,28.36,1
R002219,O012568,C0001429,114,changed_mind,33.72,1
R002220,O012571,C0001429,184,changed_mind,42.88,1
R002221,O012591,C0001432,209,defective,35.96,0
R002222,O012606,C0001435,162,changed_mind,20.95,0
R002223,O012613,C0001436,71,defective,31.93,0
R002224,O012616,C0001436,77,defective,25.11,0
R002225,O012622,C0001436,143,changed_mind,25.02,0
R002226,O012634,C0001437,195,other,40.22,0
R002227,O012642,C0001438,209,duplicate_order,27.27,0
R002228,O012646,C0001439,204,duplicate_order,27.05,0
R002229,O012648,C0001439,209,other,53.15,0
R002230,O012649,C0001440,12,changed_mind,15.99,1
R002231,O012650,C0001440,15,changed_mind,2.75,1
R002232,O012651,C0001440,26,size_fit,10.74,1
R002233,O012653,C0001440,53,changed_mind,60.28,1
R002234,O012655,C0001440,131,changed_mind,61.65,1
R002235,O012657,C0001440,133,changed_mind,29.0,1
R002236,O012658,C0001440,147,size_fit,18.63,1
R002237,O012659,C0001440,151,changed_mind,47.16,1
R002238,O012662,C0001440,198,defective,14.98,1
R002239,O012667,C0001441,141,changed_mind,6.2,0
R002240,O012668,C0001441,190,changed_mind,37.37,0
R002241,O012684,C0001443,73,other,17.94,1
R002242,O012685,C0001443,78,not_as_described,17.21,1
R002243,O012686,C0001443,84,changed_mind,28.13,1
R002244,O012694,C0001443,189,changed_mind,31.84,1
R002245,O012695,C0001443,191,changed_mind,13.1,1
R002246,O012696,C0001443,206,not_as_described,19.48,1
R002247,O012697,C0001444,104,duplicate_order,31.84,1
R002248,O012698,C0001444,116,changed_mind,6.1,1
R002249,O012700,C0001444,126,size_fit,18.89,1
R002250,O012701,C0001444,142,changed_mind,39.78,1
R002251,O012703,C0001444,156,changed_mind,11.4,1
R002252,O012704,C0001444,159,changed_mind,18.63,1
R002253,O012705,C0001444,165,changed_mind,73.86,1
R002254,O012706,C0001444,167,changed_mind,37.66,1
R002255,O012709,C0001444,209,changed_mind,14.98,1
R002256,O012719,C0001446,132,not_as_described,59.8,0
R002257,O012727,C0001447,31,size_fit,12.7,0
R002258,O012728,C0001447,36,duplicate_order,5.77,0
R002259,O012742,C0001448,127,not_as_described,16.57,0
R002260,O012751,C0001449,91,duplicate_order,32.67,0
R002261,O012762,C0001449,207,defective,43.88,0
R002262,O012780,C0001451,164,duplicate_order,31.18,0
R002263,O012782,C0001451,174,duplicate_order,23.18,0
R002264,O012789,C0001452,57,changed_mind,15.61,0
R002265,O012798,C0001453,96,changed_mind,12.36,1
R002266,O012812,C0001455,62,not_as_described,8.46,1
R002267,O012814,C0001455,69,defective,44.59,1
R002268,O012816,C0001455,103,changed_mind,25.3,1
R002269,O012817,C0001455,111,not_as_described,6.2,1
R002270,O012818,C0001455,120,changed_mind,16.18,1
R002271,O012819,C0001455,127,changed_mind,53.52,1
R002272,O012820,C0001455,150,changed_mind,5.27,1
R002273,O012822,C0001455,166,other,18.83,1
R002274,O012823,C0001455,168,changed_mind,13.22,1
R002275,O012824,C0001455,172,size_fit,18.32,1
R002276,O012825,C0001455,207,changed_mind,23.26,1
R002277,O012827,C0001456,29,changed_mind,12.43,1
R002278,O012828,C0001456,63,changed_mind,7.81,1
R002279,O012829,C0001456,71,changed_mind,27.05,1
R002280,O012831,C0001456,89,changed_mind,46.54,1
R002281,O012832,C0001456,90,changed_mind,17.94,1
R002282,O012833,C0001456,92,other,30.04,1
R002283,O012835,C0001456,116,changed_mind,40.57,1
R002284,O012836,C0001456,151,not_as_described,27.05,1
R002285,O012841,C0001457,97,changed_mind,28.9,1
R002286,O012844,C0001457,154,changed_mind,13.66,1
R002287,O012846,C0001457,156,changed_mind,22.31,1
R002288,O012847,C0001457,163,defective,59.48,1
R002289,O012848,C0001457,178,changed_mind,14.64,1
R002290,O012849,C0001457,184,not_as_described,28.25,1
R002291,O012857,C0001459,81,not_as_described,9.11,1
R002292,O012858,C0001459,100,defective,14.64,1
R002293,O012861,C0001459,204,changed_mind,27.61,1
R002294,O012870,C0001461,70,other,28.21,0
R002295,O012875,C0001461,163,duplicate_order,22.55,0
R002296,O012877,C0001462,101,changed_mind,19.98,1
R002297,O012878,C0001462,132,not_as_described,24.51,1
R002298,O012882,C0001462,192,changed_mind,7.43,1
R002299,O012883,C0001462,191,changed_mind,14.84,1
R002300,O012902,C0001466,81,other,17.16,1
R002301,O012904,C0001466,148,changed_mind,19.24,1
R002302,O012906,C0001466,176,changed_mind,28.55,1
R002303,O012913,C0001467,123,defective,25.44,0
R002304,O012917,C0001467,173,size_fit,21.92,0
R002305,O012930,C0001469,104,changed_mind,9.77,1
R002306,O012932,C0001469,167,defective,31.18,1
R002307,O012934,C0001469,175,changed_mind,28.05,1
R002308,O012944,C0001471,137,not_as_described,22.54,0
R002309,O012945,C0001471,144,duplicate_order,25.44,0
R002310,O012954,C0001472,117,duplicate_order,60.28,0
R002311,O012958,C0001473,33,changed_mind,29.0,1
R002312,O012959,C0001473,39,changed_mind,10.25,1
R002313,O012963,C0001473,107,changed_mind,21.03,1
R002314,O012964,C0001473,114,duplicate_order,20.5,1
R002315,O012972,C0001474,119,other,27.61,0
R002316,O013001,C0001477,28,changed_mind,10.56,1
R002317,O013004,C0001477,76,not_as_described,35.96,1
R002318,O013005,C0001477,81,changed_mind,22.37,1
R002319,O013007,C0001477,134,changed_mind,14.84,1
R002320,O013008,C0001477,139,not_as_described,71.6,1
R002321,O013009,C0001477,178,changed_mind,21.69,1
R002322,O013025,C0001479,209,duplicate_order,30.91,0
R002323,O013026,C0001480,66,changed_mind,27.4,1
R002324,O013027,C0001480,91,duplicate_order,23.2,1
R002325,O013029,C0001480,106,duplicate_order,25.33,1
R002326,O013042,C0001481,124,other,11.4,0
R002327,O013044,C0001482,59,duplicate_order,43.01,0
R002328,O013048,C0001482,126,duplicate_order,18.35,0
R002329,O013062,C0001484,81,other,14.79,1
R002330,O013063,C0001484,100,other,24.7,1
R002331,O013064,C0001484,116,changed_mind,25.44,1
R002332,O013065,C0001484,118,not_as_described,30.08,1
R002333,O013068,C0001484,186,defective,21.71,1
R002334,O013070,C0001484,192,changed_mind,10.3,1
R002335,O013083,C0001486,100,size_fit,21.06,0
R002336,O013101,C0001488,26,defective,18.89,0
R002337,O013103,C0001488,43,changed_mind,25.3,0
R002338,O013106,C0001488,75,changed_mind,12.43,0
R002339,O013111,C0001488,150,duplicate_order,11.4,0
R002340,O013113,C0001488,176,defective,15.06,0
R002341,O013121,C0001489,158,size_fit,25.44,0
R002342,O013122,C0001489,161,not_as_described,25.44,0
R002343,O013124,C0001489,159,not_as_described,25.44,0
R002344,O013131,C0001490,134,size_fit,30.17,0
R002345,O013145,C0001491,202,size_fit,26.72,0
R002346,O013149,C0001492,62,changed_mind,7.67,1
R002347,O013153,C0001492,117,changed_mind,28.2,1
R002348,O013155,C0001492,207,changed_mind,12.7,1
R002349,O013157,C0001493,104,size_fit,10.33,0
R002350,O013159,C0001493,129,size_fit,12.91,0
R002351,O013163,C0001493,163,duplicate_order,21.34,0
R002352,O013173,C0001494,196,changed_mind,14.84,0
R002353,O013190,C0001497,88,defective,15.23,0
R002354,O013197,C0001498,142,not_as_described,16.18,0
R002355,O013208,C0001500,123,duplicate_order,24.75,0
R002356,O013234,C0001503,153,not_as_described,28.13,0
R002357,O013241,C0001504,86,size_fit,21.74,1
R002358,O013242,C0001504,108,changed_mind,32.22,1
R002359,O013243,C0001504,108,changed_mind,21.87,1
R002360,O013244,C0001504,113,changed_mind,58.13,1
R002361,O013249,C0001504,148,changed_mind,59.8,1
R002362,O013250,C0001504,147,changed_mind,12.36,1
R002363,O013252,C0001504,179,changed_mind,37.37,1
R002364,O013253,C0001504,193,changed_mind,18.64,1
R002365,O013260,C0001505,190,other,33.54,0
R002366,O013264,C0001506,137,duplicate_order,37.66,0
R002367,O013267,C0001506,150,defective,27.27,0
R002368,O013275,C0001507,75,other,53.49,0
R002369,O013279,C0001507,150,defective,27.27,0
R002370,O013283,C0001508,74,other,28.21,0
R002371,O013285,C0001508,68,defective,19.67,0
R002372,O013286,C0001508,90,not_as_described,14.56,0
R002373,O013288,C0001508,103,duplicate_order,21.24,0
R002374,O013290,C0001508,108,not_as_described,39.23,0
R002375,O013291,C0001508,165,other,8.46,0
R002376,O013292,C0001508,174,duplicate_order,40.32,0
R002377,O013297,C0001509,111,changed_mind,15.62,0
R002378,O013339,C0001513,170,not_as_described,40.35,0
R002379,O013340,C0001513,185,defective,10.8,0
R002380,O013350,C0001515,88,defective,33.54,1
R002381,O013351,C0001515,90,not_as_described,37.31,1
R002382,O013352,C0001515,100,defective,40.35,1
R002383,O013353,C0001515,105,not_as_described,26.82,1
R002384,O013355,C0001515,107,changed_mind,33.54,1
R002385,O013357,C0001515,119,changed_mind,53.15,1
R002386,O013359,C0001515,160,changed_mind,21.74,1
R002387,O013360,C0001515,175,changed_mind,18.89,1
R002388,O013361,C0001515,197,changed_mind,24.75,1
R002389,O013362,C0001515,202,defective,21.71,1
R002390,O013363,C0001515,205,changed_mind,16.89,1
R002391,O013366,C0001516,72,changed_mind,18.74,0
R002392,O013376,C0001517,114,changed_mind,23.18,1
R002393,O013378,C0001517,167,changed_mind,18.17,1
R002394,O013382,C0001518,122,not_as_described,21.92,0
R002395,O013385,C0001518,206,not_as_described,25.44,0
R002396,O013389,C0001519,18,other,12.65,1
R002397,O013391,C0001519,79,duplicate_order,9.99,1
R002398,O013393,C0001519,87,duplicate_order,13.22,1
R002399,O013394,C0001519,91,other,8.55,1
R002400,O013395,C0001519,124,changed_mind,22.4,1
R002401,O013397,C0001519,174,defective,23.26,1
R002402,O013417,C0001522,164,changed_mind,2.75,0
R002403,O013418,C0001522,162,not_as_described,47.6,0
R002404,O013425,C0001524,31,changed_mind,26.98,1
R002405,O013427,C0001524,102,changed_mind,23.65,1
R002406,O013428,C0001524,107,not_as_described,15.88,1
R002407,O013429,C0001524,106,changed_mind,20.66,1
R002408,O013430,C0001524,111,changed_mind,38.23,1
R002409,O013431,C0001524,118,changed_mind,59.8,1
R002410,O013433,C0001524,193,other,15.52,1
R002411,O013435,C0001525,99,duplicate_order,44.59,0
R002412,O013438,C0001525,156,not_as_described,19.22,0
R002413,O013447,C0001526,133,size_fit,21.48,0
R002414,O013453,C0001526,176,other,53.15,0
R002415,O013455,C0001526,209,not_as_described,20.35,0
R002416,O013457,C0001527,87,not_as_described,32.27,0
R002417,O013463,C0001527,198,changed_mind,17.94,0
R002418,O013468,C0001528,81,changed_mind,14.65,1
R002419,O013469,C0001528,119,changed_mind,16.89,1
R002420,O013471,C0001528,195,not_as_described,35.86,1
R002421,O013483,C0001529,200,other,30.39,0
R002422,O013489,C0001530,147,not_as_described,61.65,0
R002423,O013495,C0001531,93,changed_mind,21.87,1
R002424,O013497,C0001531,129,other,27.4,1
R002425,O013498,C0001531,150,changed_mind,24.51,1
R002426,O013499,C0001531,151,changed_mind,16.89,1
R002427,O013500,C0001531,154,not_as_described,32.07,1
R002428,O013502,C0001531,185,changed_mind,53.99,1
R002429,O013504,C0001532,82,changed_mind,16.57,1
R002430,O013505,C0001532,103,defective,29.62,1
R002431,O013509,C0001532,197,other,33.88,1
R002432,O013511,C0001533,56,size_fit,71.6,0
R002433,O013525,C0001534,181,changed_mind,24.12,0
R002434,O013527,C0001535,94,changed_mind,21.06,1
R002435,O013528,C0001535,94,duplicate_order,16.56,1
R002436,O013530,C0001535,145,changed_mind,21.87,1
R002437,O013531,C0001535,167,defective,14.94,1
R002438,O013533,C0001535,198,changed_mind,18.17,1
R002439,O013538,C0001536,102,changed_mind,5.27,0
R002440,O013545,C0001537,194,not_as_described,9.31,0
R002441,O013563,C0001540,127,defective,6.37,0
R002442,O013575,C0001542,61,duplicate_order,12.14,0
R002443,O013595,C0001544,192,defective,20.66,0
R002444,O013605,C0001545,196,size_fit,20.29,0
R002445,O013642,C0001550,34,duplicate_order,41.36,0
R002446,O013646,C0001550,92,size_fit,52.7,0
R002447,O013662,C0001552,122,other,24.35,0
R002448,O013674,C0001553,91,changed_mind,6.63,1
R002449,O013676,C0001553,147,changed_mind,24.75,1
R002450,O013680,C0001553,201,changed_mind,23.56,1
R002451,O013681,C0001553,202,not_as_described,18.74,1
R002452,O013682,C0001553,208,size_fit,7.43,1
R002453,O013694,C0001555,71,not_as_described,8.89,0
R002454,O013695,C0001555,65,defective,32.1,0
R002455,O013696,C0001555,95,size_fit,30.88,0
R002456,O013697,C0001555,108,other,73.86,0
R002457,O013698,C0001555,118,duplicate_order,18.35,0
R002458,O013700,C0001555,173,not_as_described,63.27,0
R002459,O013704,C0001556,60,changed_mind,44.0,1
R002460,O013705,C0001556,90,changed_mind,52.7,1
R002461,O013706,C0001556,90,changed_mind,18.74,1
R002462,O013711,C0001557,46,changed_mind,30.39,1
R002463,O013713,C0001557,105,changed_mind,19.51,1
R002464,O013716,C0001557,151,changed_mind,27.34,1
R002465,O013717,C0001557,175,changed_mind,29.12,1
R002466,O013718,C0001557,176,size_fit,40.22,1
R002467,O013736,C0001561,82,defective,12.65,0
R002468,O013738,C0001561,95,size_fit,62.73,0
R002469,O013758,C0001562,170,not_as_described,24.5,0
R002470,O013763,C0001563,85,changed_mind,5.27,1
R002471,O013764,C0001563,87,defective,7.67,1
R002472,O013767,C0001563,161,changed_mind,59.48,1
R002473,O013771,C0001563,209,size_fit,18.48,1
R002474,O013773,C0001564,106,not_as_described,19.67,0
R002475,O013797,C0001566,127,defective,12.97,0
R002476,O013810,C0001567,166,defective,4.14,0
R002477,O013816,C0001568,60,defective,18.83,0
R002478,O013843,C0001571,117,not_as_described,8.55,0
R002479,O013851,C0001572,149,defective,26.21,0
R002480,O013857,C0001572,194,other,19.22,0
R002481,O013865,C0001574,35,changed_mind,23.06,1
R002482,O013866,C0001574,38,changed_mind,13.83,1
R002483,O013868,C0001574,97,duplicate_order,39.78,1
R002484,O013869,C0001574,111,changed_mind,35.25,1
R002485,O013870,C0001574,123,changed_mind,23.26,1
R002486,O013873,C0001574,179,changed_mind,8.68,1
R002487,O013874,C0001574,203,changed_mind,28.21,1
R002488,O013875,C0001574,206,changed_mind,28.21,1
R002489,O013928,C0001581,203,duplicate_order,39.78,0
R002490,O013929,C0001582,97,not_as_described,6.1,1
R002491,O013930,C0001582,111,changed_mind,12.22,1
R002492,O013931,C0001582,114,size_fit,22.54,1
R002493,O013934,C0001582,166,duplicate_order,11.4,1
R002494,O013937,C0001582,193,size_fit,13.22,1
R002495,O013938,C0001582,196,not_as_described,23.42,1
R002496,O013964,C0001585,124,not_as_described,30.39,0
R002497,O013971,C0001586,117,changed_mind,22.4,1
R002498,O013976,C0001586,173,other,13.57,1
R002499,O013977,C0001586,171,duplicate_order,33.88,1
R002500,O013979,C0001587,73,not_as_described,62.73,1
R002501,O013980,C0001587,87,changed_mind,57.77,1
R002502,O013996,C0001588,131,size_fit,21.69,0
R002503,O014000,C0001588,206,defective,21.48,0
R002504,O014002,C0001588,209,not_as_described,53.15,0
R002505,O014029,C0001591,98,defective,47.16,1
R002506,O014032,C0001591,149,changed_mind,12.36,1
R002507,O014035,C0001591,167,changed_mind,15.68,1
R002508,O014036,C0001591,185,changed_mind,38.23,1
R002509,O014037,C0001591,196,changed_mind,23.39,1
R002510,O014051,C0001592,208,changed_mind,25.44,0
R002511,O014062,C0001593,191,size_fit,23.39,0
R002512,O014080,C0001595,99,other,53.49,0
R002513,O014086,C0001595,187,not_as_described,53.52,0
R002514,O014090,C0001596,143,changed_mind,21.72,1
R002515,O014091,C0001596,144,changed_mind,23.65,1
R002516,O014094,C0001596,153,changed_mind,20.29,1
R002517,O014096,C0001596,173,duplicate_order,79.54,1
R002518,O014097,C0001596,175,changed_mind,21.71,1
R002519,O014098,C0001596,178,changed_mind,41.36,1
R002520,O014099,C0001596,183,changed_mind,10.33,1
R002521,O014111,C0001598,60,duplicate_order,24.55,0
R002522,O014116,C0001598,209,duplicate_order,18.64,0
R002523,O014146,C0001602,205,changed_mind,21.19,0
R002524,O014170,C0001605,43,defective,27.05,0
R002525,O014172,C0001605,49,not_as_described,28.25,0
R002526,O014188,C0001607,107,duplicate_order,12.43,0
R002527,O014212,C0001610,112,size_fit,37.31,0
R002528,O014222,C0001611,139,size_fit,23.16,0
R002529,O014225,C0001611,154,defective,18.89,0
R002530,O014251,C0001615,31,changed_mind,9.38,1
R002531,O014253,C0001615,59,duplicate_order,23.55,1
R002532,O014255,C0001615,73,duplicate_order,20.95,1
R002533,O014256,C0001615,83,changed_mind,13.39,1
R002534,O014257,C0001615,99,not_as_described,39.23,1
R002535,O014258,C0001615,151,duplicate_order,33.94,1
R002536,O014261,C0001615,183,duplicate_order,10.75,1
R002537,O014263,C0001615,206,duplicate_order,37.31,1
R002538,O014269,C0001616,196,size_fit,20.7,0
R002539,O014276,C0001617,145,changed_mind,23.31,0
R002540,O014285,C0001618,85,duplicate_order,21.19,1
R002541,O014286,C0001618,110,changed_mind,53.52,1
R002542,O014302,C0001620,139,changed_mind,12.97,0
R002543,O014311,C0001621,145,defective,23.42,0
R002544,O014315,C0001621,181,size_fit,11.78,0
R002545,O014321,C0001622,67,other,47.64,0
R002546,O014333,C0001623,127,duplicate_order,31.18,0
R002547,O014339,C0001624,124,other,22.4,0
R002548,O014349,C0001626,64,changed_mind,40.56,0
R002549,O014363,C0001627,204,changed_mind,43.86,0
R002550,O014367,C0001628,166,size_fit,6.2,0
R002551,O014391,C0001631,141,changed_mind,9.62,1
R002552,O014397,C0001631,175,not_as_described,17.56,1
R002553,O014404,C0001631,209,defective,32.72,1
R002554,O014427,C0001635,89,other,23.65,0
R002555,O014429,C0001635,88,not_as_described,12.22,0
R002556,O014435,C0001635,161,duplicate_order,16.56,0
R002557,O014456,C0001637,117,duplicate_order,61.65,0
R002558,O014460,C0001637,171,duplicate_order,34.73,0
R002559,O014495,C0001642,92,size_fit,27.71,0
R002560,O014511,C0001644,127,not_as_described,41.36,0
R002561,O014523,C0001645,153,duplicate_order,9.45,0
R002562,O014530,C0001646,97,other,20.7,0
R002563,O014562,C0001650,66,changed_mind,12.36,1
R002564,O014563,C0001650,78,changed_mind,59.32,1
R002565,O014564,C0001650,83,other,30.09,1
R002566,O014581,C0001653,103,other,16.23,0
R002567,O014589,C0001654,85,changed_mind,15.23,1
R002568,O014590,C0001654,87,changed_mind,10.74,1
R002569,O014591,C0001654,90,duplicate_order,32.27,1
R002570,O014592,C0001654,98,duplicate_order,20.08,1
R002571,O014596,C0001654,201,other,22.4,1
R002572,O014600,C0001655,78,duplicate_order,41.05,0
R002573,O014602,C0001655,120,size_fit,10.08,0
R002574,O014603,C0001655,209,not_as_described,43.01,0
R002575,O014611,C0001657,42,size_fit,19.79,1
R002576,O014612,C0001657,47,other,28.59,1
R002577,O014613,C0001657,52,changed_mind,20.04,1
R002578,O014614,C0001657,83,changed_mind,14.98,1
R002579,O014615,C0001657,87,duplicate_order,19.63,1
R002580,O014616,C0001657,91,other,60.28,1
R002581,O014617,C0001657,92,defective,14.61,1
R002582,O014629,C0001659,92,changed_mind,58.13,1
R002583,O014632,C0001659,101,not_as_described,53.99,1
R002584,O014633,C0001659,105,changed_mind,26.09,1
R002585,O014634,C0001659,107,changed_mind,32.67,1
R002586,O014652,C0001661,109,defective,30.17,0
R002587,O014660,C0001661,160,changed_mind,22.03,0
R002588,O014686,C0001664,109,defective,23.42,1
R002589,O014693,C0001664,189,changed_mind,17.86,1
R002590,O014701,C0001666,61,other,21.62,1
R002591,O014703,C0001666,61,duplicate_order,8.92,1
R002592,O014705,C0001666,64,changed_mind,24.75,1
R002593,O014706,C0001666,93,other,24.01,1
R002594,O014708,C0001666,104,changed_mind,19.63,1
R002595,O014710,C0001666,112,changed_mind,27.27,1
R002596,O014714,C0001666,186,not_as_described,40.05,1
R002597,O014726,C0001668,78,other,18.32,0
R002598,O014730,C0001669,25,not_as_described,21.48,1
R002599,O014731,C0001669,56,changed_mind,29.66,1
R002600,O014734,C0001669,109,changed_mind,10.3,1
R002601,O014740,C0001669,201,defective,21.34,1
R002602,O014743,C0001670,37,other,20.29,0
R002603,O014752,C0001671,58,changed_mind,24.51,1
R002604,O014753,C0001671,60,not_as_described,10.3,1
R002605,O014755,C0001671,89,changed_mind,6.1,1
R002606,O014756,C0001671,107,changed_mind,9.45,1
R002607,O014787,C0001674,99,other,58.29,0
R002608,O014790,C0001675,67,duplicate_order,70.86,0
R002609,O014794,C0001675,209,changed_mind,10.8,0
R002610,O014806,C0001677,159,not_as_described,20.35,0
R002611,O014816,C0001678,140,duplicate_order,16.89,0
R002612,O014826,C0001680,17,changed_mind,39.78,1
R002613,O014828,C0001680,72,changed_mind,21.06,1
R002614,O014831,C0001680,93,changed_mind,12.59,1
R002615,O014833,C0001680,123,changed_mind,8.92,1
R002616,O014835,C0001680,151,size_fit,28.9,1
R002617,O014837,C0001680,191,changed_mind,38.23,1
R002618,O014842,C0001681,110,changed_mind,11.11,0
R002619,O014849,C0001682,49,size_fit,38.46,0
R002620,O014852,C0001682,131,other,71.6,0
R002621,O014854,C0001682,160,not_as_described,23.39,0
R002622,O014858,C0001682,197,changed_mind,15.88,0
R002623,O014861,C0001683,17,changed_mind,63.27,1
R002624,O014862,C0001683,64,changed_mind,18.32,1
R002625,O014863,C0001683,79,changed_mind,33.72,1
R002626,O014864,C0001683,97,changed_mind,23.39,1
R002627,O014865,C0001683,108,changed_mind,36.1,1
R002628,O014875,C0001685,98,changed_mind,19.03,0
R002629,O014882,C0001686,97,duplicate_order,49.54,0
R002630,O014895,C0001688,129,not_as_described,59.48,0
R002631,O014898,C0001688,202,changed_mind,9.72,0
R002632,O014923,C0001691,196,size_fit,60.28,0
R002633,O014946,C0001695,80,other,40.22,0
R002634,O014950,C0001695,143,defective,11.76,0
R002635,O014957,C0001696,128,changed_mind,40.56,1
R002636,O014963,C0001697,170,defective,14.56,0
R002637,O014977,C0001698,143,not_as_described,12.97,0
R002638,O014979,C0001698,178,not_as_described,23.55,0
R002639,O014994,C0001699,205,not_as_described,9.38,0
R002640,O014995,C0001699,209,size_fit,86.13,0
R002641,O015005,C0001701,90,not_as_described,28.13,0
R002642,O015016,C0001702,183,changed_mind,39.12,0
R002643,O015018,C0001703,45,changed_mind,26.65,1
R002644,O015019,C0001703,72,changed_mind,55.27,1
R002645,O015020,C0001703,77,changed_mind,25.3,1
R002646,O015025,C0001703,206,changed_mind,19.03,1
R002647,O015026,C0001703,204,size_fit,10.56,1
R002648,O015030,C0001704,125,duplicate_order,28.05,0
R002649,O015035,C0001705,43,other,19.48,1
R002650,O015036,C0001705,77,changed_mind,10.3,1
R002651,O015042,C0001705,176,changed_mind,59.32,1
R002652,O015043,C0001705,181,other,15.64,1
R002653,O015044,C0001705,186,changed_mind,23.3,1
R002654,O015045,C0001705,199,changed_mind,17.52,1
R002655,O015046,C0001705,209,changed_mind,27.95,1
R002656,O015085,C0001711,86,defective,31.02,1
R002657,O015095,C0001712,119,changed_mind,23.06,1
R002658,O015096,C0001712,135,changed_mind,18.32,1
R002659,O015098,C0001712,137,changed_mind,35.46,1
R002660,O015099,C0001712,138,not_as_described,19.98,1
R002661,O015101,C0001712,147,changed_mind,21.34,1
R002662,O015102,C0001712,154,changed_mind,15.23,1
R002663,O015103,C0001712,157,changed_mind,21.74,1
R002664,O015104,C0001712,161,changed_mind,24.96,1
R002665,O015105,C0001712,171,other,13.3,1
R002666,O015106,C0001712,174,changed_mind,76.94,1
R002667,O015128,C0001716,109,changed_mind,39.12,1
R002668,O015144,C0001718,106,not_as_described,41.36,0
R002669,O015153,C0001719,97,duplicate_order,41.36,0
R002670,O015154,C0001719,109,size_fit,26.82,0
R002671,O015164,C0001720,134,not_as_described,28.74,0
R002672,O015176,C0001722,22,changed_mind,19.13,1
R002673,O015177,C0001722,31,size_fit,9.11,1
R002674,O015178,C0001722,34,changed_mind,35.96,1
R002675,O015179,C0001722,41,changed_mind,21.71,1
R002676,O015181,C0001722,51,changed_mind,27.05,1
R002677,O015186,C0001722,92,changed_mind,60.28,1
R002678,O015194,C0001723,66,duplicate_order,27.95,0
R002679,O015203,C0001724,111,changed_mind,31.84,1
R002680,O015206,C0001724,142,changed_mind,35.96,1
R002681,O015210,C0001724,209,not_as_described,13.3,1
R002682,O015222,C0001725,209,not_as_described,27.99,0
R002683,O015231,C0001726,202,changed_mind,25.02,0
R002684,O015254,C0001730,75,size_fit,12.7,0
R002685,O015255,C0001730,115,size_fit,33.54,0
R002686,O015259,C0001730,188,defective,33.72,0
R002687,O015260,C0001730,199,changed_mind,21.62,0
R002688,O015262,C0001730,197,changed_mind,52.7,0
R002689,O015271,C0001732,65,duplicate_order,9.77,0
R002690,O015272,C0001732,89,duplicate_order,15.72,0
R002691,O015306,C0001735,195,defective,12.65,0
R002692,O015309,C0001736,81,defective,19.24,1
R002693,O015310,C0001736,103,changed_mind,23.55,1
R002694,O015317,C0001737,135,other,43.86,0
R002695,O015319,C0001737,151,changed_mind,32.07,0
R002696,O015330,C0001738,54,changed_mind,21.08,1
R002697,O015332,C0001738,65,not_as_described,20.02,1
R002698,O015337,C0001738,120,changed_mind,9.72,1
R002699,O015339,C0001738,146,changed_mind,13.39,1
R002700,O015341,C0001738,173,changed_mind,10.3,1
R002701,O015342,C0001738,184,not_as_described,12.59,1
R002702,O015378,C0001742,65,other,25.11,1
R002703,O015379,C0001742,86,changed_mind,19.48,1
R002704,O015382,C0001742,145,not_as_described,24.74,1
R002705,O015383,C0001742,185,changed_mind,18.48,1
R002706,O015387,C0001742,207,changed_mind,165.23,1
R002707,O015389,C0001743,41,duplicate_order,33.72,0
R002708,O015403,C0001745,113,defective,15.23,0
R002709,O015409,C0001746,133,other,15.61,0
R002710,O015411,C0001746,173,other,25.3,0
R002711,O015413,C0001746,203,size_fit,51.92,0
R002712,O015433,C0001749,155,defective,42.32,0
R002713,O015450,C0001752,43,size_fit,17.52,0
R002714,O015451,C0001752,53,other,22.76,0
R002715,O015458,C0001753,146,not_as_described,14.98,0
R002716,O015471,C0001754,159,changed_mind,23.31,1
R002717,O015472,C0001754,170,changed_mind,13.57,1
R002718,O015473,C0001754,174,changed_mind,83.18,1
R002719,O015476,C0001754,187,changed_mind,26.65,1
R002720,O015477,C0001754,199,duplicate_order,20.66,1
R002721,O015481,C0001755,175,not_as_described,27.71,0
R002722,O015482,C0001755,209,other,20.5,0
R002723,O015492,C0001756,155,duplicate_order,23.39,0
R002724,O015494,C0001756,184,defective,7.67,0
R002725,O015498,C0001757,58,size_fit,26.09,0
R002726,O015502,C0001757,165,other,25.3,0
R002727,O015512,C0001758,79,defective,15.99,0
R002728,O015517,C0001759,59,changed_mind,37.02,0
R002729,O015528,C0001761,83,other,14.84,1
R002730,O015529,C0001761,89,changed_mind,10.74,1
R002731,O015530,C0001761,95,changed_mind,27.4,1
R002732,O015531,C0001761,99,changed_mind,10.56,1
R002733,O015536,C0001761,209,changed_mind,32.67,1
R002734,O015539,C0001762,61,not_as_described,40.05,0
R002735,O015547,C0001763,93,changed_mind,16.71,1
R002736,O015549,C0001763,125,changed_mind,21.34,1
R002737,O015550,C0001763,140,changed_mind,17.56,1
R002738,O015553,C0001763,194,size_fit,10.7,1
R002739,O015554,C0001763,201,other,6.1,1
R002740,O015556,C0001764,49,defective,20.66,0
R002741,O015566,C0001765,108,not_as_described,30.25,0
R002742,O015582,C0001766,165,size_fit,25.44,0
R002743,O015589,C0001767,126,not_as_described,21.71,0
R002744,O015607,C0001770,188,not_as_described,44.0,0
R002745,O015617,C0001772,75,defective,10.7,0
R002746,O015622,C0001772,177,size_fit,21.07,0
R002747,O015631,C0001774,19,changed_mind,6.37,1
R002748,O015638,C0001774,92,changed_mind,38.23,1
R002749,O015639,C0001774,118,changed_mind,15.37,1
R002750,O015641,C0001774,141,changed_mind,13.56,1
R002751,O015644,C0001774,182,changed_mind,58.29,1
R002752,O015645,C0001774,196,not_as_described,9.38,1
R002753,O015646,C0001775,53,changed_mind,27.71,0
R002754,O015654,C0001775,209,changed_mind,21.07,0
R002755,O015670,C0001777,79,defective,74.34,0
R002756,O015681,C0001778,177,not_as_described,9.45,0
R002757,O015683,C0001778,209,other,9.31,0
R002758,O015685,C0001779,103,changed_mind,15.06,1
R002759,O015691,C0001780,46,changed_mind,16.57,0
R002760,O015695,C0001780,107,size_fit,14.94,0
R002761,O015697,C0001780,143,changed_mind,9.77,0
R002762,O015699,C0001781,59,not_as_described,26.82,0
R002763,O015723,C0001785,137,not_as_described,24.01,0
R002764,O015737,C0001787,80,not_as_described,38.23,0
R002765,O015738,C0001787,88,other,14.65,0
R002766,O015748,C0001789,59,size_fit,14.39,0
R002767,O015756,C0001789,164,defective,30.08,0
R002768,O015761,C0001790,108,changed_mind,17.25,1
R002769,O015762,C0001790,116,changed_mind,57.77,1
R002770,O015763,C0001790,131,changed_mind,21.48,1
R002771,O015764,C0001790,129,defective,19.67,1
R002772,O015767,C0001790,189,changed_mind,24.74,1
R002773,O015773,C0001791,166,defective,12.97,0
R002774,O015795,C0001794,51,not_as_described,12.59,0
R002775,O015821,C0001797,169,not_as_described,21.87,1
R002776,O015824,C0001797,209,defective,29.0,1
R002777,O015829,C0001798,69,duplicate_order,25.44,0
R002778,O015842,C0001798,198,changed_mind,21.92,0
R002779,O015844,C0001798,209,duplicate_order,21.92,0
R002780,O015848,C0001798,206,changed_mind,21.92,0
R002781,O015868,C0001802,208,not_as_described,37.37,0
R002782,O015869,C0001802,209,changed_mind,9.45,0
R002783,O015879,C0001804,116,changed_mind,36.57,1
R002784,O015886,C0001805,79,defective,28.96,0
R002785,O015902,C0001807,134,duplicate_order,9.77,0
R002786,O015905,C0001807,149,size_fit,165.23,0
R002787,O015913,C0001808,49,changed_mind,12.7,1
R002788,O015914,C0001808,52,changed_mind,34.09,1
R002789,O015915,C0001808,55,changed_mind,20.95,1
R002790,O015916,C0001808,99,defective,16.57,1
R002791,O015928,C0001809,14,not_as_described,8.92,0
R002792,O015937,C0001810,129,not_as_described,24.74,0
R002793,O015945,C0001811,52,changed_mind,9.38,1
R002794,O015946,C0001811,82,changed_mind,18.17,1
R002795,O015947,C0001811,92,changed_mind,10.48,1
R002796,O015950,C0001811,132,defective,13.57,1
R002797,O015952,C0001811,163,other,32.27,1
R002798,O015953,C0001811,156,changed_mind,31.57,1
R002799,O015967,C0001813,95,changed_mind,7.94,1
R002800,O015969,C0001813,115,duplicate_order,83.18,1
R002801,O015970,C0001813,135,defective,33.54,1
R002802,O015971,C0001813,167,size_fit,18.35,1
R002803,O015972,C0001813,180,changed_mind,32.22,1
R002804,O015973,C0001813,187,changed_mind,18.32,1
R002805,O015974,C0001813,209,changed_mind,24.51,1
R002806,O015989,C0001816,165,changed_mind,45.94,0
R002807,O015994,C0001816,193,duplicate_order,59.8,0
R002808,O016002,C0001817,117,size_fit,26.65,0
R002809,O016014,C0001818,159,changed_mind,2.75,0
R002810,O016022,C0001819,146,other,32.07,0
R002811,O016031,C0001819,203,not_as_described,21.24,0
R002812,O016034,C0001820,61,changed_mind,21.9,0
R002813,O016048,C0001821,191,other,42.88,0
R002814,O016062,C0001823,102,changed_mind,24.99,0
R002815,O016064,C0001823,144,duplicate_order,54.18,0
R002816,O016072,C0001825,110,size_fit,8.92,0
R002817,O016078,C0001826,40,changed_mind,58.13,1
R002818,O016080,C0001826,87,changed_mind,7.67,1
R002819,O016081,C0001826,102,changed_mind,10.48,1
R002820,O016082,C0001826,104,changed_mind,20.5,1
R002821,O016083,C0001826,110,changed_mind,18.63,1
R002822,O016084,C0001826,125,changed_mind,88.02,1
R002823,O016085,C0001826,128,other,19.16,1
R002824,O016086,C0001826,128,changed_mind,28.21,1
R002825,O016088,C0001826,160,not_as_described,45.94,1
R002826,O016096,C0001827,209,changed_mind,21.92,0
R002827,O016098,C0001828,34,other,24.55,0
R002828,O016123,C0001830,161,other,21.62,0
R002829,O016145,C0001832,92,other,23.56,0
R002830,O016156,C0001833,130,size_fit,31.93,0
R002831,O016163,C0001834,84,defective,73.86,1
R002832,O016164,C0001834,96,changed_mind,33.54,1
R002833,O016166,C0001834,100,changed_mind,32.27,1
R002834,O016167,C0001834,115,changed_mind,31.85,1
R002835,O016168,C0001834,118,changed_mind,27.05,1
R002836,O016177,C0001835,11,duplicate_order,21.34,1
R002837,O016178,C0001835,14,changed_mind,15.61,1
R002838,O016179,C0001835,61,changed_mind,45.94,1
R002839,O016180,C0001835,64,changed_mind,25.33,1
R002840,O016181,C0001835,87,changed_mind,9.11,1
R002841,O016182,C0001835,106,changed_mind,24.75,1
R002842,O016183,C0001835,137,changed_mind,19.48,1
R002843,O016184,C0001835,161,changed_mind,11.76,1
R002844,O016185,C0001835,161,changed_mind,53.52,1
R002845,O016189,C0001835,188,changed_mind,13.56,1
R002846,O016191,C0001836,83,size_fit,22.76,0
R002847,O016195,C0001836,81,other,19.22,0
R002848,O016197,C0001836,112,not_as_described,55.83,0
R002849,O016202,C0001836,140,size_fit,8.89,0
R002850,O016204,C0001836,161,size_fit,40.65,0
R002851,O016206,C0001836,180,defective,24.51,0
R002852,O016207,C0001836,194,not_as_described,14.61,0
R002853,O016208,C0001837,90,changed_mind,23.16,1
R002854,O016211,C0001837,209,other,47.64,1
R002855,O016222,C0001840,87,not_as_described,15.23,0
R002856,O016233,C0001841,94,duplicate_order,18.83,0
R002857,O016236,C0001841,145,other,22.54,0
R002858,O016267,C0001844,47,other,10.3,0
R002859,O016275,C0001845,120,duplicate_order,14.7,0
R002860,O016279,C0001846,97,size_fit,14.61,0
R002861,O016281,C0001846,120,duplicate_order,23.18,0
R002862,O016282,C0001846,168,size_fit,5.27,0
R002863,O016284,C0001847,108,changed_mind,18.74,0
R002864,O016286,C0001847,126,duplicate_order,6.2,0
R002865,O016291,C0001847,151,other,17.86,0
R002866,O016295,C0001847,208,other,14.65,0
R002867,O016297,C0001847,209,defective,26.82,0
R002868,O016319,C0001849,209,changed_mind,42.32,0
R002869,O016333,C0001851,157,defective,30.91,0
R002870,O016340,C0001852,79,changed_mind,13.1,1
R002871,O016343,C0001852,122,changed_mind,40.98,1
R002872,O016349,C0001852,209,defective,21.92,1
R002873,O016350,C0001852,209,defective,4.14,1
R002874,O016351,C0001853,5,changed_mind,34.09,1
R002875,O016354,C0001853,65,changed_mind,58.13,1
R002876,O016356,C0001853,119,not_as_described,23.18,1
R002877,O016357,C0001853,147,changed_mind,12.7,1
R002878,O016359,C0001854,32,changed_mind,24.01,1
R002879,O016361,C0001854,52,changed_mind,15.62,1
R002880,O016365,C0001855,90,other,15.61,1
R002881,O016367,C0001855,163,changed_mind,7.94,1
R002882,O016369,C0001855,187,size_fit,27.71,1
R002883,O016370,C0001855,197,defective,27.34,1
R002884,O016371,C0001855,201,changed_mind,17.25,1
R002885,O016380,C0001856,183,defective,21.72,1
R002886,O016383,C0001856,209,changed_mind,23.2,1
R002887,O016388,C0001857,155,not_as_described,6.35,0
R002888,O016397,C0001858,75,defective,47.6,0
R002889,O016413,C0001860,155,size_fit,26.65,0
R002890,O016432,C0001863,101,defective,20.66,1
R002891,O016433,C0001863,163,defective,13.39,1
R002892,O016437,C0001863,183,size_fit,40.32,1
R002893,O016446,C0001864,209,not_as_described,21.69,0
R002894,O016448,C0001865,112,defective,40.65,1
R002895,O016453,C0001865,185,size_fit,6.37,1
R002896,O016454,C0001866,69,other,47.6,0
R002897,O016458,C0001866,167,defective,2.75,0
R002898,O016459,C0001866,178,size_fit,44.0,0
R002899,O016460,C0001866,209,size_fit,38.62,0
R002900,O016461,C0001866,204,other,55.27,0
R002901,O016490,C0001871,101,not_as_described,21.48,0
R002902,O016496,C0001872,51,size_fit,10.33,1
R002903,O016499,C0001872,103,not_as_described,62.73,1
R002904,O016518,C0001875,80,size_fit,14.94,0
R002905,O016519,C0001875,84,defective,38.86,0
R002906,O016521,C0001875,109,size_fit,21.24,0
R002907,O016529,C0001876,141,defective,28.05,0
R002908,O016544,C0001879,81,defective,17.21,0
R002909,O016552,C0001880,71,changed_mind,79.54,0
R002910,O016557,C0001880,112,duplicate_order,19.22,0
R002911,O016581,C0001883,163,not_as_described,16.89,0
R002912,O016593,C0001884,191,size_fit,14.56,0
R002913,O016609,C0001886,108,not_as_described,24.51,0
R002914,O016629,C0001888,200,changed_mind,17.42,0
R002915,O016634,C0001889,141,size_fit,21.38,0
R002916,O016658,C0001892,209,other,20.35,1
R002917,O016670,C0001894,77,changed_mind,60.28,1
R002918,O016672,C0001894,97,defective,27.61,1
R002919,O016685,C0001895,185,changed_mind,16.71,0
R002920,O016693,C0001896,139,duplicate_order,39.12,0
R002921,O016699,C0001897,84,duplicate_order,54.18,0
R002922,O016703,C0001897,141,defective,45.94,0
R002923,O016706,C0001897,163,duplicate_order,17.42,0
R002924,O016711,C0001897,193,defective,47.64,0
R002925,O016719,C0001898,186,defective,27.85,0
R002926,O016720,C0001899,55,duplicate_order,59.48,1
R002927,O016721,C0001899,99,changed_mind,23.26,1
R002928,O016725,C0001899,141,defective,14.39,1
R002929,O016727,C0001899,146,changed_mind,32.1,1
R002930,O016728,C0001899,190,changed_mind,59.89,1
R002931,O016729,C0001899,194,changed_mind,27.61,1
R002932,O016730,C0001899,197,changed_mind,35.96,1
R002933,O016733,C0001900,88,changed_mind,17.86,0
R002934,O016740,C0001900,195,changed_mind,30.01,0
R002935,O016746,C0001901,133,size_fit,14.64,0
R002936,O016749,C0001901,174,duplicate_order,22.66,0
R002937,O016753,C0001901,209,defective,18.89,0
R002938,O016761,C0001902,195,size_fit,23.18,0
R002939,O016762,C0001902,208,defective,37.37,0
R002940,O016767,C0001903,102,size_fit,17.21,0
R002941,O016768,C0001903,106,not_as_described,10.74,0
R002942,O016782,C0001905,93,changed_mind,10.33,1
R002943,O016783,C0001905,107,defective,33.72,1
R002944,O016784,C0001905,118,duplicate_order,20.5,1
R002945,O016791,C0001906,89,other,6.1,0
R002946,O016794,C0001907,91,changed_mind,12.14,1
R002947,O016795,C0001907,138,changed_mind,12.7,1
R002948,O016796,C0001907,150,size_fit,29.62,1
R002949,O016799,C0001908,105,defective,23.31,0
R002950,O016800,C0001908,107,not_as_described,75.89,0
R002951,O016815,C0001909,167,not_as_described,12.97,0
R002952,O016823,C0001910,50,size_fit,51.92,0
R002953,O016832,C0001910,197,not_as_described,23.55,0
R002954,O016837,C0001911,78,not_as_described,37.32,1
R002955,O016842,C0001911,121,defective,6.2,1
R002956,O016843,C0001911,121,changed_mind,15.68,1
R002957,O016847,C0001911,167,size_fit,12.97,1
R002958,O016850,C0001911,195,changed_mind,35.57,1
R002959,O016859,C0001912,208,changed_mind,17.94,0
R002960,O016873,C0001914,137,defective,21.38,0
R002961,O016875,C0001915,68,other,44.59,0
R002962,O016879,C0001915,179,size_fit,12.43,0
R002963,O016883,C0001916,133,other,4.14,0
R002964,O016901,C0001919,91,not_as_described,42.88,0
R002965,O016911,C0001920,150,changed_mind,14.39,0
R002966,O016914,C0001921,85,changed_mind,22.4,1
R002967,O016915,C0001921,120,other,75.89,1
R002968,O016920,C0001922,108,defective,22.54,0
R002969,O016928,C0001922,190,duplicate_order,6.2,0
R002970,O016930,C0001923,33,changed_mind,22.55,1
R002971,O016932,C0001923,80,changed_mind,27.71,1
R002972,O016940,C0001923,191,not_as_described,12.7,1
R002973,O016943,C0001924,50,changed_mind,35.95,1
R002974,O016947,C0001924,100,size_fit,79.54,1
R002975,O016948,C0001924,110,changed_mind,20.66,1
R002976,O016950,C0001924,164,not_as_described,83.18,1
R002977,O016955,C0001925,87,duplicate_order,16.16,0
R002978,O016956,C0001925,120,not_as_described,83.18,0
R002979,O016963,C0001926,70,changed_mind,23.31,0
R002980,O016965,C0001926,96,size_fit,20.29,0
R002981,O016978,C0001927,148,not_as_described,26.72,0
R002982,O017004,C0001930,67,defective,26.82,0
R002983,O017016,C0001931,188,other,9.77,0
R002984,O017018,C0001932,127,other,5.83,0
R002985,O017024,C0001933,48,changed_mind,28.74,1
R002986,O017025,C0001933,51,changed_mind,37.37,1
R002987,O017026,C0001933,81,changed_mind,11.11,1
R002988,O017028,C0001933,99,changed_mind,35.96,1
R002989,O017034,C0001934,138,not_as_described,27.05,0
R002990,O017039,C0001934,209,other,18.64,0
R002991,O017058,C0001936,131,changed_mind,10.74,1
R002992,O017063,C0001936,198,changed_mind,27.99,1
R002993,O017080,C0001938,195,not_as_described,14.94,0
R002994,O017083,C0001939,53,other,44.0,1
R002995,O017084,C0001939,57,changed_mind,13.39,1
R002996,O017088,C0001939,171,changed_mind,29.58,1
R002997,O017091,C0001939,200,changed_mind,25.33,1
R002998,O017093,C0001940,73,defective,19.67,0
R002999,O017102,C0001940,209,changed_mind,54.18,0
R003000,O017117,C0001943,68,defective,18.48,1
R003001,O017119,C0001943,102,changed_mind,58.29,1
R003002,O017121,C0001943,118,changed_mind,29.96,1
R003003,O017132,C0001945,98,other,15.99,0
R003004,O017134,C0001945,145,other,17.56,0
R003005,O017135,C0001945,156,duplicate_order,9.99,0
R003006,O017142,C0001946,152,defective,19.98,0
R003007,O017143,C0001946,180,size_fit,18.48,0
R003008,O017167,C0001949,103,duplicate_order,13.39,0
R003009,O017170,C0001949,127,duplicate_order,25.48,0
R003010,O017172,C0001949,131,duplicate_order,5.83,0
R003011,O017174,C0001949,161,other,29.57,0
R003012,O017177,C0001950,77,changed_mind,21.69,1
R003013,O017178,C0001950,93,changed_mind,31.84,1
R003014,O017179,C0001950,96,changed_mind,88.02,1
R003015,O017180,C0001950,100,not_as_described,38.23,1
R003016,O017183,C0001950,156,size_fit,28.36,1
R003017,O017184,C0001950,159,defective,83.18,1
R003018,O017185,C0001950,160,changed_mind,15.63,1
R003019,O017186,C0001950,167,defective,6.2,1
R003020,O017194,C0001952,59,size_fit,32.22,0
R003021,O017201,C0001952,169,size_fit,28.25,0
R003022,O017202,C0001952,177,size_fit,29.96,0
R003023,O017217,C0001954,181,not_as_described,40.65,0
R003024,O017232,C0001955,198,duplicate_order,55.83,0
R003025,O017238,C0001956,150,defective,26.65,0
R003026,O017261,C0001959,209,duplicate_order,12.22,0
R003027,O017264,C0001960,93,other,28.59,0
R003028,O017277,C0001962,66,not_as_described,14.84,1
R003029,O017279,C0001962,89,changed_mind,18.35,1
R003030,O017280,C0001962,91,other,62.73,1
R003031,O017287,C0001962,174,duplicate_order,25.11,1
R003032,O017293,C0001962,205,size_fit,29.66,1
R003033,O017294,C0001962,209,size_fit,48.43,1
R003034,O017307,C0001964,90,changed_mind,30.39,1
R003035,O017314,C0001965,103,other,58.29,1
R003036,O017315,C0001965,107,size_fit,14.84,1
R003037,O017317,C0001965,125,not_as_described,39.78,1
R003038,O017325,C0001966,69,changed_mind,30.04,0
R003039,O017331,C0001966,110,changed_mind,19.13,0
R003040,O017335,C0001967,99,other,27.27,1
R003041,O017336,C0001967,108,changed_mind,19.16,1
R003042,O017338,C0001967,119,changed_mind,23.31,1
R003043,O017341,C0001967,172,size_fit,25.79,1
R003044,O017364,C0001971,208,duplicate_order,13.71,0
R003045,O017379,C0001973,111,not_as_described,16.23,0
R003046,O017403,C0001976,126,not_as_described,17.17,0
R003047,O017432,C0001979,117,defective,20.82,0
R003048,O017435,C0001979,122,defective,9.45,0
R003049,O017458,C0001983,131,size_fit,42.88,0
R003050,O017461,C0001984,40,changed_mind,45.04,1
R003051,O017466,C0001985,116,defective,14.39,0
R003052,O017471,C0001985,186,other,34.09,0
R003053,O017493,C0001988,40,changed_mind,21.62,1
R003054,O017494,C0001988,68,changed_mind,21.03,1
R003055,O017496,C0001988,86,changed_mind,32.67,1
R003056,O017497,C0001988,104,size_fit,39.78,1
R003057,O017498,C0001988,121,other,9.38,1
R003058,O017499,C0001988,124,changed_mind,8.92,1
R003059,O017500,C0001988,146,changed_mind,22.55,1
R003060,O017501,C0001988,163,changed_mind,35.96,1
R003061,O017502,C0001988,170,changed_mind,30.39,1
R003062,O017503,C0001988,188,defective,30.25,1
R003063,O017507,C0001989,150,size_fit,34.09,0
R003064,O017572,C0001998,176,duplicate_order,13.55,0
R003065,O017576,C0001999,88,defective,18.17,1
R003066,O017578,C0001999,96,size_fit,25.02,1
R003067,O017580,C0001999,104,not_as_described,21.62,1
R003068,O017581,C0001999,108,duplicate_order,11.11,1
R003069,O017589,C0002000,137,duplicate_order,62.73,0
R003070,O017618,C0002003,63,changed_mind,38.23,1
R003071,O017619,C0002003,70,changed_mind,24.7,1
R003072,O017621,C0002003,114,changed_mind,9.99,1
R003073,O017623,C0002003,144,changed_mind,7.67,1
R003074,O017624,C0002003,146,changed_mind,21.92,1
R003075,O017626,C0002003,191,changed_mind,19.98,1
R003076,O017627,C0002004,143,not_as_described,30.91,0
R003077,O017635,C0002005,79,size_fit,18.48,1
R003078,O017675,C0002010,58,duplicate_order,12.26,1
R003079,O017676,C0002010,64,changed_mind,19.22,1
R003080,O017678,C0002010,89,changed_mind,10.3,1
R003081,O017679,C0002010,97,defective,23.3,1
R003082,O017680,C0002010,109,changed_mind,44.59,1
R003083,O017681,C0002010,111,changed_mind,5.47,1
R003084,O017683,C0002010,134,other,18.74,1
R003085,O017685,C0002010,168,other,12.14,1
R003086,O017688,C0002011,65,changed_mind,26.09,1
R003087,O017689,C0002011,73,changed_mind,13.55,1
R003088,O017690,C0002011,93,changed_mind,15.06,1
R003089,O017691,C0002011,98,changed_mind,43.86,1
R003090,O017692,C0002011,125,changed_mind,20.86,1
R003091,O017693,C0002011,125,not_as_described,6.1,1
R003092,O017694,C0002011,140,changed_mind,18.63,1
R003093,O017695,C0002011,145,changed_mind,18.74,1
R003094,O017696,C0002011,180,changed_mind,13.66,1
R003095,O017700,C0002012,103,size_fit,11.11,0
R003096,O017707,C0002013,66,changed_mind,14.56,1
R003097,O017711,C0002013,180,size_fit,21.9,1
R003098,O017712,C0002013,183,size_fit,15.61,1
R003099,O017724,C0002015,101,not_as_described,20.66,0
R003100,O017730,C0002016,131,defective,21.87,0
R003101,O017731,C0002016,144,duplicate_order,41.98,0
R003102,O017745,C0002018,99,changed_mind,26.65,1
R003103,O017746,C0002018,119,duplicate_order,28.96,1
R003104,O017748,C0002018,157,changed_mind,21.34,1
R003105,O017749,C0002018,166,changed_mind,42.88,1
R003106,O017750,C0002018,188,changed_mind,21.07,1
R003107,O017752,C0002019,84,changed_mind,24.99,0
R003108,O017754,C0002019,107,not_as_described,79.54,0
R003109,O017785,C0002022,133,changed_mind,14.39,0
R003110,O017795,C0002023,188,other,18.63,0
R003111,O017825,C0002027,193,other,11.76,0
R003112,O017842,C0002030,106,duplicate_order,32.72,0
R003113,O017852,C0002030,199,not_as_described,30.88,0
R003114,O017855,C0002031,102,changed_mind,58.08,1
R003115,O017858,C0002031,175,defective,7.67,1
R003116,O017866,C0002033,52,defective,39.12,1
R003117,O017868,C0002033,71,changed_mind,21.74,1
R003118,O017870,C0002033,88,changed_mind,22.54,1
R003119,O017874,C0002033,157,other,30.88,1
R003120,O017875,C0002033,163,not_as_described,42.82,1
R003121,O017878,C0002034,20,duplicate_order,25.44,0
R003122,O017880,C0002034,77,not_as_described,35.25,0
R003123,O017911,C0002037,111,defective,74.34,0
R003124,O017916,C0002037,175,not_as_described,12.6,0
R003125,O017919,C0002037,198,duplicate_order,79.09,0
R003126,O017921,C0002037,199,duplicate_order,5.27,0
R003127,O017924,C0002038,85,size_fit,40.65,1
R003128,O017925,C0002038,109,changed_mind,13.66,1
R003129,O017927,C0002038,117,changed_mind,27.61,1
R003130,O017928,C0002038,123,changed_mind,7.43,1
R003131,O017929,C0002038,124,size_fit,26.65,1
R003132,O017930,C0002038,168,changed_mind,41.36,1
R003133,O017932,C0002038,183,changed_mind,23.55,1
R003134,O017973,C0002043,142,size_fit,12.97,0
R003135,O017976,C0002043,190,duplicate_order,21.19,0
R003136,O017979,C0002044,52,changed_mind,18.48,0
R003137,O017983,C0002045,121,defective,47.64,0
R003138,O017988,C0002045,204,changed_mind,21.07,0
R003139,O017995,C0002046,161,size_fit,19.13,0
R003140,O017997,C0002047,91,duplicate_order,6.63,0
R003141,O018010,C0002048,95,not_as_described,7.94,0
R003142,O018013,C0002048,154,other,16.23,0
R003143,O018028,C0002050,209,duplicate_order,26.65,0
R003144,O018032,C0002051,147,duplicate_order,11.76,0
R003145,O018048,C0002053,120,size_fit,9.99,0
R003146,O018054,C0002054,42,changed_mind,38.03,0
R003147,O018057,C0002054,68,other,11.11,0
R003148,O018058,C0002054,75,changed_mind,18.48,0
R003149,O018059,C0002054,95,not_as_described,14.84,0
R003150,O018061,C0002054,132,duplicate_order,19.79,0
R003151,O018063,C0002054,157,defective,40.65,0
R003152,O018064,C0002054,177,size_fit,15.23,0
R003153,O018066,C0002054,199,not_as_described,24.7,0
R003154,O018069,C0002055,28,changed_mind,9.45,0
R003155,O018076,C0002055,194,not_as_described,25.11,0
R003156,O018078,C0002056,136,not_as_described,22.66,0
R003157,O018079,C0002056,150,size_fit,10.74,0
R003158,O018095,C0002058,116,changed_mind,13.3,1
R003159,O018104,C0002059,104,changed_mind,19.22,0
R003160,O018106,C0002059,134,duplicate_order,5.47,0
R003161,O018107,C0002059,132,changed_mind,62.73,0
R003162,O018109,C0002059,209,not_as_described,25.33,0
R003163,O018122,C0002060,209,other,18.18,0
R003164,O018135,C0002063,89,other,61.65,1
R003165,O018164,C0002067,102,not_as_described,17.52,0
R003166,O018171,C0002067,143,changed_mind,15.88,0
R003167,O018173,C0002067,169,duplicate_order,12.6,0
R003168,O018180,C0002067,202,defective,9.11,0
R003169,O018183,C0002068,122,other,28.05,0
R003170,O018225,C0002073,52,changed_mind,31.02,1
R003171,O018227,C0002073,100,duplicate_order,24.35,1
R003172,O018228,C0002073,108,defective,11.78,1
R003173,O018231,C0002073,147,size_fit,28.25,1
R003174,O018240,C0002074,12,changed_mind,14.39,1
R003175,O018241,C0002074,65,other,9.31,1
R003176,O018243,C0002074,79,changed_mind,16.89,1
R003177,O018244,C0002074,83,changed_mind,12.36,1
R003178,O018246,C0002074,209,changed_mind,19.16,1
R003179,O018250,C0002075,109,defective,76.94,0
R003180,O018251,C0002075,151,defective,32.22,0
R003181,O018254,C0002075,160,size_fit,31.57,0
R003182,O018286,C0002079,157,defective,15.23,0
R003183,O018291,C0002079,206,defective,10.56,0
R003184,O018293,C0002079,208,defective,15.37,0
R003185,O018311,C0002080,207,not_as_described,23.16,0
R003186,O018339,C0002083,144,not_as_described,12.59,0
R003187,O018346,C0002084,159,other,24.75,0
R003188,O018347,C0002084,180,not_as_described,28.21,0
R003189,O018362,C0002085,164,duplicate_order,36.57,0
R003190,O018370,C0002085,203,other,31.4,0
R003191,O018371,C0002086,70,changed_mind,18.32,1
R003192,O018373,C0002086,130,changed_mind,15.64,1
R003193,O018374,C0002086,175,changed_mind,16.57,1
R003194,O018375,C0002086,192,changed_mind,10.48,1
R003195,O018381,C0002087,157,other,22.76,0
R003196,O018386,C0002088,43,changed_mind,40.56,1
R003197,O018387,C0002088,55,changed_mind,35.25,1
R003198,O018392,C0002088,101,changed_mind,40.98,1
R003199,O018393,C0002088,105,changed_mind,24.5,1
R003200,O018394,C0002088,141,changed_mind,25.02,1
R003201,O018395,C0002088,181,changed_mind,21.34,1
R003202,O018397,C0002089,86,duplicate_order,24.5,0
R003203,O018409,C0002089,209,changed_mind,27.71,0
R003204,O018410,C0002090,108,changed_mind,28.96,1
R003205,O018412,C0002090,129,not_as_described,15.61,1
R003206,O018413,C0002090,136,changed_mind,29.54,1
R003207,O018414,C0002090,146,changed_mind,28.05,1
R003208,O018415,C0002090,146,changed_mind,6.63,1
R003209,O018416,C0002090,184,changed_mind,20.86,1
R003210,O018417,C0002090,203,changed_mind,31.18,1
R003211,O018425,C0002091,201,other,31.85,0
R003212,O018434,C0002092,120,not_as_described,21.34,0
R003213,O018441,C0002092,190,duplicate_order,38.03,0
R003214,O018442,C0002093,88,duplicate_order,30.09,1
R003215,O018443,C0002093,96,changed_mind,40.32,1
R003216,O018460,C0002095,171,changed_mind,17.95,0
R003217,O018461,C0002095,197,duplicate_order,25.48,0
R003218,O018464,C0002096,169,not_as_described,26.72,0
R003219,O018476,C0002097,209,changed_mind,42.82,0
R003220,O018495,C0002099,189,other,30.88,0
R003221,O018502,C0002100,125,changed_mind,39.78,1
R003222,O018503,C0002100,140,changed_mind,24.51,1
R003223,O018504,C0002100,142,other,12.22,1
R003224,O018505,C0002100,159,duplicate_order,30.17,1
R003225,O018506,C0002100,172,changed_mind,22.76,1
R003226,O018516,C0002102,100,other,27.95,0
R003227,O018522,C0002102,199,size_fit,19.13,0
R003228,O018529,C0002103,153,other,17.21,0
R003229,O018531,C0002104,66,changed_mind,11.78,1
R003230,O018535,C0002104,203,changed_mind,13.39,1
R003231,O018554,C0002107,209,not_as_described,35.57,0
R003232,O018557,C0002108,45,size_fit,10.74,0
R003233,O018562,C0002108,134,other,13.55,0
R003234,O018566,C0002108,167,duplicate_order,28.36,0
R003235,O018576,C0002109,143,not_as_described,18.18,0
R003236,O018582,C0002109,187,defective,13.55,0
R003237,O018585,C0002109,209,size_fit,13.55,0
R003238,O018594,C0002111,94,duplicate_order,15.46,0
R003239,O018596,C0002111,101,duplicate_order,24.75,0
R003240,O018597,C0002111,131,duplicate_order,25.11,0
R003241,O018598,C0002111,143,not_as_described,79.54,0
R003242,O018600,C0002111,136,defective,48.39,0
R003243,O018601,C0002111,148,changed_mind,20.35,0
R003244,O018603,C0002111,167,not_as_described,17.17,0
R003245,O018605,C0002111,192,other,31.57,0
R003246,O018606,C0002111,181,defective,9.72,0
R003247,O018608,C0002111,209,other,24.75,0
R003248,O018630,C0002115,164,size_fit,30.88,0
R003249,O018642,C0002116,203,changed_mind,13.3,0
R003250,O018648,C0002117,170,changed_mind,62.73,0
R003251,O018660,C0002119,204,other,5.27,0
R003252,O018665,C0002120,63,other,29.58,0
R003253,O018684,C0002122,175,changed_mind,18.63,0
R003254,O018705,C0002125,39,not_as_described,38.88,0
R003255,O018706,C0002125,31,size_fit,23.18,0
R003256,O018766,C0002130,209,defective,33.54,0
R003257,O018779,C0002133,66,defective,18.89,1
R003258,O018780,C0002133,78,changed_mind,12.36,1
R003259,O018781,C0002133,97,changed_mind,16.89,1
R003260,O018786,C0002133,151,changed_mind,33.72,1
R003261,O018787,C0002133,190,duplicate_order,29.66,1
R003262,O018794,C0002135,97,changed_mind,32.22,1
R003263,O018795,C0002135,99,changed_mind,15.06,1
R003264,O018797,C0002135,119,changed_mind,10.48,1
R003265,O018798,C0002135,138,changed_mind,26.82,1
R003266,O018799,C0002135,151,not_as_described,17.94,1
R003267,O018800,C0002135,155,size_fit,20.95,1
R003268,O018801,C0002135,156,changed_mind,12.36,1
R003269,O018802,C0002135,161,not_as_described,28.15,1
R003270,O018805,C0002135,181,changed_mind,21.48,1
R003271,O018807,C0002135,195,not_as_described,10.48,1
R003272,O018809,C0002135,209,changed_mind,37.02,1
R003273,O018816,C0002137,122,duplicate_order,15.46,0
R003274,O018820,C0002137,209,other,28.11,0
R003275,O018831,C0002139,85,duplicate_order,21.71,0
R003276,O018838,C0002139,195,size_fit,11.11,0
R003277,O018840,C0002140,62,not_as_described,23.16,1
R003278,O018841,C0002140,72,duplicate_order,7.81,1
R003279,O018842,C0002140,116,duplicate_order,16.18,1
R003280,O018863,C0002141,209,other,52.7,0
R003281,O018864,C0002142,90,changed_mind,9.45,1
R003282,O018879,C0002144,67,changed_mind,13.57,1
R003283,O018880,C0002144,99,changed_mind,28.36,1
R003284,O018881,C0002144,119,not_as_described,38.23,1
R003285,O018882,C0002144,128,size_fit,21.08,1
R003286,O018883,C0002144,159,other,31.02,1
R003287,O018884,C0002144,175,changed_mind,26.54,1
R003288,O018885,C0002144,195,changed_mind,53.99,1
R003289,O018887,C0002145,74,changed_mind,35.57,1
R003290,O018888,C0002145,83,changed_mind,22.55,1
R003291,O018891,C0002145,129,not_as_described,12.63,1
R003292,O018894,C0002145,147,changed_mind,16.89,1
R003293,O018898,C0002145,204,defective,28.96,1
R003294,O018900,C0002146,95,duplicate_order,21.34,0
R003295,O018906,C0002146,208,duplicate_order,73.86,0
R003296,O018910,C0002147,94,changed_mind,31.18,0
R003297,O018911,C0002147,107,other,38.46,0
R003298,O018929,C0002148,201,size_fit,23.56,0
R003299,O018934,C0002149,176,not_as_described,15.12,0
R003300,O018937,C0002150,100,changed_mind,17.42,1
R003301,O018938,C0002150,111,size_fit,21.03,1
R003302,O018957,C0002152,103,changed_mind,24.7,0
R003303,O018978,C0002155,41,changed_mind,22.54,1
R003304,O018983,C0002155,106,changed_mind,54.18,1
R003305,O018996,C0002157,193,other,10.33,0
R003306,O019000,C0002158,98,changed_mind,25.02,1
R003307,O019006,C0002159,49,defective,26.65,0
R003308,O019023,C0002161,175,defective,42.88,0
R003309,O019027,C0002162,85,changed_mind,43.88,0
R003310,O019031,C0002162,185,size_fit,26.82,0
R003311,O019045,C0002164,61,changed_mind,18.63,1
R003312,O019046,C0002164,99,defective,21.38,1
R003313,O019047,C0002164,110,changed_mind,24.75,1
R003314,O019049,C0002164,208,changed_mind,15.37,1
R003315,O019059,C0002166,69,changed_mind,13.66,1
R003316,O019060,C0002166,69,changed_mind,17.86,1
R003317,O019062,C0002166,102,changed_mind,21.08,1
R003318,O019068,C0002167,70,changed_mind,15.37,1
R003319,O019069,C0002167,90,changed_mind,5.83,1
R003320,O019070,C0002167,124,changed_mind,35.25,1
R003321,O019071,C0002167,153,not_as_described,18.48,1
R003322,O019073,C0002167,198,size_fit,28.15,1
R003323,O019074,C0002168,62,not_as_described,12.36,1
R003324,O019075,C0002168,84,changed_mind,17.52,1
R003325,O019083,C0002169,177,other,6.2,0
R003326,O019094,C0002170,205,defective,35.96,0
R003327,O019096,C0002170,209,other,19.17,0
R003328,O019122,C0002174,110,not_as_described,21.9,0
R003329,O019139,C0002176,160,defective,14.01,0
R003330,O019160,C0002180,72,other,19.22,0
R003331,O019161,C0002180,99,defective,33.54,0
R003332,O019162,C0002180,111,defective,13.1,0
R003333,O019167,C0002180,203,size_fit,79.09,0
R003334,O019172,C0002182,65,size_fit,58.08,1
R003335,O019173,C0002182,92,not_as_described,9.45,1
R003336,O019174,C0002182,110,changed_mind,35.86,1
R003337,O019176,C0002182,144,changed_mind,34.76,1
R003338,O019178,C0002182,173,changed_mind,25.02,1
R003339,O019180,C0002182,188,changed_mind,5.83,1
R003340,O019182,C0002183,56,duplicate_order,6.1,1
R003341,O019183,C0002183,73,changed_mind,16.71,1
R003342,O019184,C0002183,79,changed_mind,25.79,1
R003343,O019186,C0002183,81,changed_mind,15.99,1
R003344,O019189,C0002183,91,other,31.85,1
R003345,O019192,C0002183,202,duplicate_order,27.61,1
R003346,O019193,C0002183,204,changed_mind,14.79,1
R003347,O019203,C0002184,159,defective,165.23,0
R003348,O019229,C0002187,186,other,23.2,0
R003349,O019248,C0002190,65,changed_mind,31.84,1
R003350,O019251,C0002190,97,changed_mind,22.76,1
R003351,O019253,C0002190,184,changed_mind,27.71,1
R003352,O019254,C0002190,193,changed_mind,26.98,1
R003353,O019256,C0002191,68,other,11.11,1
R003354,O019257,C0002191,93,not_as_described,19.16,1
R003355,O019258,C0002191,110,defective,32.07,1
R003356,O019259,C0002191,112,changed_mind,8.55,1
R003357,O019260,C0002191,117,not_as_described,18.64,1
R003358,O019261,C0002191,148,not_as_described,12.43,1
R003359,O019264,C0002191,199,duplicate_order,23.65,1
R003360,O019266,C0002192,104,changed_mind,19.98,1
R003361,O019270,C0002192,181,changed_mind,21.62,1
R003362,O019271,C0002192,208,other,62.73,1
R003363,O019288,C0002195,75,changed_mind,16.16,1
R003364,O019289,C0002195,104,size_fit,15.68,1
R003365,O019293,C0002195,175,defective,18.48,1
R003366,O019294,C0002195,164,other,25.48,1
R003367,O019300,C0002196,103,defective,29.0,0
R003368,O019301,C0002196,116,other,31.93,0
R003369,O019310,C0002197,100,other,14.98,0
R003370,O019319,C0002199,160,changed_mind,31.85,0
R003371,O019325,C0002199,197,defective,14.39,0
R003372,O019365,C0002204,165,defective,14.64,0
R003373,O019368,C0002204,166,defective,22.54,0
R003374,O019374,C0002205,72,not_as_described,23.26,0
R003375,O019375,C0002205,184,not_as_described,7.94,0
R003376,O019385,C0002206,189,duplicate_order,53.15,0
R003377,O019387,C0002207,101,changed_mind,76.94,1
R003378,O019389,C0002207,130,changed_mind,12.7,1
R003379,O019390,C0002207,148,changed_mind,15.52,1
R003380,O019391,C0002207,162,not_as_described,21.34,1
R003381,O019393,C0002207,175,changed_mind,14.61,1
R003382,O019394,C0002207,189,not_as_described,42.82,1
R003383,O019396,C0002207,191,size_fit,21.69,1
R003384,O019397,C0002207,196,defective,9.11,1
R003385,O019401,C0002208,184,duplicate_order,15.68,0
R003386,O019402,C0002208,200,size_fit,5.77,0
R003387,O019405,C0002209,153,not_as_described,43.88,0
R003388,O019416,C0002210,162,defective,38.23,0
R003389,O019418,C0002210,209,size_fit,17.25,0
R003390,O019428,C0002212,119,changed_mind,48.43,1
R003391,O019429,C0002212,123,changed_mind,12.43,1
R003392,O019431,C0002212,142,size_fit,17.56,1
R003393,O019433,C0002212,191,changed_mind,30.08,1
R003394,O019458,C0002217,72,defective,18.17,1
R003395,O019459,C0002217,118,changed_mind,9.45,1
R003396,O019461,C0002217,156,defective,29.58,1
R003397,O019473,C0002218,144,defective,40.35,0
R003398,O019474,C0002218,141,duplicate_order,14.7,0
R003399,O019478,C0002219,30,changed_mind,58.29,1
R003400,O019479,C0002219,31,changed_mind,19.03,1
R003401,O019483,C0002220,21,changed_mind,29.54,1
R003402,O019484,C0002220,37,changed_mind,25.44,1
R003403,O019488,C0002220,113,changed_mind,8.46,1
R003404,O019510,C0002222,209,duplicate_order,33.72,0
R003405,O019521,C0002224,104,duplicate_order,31.84,0
R003406,O019524,C0002224,140,changed_mind,88.02,0
R003407,O019559,C0002228,118,defective,25.44,0
R003408,O019576,C0002229,197,not_as_described,40.35,0
R003409,O019592,C0002232,78,not_as_described,26.82,1
R003410,O019593,C0002232,84,changed_mind,45.94,1
R003411,O019594,C0002232,119,changed_mind,39.78,1
R003412,O019601,C0002232,182,duplicate_order,18.83,1
R003413,O019622,C0002235,162,changed_mind,19.63,0
R003414,O019635,C0002237,148,duplicate_order,21.38,0
R003415,O019642,C0002239,67,other,9.45,1
R003416,O019643,C0002239,72,changed_mind,17.52,1
R003417,O019644,C0002239,83,changed_mind,37.32,1
R003418,O019648,C0002239,176,changed_mind,74.34,1
R003419,O019649,C0002239,180,defective,14.7,1
R003420,O019650,C0002240,47,changed_mind,44.59,1
R003421,O019651,C0002240,69,changed_mind,29.57,1
R003422,O019652,C0002240,71,changed_mind,28.9,1
R003423,O019655,C0002240,132,defective,8.55,1
R003424,O019657,C0002240,154,not_as_described,32.27,1
R003425,O019658,C0002240,206,defective,10.8,1
R003426,O019659,C0002240,193,defective,73.86,1
R003427,O019660,C0002241,59,not_as_described,35.86,1
R003428,O019661,C0002241,65,changed_mind,23.39,1
R003429,O019662,C0002241,113,changed_mind,15.46,1
R003430,O019670,C0002242,90,changed_mind,27.71,0
R003431,O019671,C0002242,103,duplicate_order,27.61,0
R003432,O019675,C0002242,179,duplicate_order,55.27,0
R003433,O019683,C0002244,97,duplicate_order,21.92,0
R003434,O019708,C0002245,125,size_fit,60.28,1
R003435,O019713,C0002245,195,changed_mind,8.89,1
R003436,O019739,C0002249,77,duplicate_order,19.51,0
R003437,O019742,C0002249,209,other,30.39,0
R003438,O019752,C0002250,198,defective,7.43,0
R003439,O019754,C0002250,201,other,31.84,0
R003440,O019779,C0002253,102,defective,16.14,0
R003441,O019783,C0002253,124,other,24.5,0
R003442,O019784,C0002253,164,changed_mind,21.48,0
R003443,O019801,C0002255,123,changed_mind,35.46,1
R003444,O019802,C0002255,141,duplicate_order,39.49,1
R003445,O019803,C0002255,148,changed_mind,22.54,1
R003446,O019804,C0002255,168,changed_mind,74.34,1
R003447,O019807,C0002255,188,changed_mind,24.99,1
R003448,O019817,C0002256,209,defective,83.18,0
R003449,O019824,C0002257,169,not_as_described,9.38,0
R003450,O019827,C0002258,101,changed_mind,53.99,1
R003451,O019831,C0002258,123,changed_mind,20.86,1
R003452,O019832,C0002258,151,duplicate_order,22.03,1
R003453,O019834,C0002258,166,duplicate_order,15.63,1
R003454,O019836,C0002258,177,changed_mind,18.17,1
R003455,O019841,C0002259,89,other,33.54,0
R003456,O019843,C0002259,104,size_fit,19.03,0
R003457,O019858,C0002260,178,not_as_described,25.44,0
R003458,O019868,C0002261,192,not_as_described,23.55,0
R003459,O019873,C0002262,99,changed_mind,10.7,1
R003460,O019876,C0002262,161,other,21.69,1
R003461,O019882,C0002263,150,size_fit,28.36,0
R003462,O019892,C0002265,122,changed_mind,37.32,0
R003463,O019893,C0002265,138,other,9.77,0
R003464,O019913,C0002266,209,duplicate_order,86.13,0
R003465,O019917,C0002267,74,changed_mind,33.88,0
R003466,O019918,C0002267,98,not_as_described,33.72,0
R003467,O019919,C0002267,95,defective,4.14,0
R003468,O019920,C0002267,170,other,35.57,0
R003469,O019921,C0002267,190,changed_mind,23.42,0
R003470,O019924,C0002267,201,changed_mind,30.91,0
R003471,O019926,C0002267,206,duplicate_order,23.18,0
R003472,O019930,C0002268,99,not_as_described,36.57,0
R003473,O019942,C0002270,93,duplicate_order,21.38,1
R003474,O019943,C0002270,118,changed_mind,24.74,1
R003475,O019944,C0002270,118,size_fit,10.48,1
R003476,O019945,C0002270,135,changed_mind,10.25,1
R003477,O019946,C0002270,144,duplicate_order,35.57,1
R003478,O019947,C0002270,147,changed_mind,15.23,1
R003479,O019948,C0002270,160,changed_mind,31.4,1
R003480,O019949,C0002270,204,changed_mind,17.21,1
R003481,O019955,C0002271,127,changed_mind,28.25,0
R003482,O019961,C0002272,123,other,31.84,0
R003483,O019970,C0002273,84,changed_mind,42.88,1
R003484,O019978,C0002274,109,not_as_described,48.39,0
R003485,O019981,C0002274,116,other,6.37,0
R003486,O019983,C0002274,133,defective,19.22,0
R003487,O019984,C0002274,154,not_as_described,28.05,0
R003488,O019985,C0002274,139,other,9.77,0
R003489,O019986,C0002274,139,size_fit,30.39,0
R003490,O019987,C0002274,164,size_fit,40.56,0
R003491,O019988,C0002274,170,duplicate_order,24.7,0
R003492,O019989,C0002274,173,not_as_described,6.1,0
R003493,O019991,C0002274,183,changed_mind,42.82,0
R003494,O019995,C0002274,206,not_as_described,40.65,0
R003495,O019997,C0002275,104,changed_mind,27.05,1
R003496,O020001,C0002275,163,not_as_described,46.54,1
R003497,O020009,C0002276,96,changed_mind,33.72,1
R003498,O020010,C0002276,111,duplicate_order,34.09,1
R003499,O020011,C0002276,121,other,6.35,1
R003500,O020021,C0002277,91,changed_mind,12.59,1
R003501,O020022,C0002277,115,other,19.17,1
R003502,O020028,C0002277,202,changed_mind,59.89,1
R003503,O020031,C0002278,54,size_fit,39.12,0
R003504,O020033,C0002278,105,other,60.28,0
R003505,O020034,C0002278,105,not_as_described,18.89,0
R003506,O020035,C0002278,109,defective,18.48,0
R003507,O020036,C0002278,120,not_as_described,21.48,0
R003508,O020038,C0002278,129,not_as_described,42.32,0
R003509,O020040,C0002278,171,not_as_described,60.28,0
R003510,O020043,C0002278,209,size_fit,71.6,0
R003511,O020070,C0002282,89,defective,7.81,0
R003512,O020074,C0002282,138,duplicate_order,43.01,0
R003513,O020080,C0002282,209,size_fit,23.18,0
R003514,O020085,C0002283,136,not_as_described,23.55,0
R003515,O020091,C0002284,36,changed_mind,27.95,1
R003516,O020095,C0002284,97,changed_mind,30.25,1
R003517,O020096,C0002284,144,changed_mind,23.3,1
R003518,O020097,C0002284,151,not_as_described,18.17,1
R003519,O020098,C0002284,151,changed_mind,27.4,1
R003520,O020101,C0002284,204,changed_mind,35.51,1
R003521,O020122,C0002288,121,changed_mind,8.92,0
R003522,O020139,C0002291,13,changed_mind,6.63,1
R003523,O020142,C0002291,37,not_as_described,39.78,1
R003524,O020144,C0002291,72,changed_mind,4.14,1
R003525,O020150,C0002291,157,changed_mind,21.19,1
R003526,O020152,C0002291,187,changed_mind,34.73,1
R003527,O020153,C0002291,195,changed_mind,6.1,1
R003528,O020168,C0002293,144,other,24.5,0
R003529,O020183,C0002295,72,duplicate_order,15.06,0
R003530,O020186,C0002295,146,duplicate_order,23.2,0
R003531,O020211,C0002298,40,size_fit,86.13,0
R003532,O020212,C0002298,62,defective,40.05,0
R003533,O020213,C0002298,60,defective,13.71,0
R003534,O020215,C0002298,186,changed_mind,51.92,0
R003535,O020216,C0002298,194,defective,35.86,0
R003536,O020218,C0002298,209,duplicate_order,37.66,0
R003537,O020221,C0002299,149,other,16.56,0
R003538,O020224,C0002299,184,defective,13.57,0
R003539,O020227,C0002299,203,changed_mind,13.56,0
R003540,O020230,C0002300,122,size_fit,13.71,0
R003541,O020240,C0002300,204,defective,12.89,0
R003542,O020255,C0002303,91,changed_mind,49.54,1
R003543,O020256,C0002303,99,other,40.05,1
R003544,O020258,C0002303,139,changed_mind,35.95,1
R003545,O020259,C0002303,151,changed_mind,13.56,1
R003546,O020262,C0002303,184,changed_mind,31.84,1
R003547,O020263,C0002303,186,defective,29.12,1
R003548,O020266,C0002303,204,other,24.7,1
R003549,O020268,C0002303,208,duplicate_order,19.16,1
R003550,O020273,C0002305,162,changed_mind,21.62,1
R003551,O020274,C0002305,169,changed_mind,20.29,1
R003552,O020275,C0002305,176,changed_mind,47.6,1
R003553,O020276,C0002305,190,changed_mind,18.64,1
R003554,O020277,C0002305,199,changed_mind,22.76,1
R003555,O020279,C0002305,209,changed_mind,30.88,1
R003556,O020309,C0002309,147,other,13.55,0
R003557,O020316,C0002310,56,changed_mind,15.23,1
R003558,O020317,C0002310,56,size_fit,5.77,1
R003559,O020320,C0002310,96,changed_mind,24.51,1
R003560,O020331,C0002311,131,defective,8.92,0
R003561,O020333,C0002311,151,not_as_described,9.77,0
R003562,O020335,C0002312,63,other,29.12,1
R003563,O020336,C0002312,67,not_as_described,43.88,1
R003564,O020337,C0002312,81,other,30.91,1
R003565,O020341,C0002312,115,changed_mind,30.08,1
R003566,O020343,C0002312,190,defective,11.76,1
R003567,O020345,C0002313,85,changed_mind,19.48,1
R003568,O020346,C0002313,85,not_as_described,5.47,1
R003569,O020347,C0002313,88,changed_mind,21.19,1
R003570,O020348,C0002313,124,changed_mind,24.51,1
R003571,O020349,C0002313,145,changed_mind,10.25,1
R003572,O020353,C0002313,181,changed_mind,14.01,1
R003573,O020354,C0002313,183,duplicate_order,41.98,1
R003574,O020355,C0002313,209,changed_mind,62.61,1
R003575,O020362,C0002314,177,not_as_described,22.54,0
R003576,O020386,C0002317,173,size_fit,44.0,0
R003577,O020387,C0002317,182,other,17.94,0
R003578,O020392,C0002318,66,other,40.98,0
R003579,O020394,C0002318,118,changed_mind,30.88,0
R003580,O020396,C0002318,154,not_as_described,27.61,0
R003581,O020400,C0002319,107,size_fit,12.36,0
R003582,O020408,C0002320,66,not_as_described,13.57,1
R003583,O020409,C0002320,69,changed_mind,25.48,1
R003584,O020410,C0002320,107,duplicate_order,37.37,1
R003585,O020412,C0002320,145,duplicate_order,70.86,1
R003586,O020424,C0002321,192,size_fit,25.33,0
R003587,O020445,C0002324,81,not_as_described,28.96,0
R003588,O020449,C0002324,162,not_as_described,7.81,0
R003589,O020452,C0002325,93,changed_mind,42.88,1
R003590,O020453,C0002325,96,changed_mind,18.18,1
R003591,O020455,C0002325,137,size_fit,12.7,1
R003592,O020456,C0002325,156,defective,28.11,1
R003593,O020473,C0002326,185,defective,16.91,0
R003594,O020477,C0002327,107,changed_mind,16.57,1
R003595,O020478,C0002327,115,changed_mind,73.86,1
R003596,O020484,C0002327,187,changed_mind,30.88,1
R003597,O020491,C0002328,87,changed_mind,34.73,1
R003598,O020494,C0002328,101,duplicate_order,6.1,1
R003599,O020496,C0002328,121,changed_mind,24.74,1
R003600,O020497,C0002328,124,size_fit,10.3,1
R003601,O020498,C0002328,144,changed_mind,47.16,1
R003602,O020499,C0002328,158,changed_mind,31.18,1
R003603,O020501,C0002329,128,changed_mind,37.37,1
R003604,O020506,C0002330,189,not_as_described,15.61,0
R003605,O020508,C0002331,70,changed_mind,30.04,1
R003606,O020510,C0002331,117,changed_mind,14.79,1
R003607,O020512,C0002331,135,other,27.99,1
R003608,O020515,C0002331,183,changed_mind,16.14,1
R003609,O020516,C0002331,190,changed_mind,31.57,1
R003610,O020520,C0002332,103,other,22.54,0
R003611,O020521,C0002332,123,other,39.78,0
R003612,O020527,C0002333,98,not_as_described,21.92,0
R003613,O020531,C0002333,134,duplicate_order,25.44,0
R003614,O020532,C0002333,158,duplicate_order,25.44,0
R003615,O020536,C0002333,197,not_as_described,21.92,0
R003616,O020548,C0002335,103,other,12.63,0
R003617,O020581,C0002339,99,changed_mind,17.25,1
R003618,O020582,C0002339,162,size_fit,9.45,1
R003619,O020588,C0002340,119,changed_mind,39.78,0
R003620,O020595,C0002340,209,changed_mind,29.18,0
R003621,O020598,C0002341,65,not_as_described,17.95,0
R003622,O020599,C0002341,82,defective,33.72,0
R003623,O020600,C0002341,89,other,21.19,0
R003624,O020602,C0002341,109,size_fit,9.45,0
R003625,O020604,C0002341,147,defective,165.23,0
R003626,O020612,C0002342,146,other,11.11,0
R003627,O020614,C0002342,199,defective,31.85,0
R003628,O020616,C0002343,67,defective,10.8,0
R003629,O020618,C0002343,68,other,39.78,0
R003630,O020620,C0002343,103,duplicate_order,11.4,0
R003631,O020621,C0002343,114,size_fit,59.48,0
R003632,O020623,C0002343,164,size_fit,38.23,0
R003633,O020624,C0002343,185,changed_mind,26.72,0
R003634,O020626,C0002343,205,duplicate_order,30.17,0
R003635,O020631,C0002344,126,defective,15.63,0
R003636,O020638,C0002344,158,changed_mind,31.85,0
R003637,O020665,C0002347,85,not_as_described,24.55,1
R003638,O020668,C0002347,137,not_as_described,12.36,1
R003639,O020672,C0002348,73,changed_mind,23.39,1
R003640,O020673,C0002348,99,changed_mind,15.72,1
R003641,O020674,C0002348,103,not_as_described,21.48,1
R003642,O020677,C0002348,123,changed_mind,21.25,1
R003643,O020678,C0002348,139,changed_mind,13.3,1
R003644,O020681,C0002348,183,changed_mind,63.27,1
R003645,O020690,C0002349,189,changed_mind,9.45,0
R003646,O020691,C0002349,201,other,55.27,0
R003647,O020700,C0002351,122,changed_mind,25.44,0
R003648,O020701,C0002351,133,defective,21.92,0
R003649,O020706,C0002351,170,changed_mind,25.44,0
R003650,O020710,C0002351,199,not_as_described,21.92,0
R003651,O020720,C0002353,111,changed_mind,23.06,1
R003652,O020723,C0002353,131,changed_mind,40.57,1
R003653,O020725,C0002353,148,other,60.28,1
R003654,O020726,C0002353,151,changed_mind,43.86,1
R003655,O020728,C0002353,195,other,28.05,1
R003656,O020734,C0002354,160,defective,27.61,0
R003657,O020736,C0002354,190,other,30.25,0
R003658,O020737,C0002355,93,duplicate_order,31.02,1
R003659,O020738,C0002355,105,changed_mind,44.0,1
R003660,O020739,C0002355,108,changed_mind,74.34,1
R003661,O020744,C0002355,165,changed_mind,21.08,1
R003662,O020745,C0002355,168,changed_mind,19.51,1
R003663,O020752,C0002356,147,duplicate_order,30.91,0
R003664,O020757,C0002357,114,other,31.84,0
R003665,O020760,C0002357,156,other,28.59,0
R003666,O020764,C0002358,15,other,31.18,1
R003667,O020765,C0002358,28,not_as_described,17.25,1
R003668,O020766,C0002358,48,changed_mind,13.83,1
R003669,O020768,C0002358,68,changed_mind,41.98,1
R003670,O020770,C0002358,104,changed_mind,25.3,1
R003671,O020775,C0002358,172,duplicate_order,79.54,1
R003672,O020779,C0002359,58,defective,14.01,1
R003673,O020780,C0002359,79,other,28.21,1
R003674,O020781,C0002359,95,changed_mind,40.57,1
R003675,O020782,C0002359,129,not_as_described,24.51,1
R003676,O020783,C0002359,144,changed_mind,19.51,1
R003677,O020784,C0002359,160,changed_mind,37.32,1
R003678,O020785,C0002359,165,changed_mind,21.69,1
R003679,O020786,C0002359,195,changed_mind,13.3,1
R003680,O020787,C0002360,22,changed_mind,55.27,1
R003681,O020788,C0002360,28,changed_mind,33.54,1
R003682,O020789,C0002360,119,changed_mind,22.66,1
R003683,O020790,C0002360,136,changed_mind,19.22,1
R003684,O020791,C0002360,179,changed_mind,18.89,1
R003685,O020792,C0002361,80,duplicate_order,28.74,1
R003686,O020793,C0002361,89,size_fit,18.83,1
R003687,O020794,C0002361,105,changed_mind,10.74,1
R003688,O020798,C0002361,164,other,10.48,1
R003689,O020800,C0002361,185,not_as_described,5.83,1
R003690,O020801,C0002361,180,other,35.25,1
R003691,O020807,C0002362,77,not_as_described,33.54,0
R003692,O020811,C0002362,196,defective,20.86,0
R003693,O020830,C0002365,124,size_fit,48.39,0
R003694,O020832,C0002365,156,duplicate_order,27.95,0
R003695,O020839,C0002366,209,not_as_described,17.94,0
R003696,O020841,C0002367,48,changed_mind,25.48,1
R003697,O020848,C0002367,176,changed_mind,37.02,1
R003698,O020850,C0002367,190,other,23.2,1
R003699,O020851,C0002367,197,not_as_described,30.91,1
R003700,O020862,C0002370,41,changed_mind,35.25,0
R003701,O020906,C0002375,120,defective,30.25,0
R003702,O020910,C0002376,53,size_fit,34.09,1
R003703,O020912,C0002376,72,changed_mind,21.38,1
R003704,O020928,C0002378,115,duplicate_order,18.63,0
R003705,O020938,C0002379,72,changed_mind,32.67,0
R003706,O020942,C0002380,22,not_as_described,19.98,0
R003707,O020978,C0002386,98,other,10.48,1
R003708,O020979,C0002386,100,changed_mind,21.74,1
R003709,O020980,C0002386,128,changed_mind,7.94,1
R003710,O020983,C0002386,156,changed_mind,31.45,1
R003711,O020985,C0002386,174,duplicate_order,18.48,1
R003712,O020986,C0002386,180,changed_mind,21.62,1
R003713,O020995,C0002388,138,defective,17.21,0
R003714,O020998,C0002388,196,defective,7.94,0
R003715,O020999,C0002388,207,defective,27.61,0
R003716,O021001,C0002389,30,other,7.43,1
R003717,O021003,C0002389,143,defective,27.99,1
R003718,O021006,C0002389,199,changed_mind,30.04,1
R003719,O021014,C0002391,77,duplicate_order,19.13,0
R003720,O021031,C0002392,206,not_as_described,58.73,0
R003721,O021040,C0002394,37,duplicate_order,10.15,1
R003722,O021041,C0002394,51,changed_mind,18.17,1
R003723,O021051,C0002395,52,not_as_described,27.99,0
R003724,O021077,C0002399,92,changed_mind,46.54,1
R003725,O021079,C0002399,116,not_as_described,10.48,1
R003726,O021080,C0002399,129,other,31.93,1
R003727,O021081,C0002399,150,other,28.96,1
R003728,O021082,C0002399,156,changed_mind,18.63,1
R003729,O021084,C0002399,184,changed_mind,37.37,1
R003730,O021085,C0002399,188,defective,58.73,1
R003731,O021086,C0002399,189,duplicate_order,10.75,1
R003732,O021088,C0002399,198,other,32.1,1
R003733,O021098,C0002401,71,changed_mind,59.8,1
R003734,O021101,C0002401,134,not_as_described,33.72,1
R003735,O021102,C0002401,179,defective,8.46,1
R003736,O021115,C0002403,188,duplicate_order,28.13,0
R003737,O021127,C0002405,27,changed_mind,9.62,1
R003738,O021129,C0002405,80,changed_mind,48.39,1
R003739,O021130,C0002405,108,duplicate_order,53.15,1
R003740,O021132,C0002405,147,changed_mind,59.32,1
R003741,O021133,C0002405,170,changed_mind,28.55,1
R003742,O021134,C0002405,187,changed_mind,36.1,1
R003743,O021146,C0002407,171,not_as_described,29.0,0
R003744,O021173,C0002410,202,duplicate_order,6.35,0
R003745,O021184,C0002412,103,changed_mind,19.48,1
R003746,O021186,C0002412,107,duplicate_order,16.71,1
R003747,O021189,C0002412,119,changed_mind,14.84,1
R003748,O021192,C0002412,149,defective,20.7,1
R003749,O021193,C0002412,157,size_fit,45.94,1
R003750,O021194,C0002412,166,changed_mind,20.02,1
R003751,O021197,C0002412,180,size_fit,165.23,1
R003752,O021199,C0002412,188,size_fit,24.96,1
R003753,O021201,C0002412,209,defective,23.26,1
R003754,O021218,C0002414,84,other,7.67,0
R003755,O021243,C0002417,209,not_as_described,24.74,0
R003756,O021249,C0002418,154,duplicate_order,9.45,0
R003757,O021264,C0002419,206,size_fit,29.54,0
R003758,O021268,C0002420,120,other,79.54,0
R003759,O021275,C0002421,105,changed_mind,14.84,1
R003760,O021277,C0002421,120,changed_mind,35.57,1
R003761,O021278,C0002421,135,defective,19.16,1
R003762,O021280,C0002421,169,size_fit,29.57,1
R003763,O021281,C0002421,188,changed_mind,15.99,1
R003764,O021282,C0002421,189,changed_mind,26.65,1
R003765,O021292,C0002423,110,other,21.74,0
R003766,O021307,C0002424,196,duplicate_order,79.09,1
R003767,O021308,C0002425,82,changed_mind,32.07,1
R003768,O021309,C0002425,88,changed_mind,74.34,1
R003769,O021310,C0002425,95,changed_mind,25.44,1
R003770,O021313,C0002425,104,changed_mind,25.11,1
R003771,O021314,C0002425,107,other,17.95,1
R003772,O021316,C0002425,128,changed_mind,30.04,1
R003773,O021319,C0002425,187,changed_mind,20.66,1
R003774,O021320,C0002425,189,changed_mind,20.7,1
R003775,O021322,C0002426,77,defective,38.23,0
R003776,O021338,C0002428,140,duplicate_order,20.04,0
R003777,O021341,C0002428,179,defective,30.09,0
R003778,O021345,C0002428,193,changed_mind,19.17,0
R003779,O021349,C0002429,92,not_as_described,16.57,0
R003780,O021357,C0002429,181,other,11.76,0
R003781,O021366,C0002431,124,other,6.1,0
R003782,O021377,C0002432,144,defective,31.85,0
R003783,O021378,C0002432,136,duplicate_order,35.57,0
R003784,O021381,C0002433,127,size_fit,74.34,0
R003785,O021389,C0002434,42,not_as_described,18.74,0
R003786,O021405,C0002436,130,not_as_described,12.59,0
R003787,O021413,C0002437,143,duplicate_order,31.84,0
R003788,O021426,C0002438,72,size_fit,59.48,1
R003789,O021427,C0002438,107,changed_mind,35.86,1
R003790,O021428,C0002438,114,changed_mind,6.37,1
R003791,O021429,C0002438,118,changed_mind,10.74,1
R003792,O021430,C0002438,131,changed_mind,12.14,1
R003793,O021432,C0002438,174,defective,27.61,1
R003794,O021433,C0002438,186,changed_mind,46.54,1
R003795,O021438,C0002439,105,defective,9.31,0
R003796,O021463,C0002442,164,duplicate_order,9.11,0
R003797,O021477,C0002443,141,not_as_described,15.88,0
R003798,O021483,C0002443,184,size_fit,19.24,0
R003799,O021484,C0002443,203,size_fit,27.05,0
R003800,O021489,C0002444,59,changed_mind,79.54,0
R003801,O021498,C0002445,129,defective,23.06,0
R003802,O021507,C0002446,209,size_fit,41.05,0
R003803,O021512,C0002447,65,defective,16.23,0
R003804,O021537,C0002450,103,changed_mind,40.05,1
R003805,O021539,C0002450,131,defective,13.83,1
R003806,O021540,C0002450,146,other,67.3,1
R003807,O021542,C0002450,167,defective,10.48,1
R003808,O021552,C0002451,140,duplicate_order,21.87,0
R003809,O021554,C0002451,145,defective,9.62,0
R003810,O021588,C0002457,74,other,58.73,0
R003811,O021589,C0002457,104,duplicate_order,88.02,0
R003812,O021598,C0002457,141,not_as_described,18.48,0
R003813,O021600,C0002457,208,defective,37.37,0
R003814,O021618,C0002459,193,changed_mind,26.35,0
R003815,O021624,C0002460,209,size_fit,25.3,0
R003816,O021625,C0002461,58,duplicate_order,27.27,0
R003817,O021637,C0002462,209,changed_mind,27.61,0
R003818,O021641,C0002463,76,other,21.19,1
R003819,O021643,C0002463,95,defective,12.65,1
R003820,O021645,C0002463,146,not_as_described,40.32,1
R003821,O021646,C0002463,149,changed_mind,14.39,1
R003822,O021649,C0002463,208,changed_mind,5.83,1
R003823,O021654,C0002464,124,size_fit,16.16,0
R003824,O021655,C0002464,165,size_fit,10.8,0
R003825,O021666,C0002466,91,defective,26.65,0
R003826,O021671,C0002466,192,not_as_described,35.25,0
R003827,O021676,C0002467,126,defective,37.66,0
R003828,O021682,C0002468,147,not_as_described,10.74,0
R003829,O021701,C0002470,187,size_fit,14.7,0
R003830,O021708,C0002471,97,size_fit,27.61,0
R003831,O021715,C0002472,97,other,73.86,0
R003832,O021720,C0002472,151,duplicate_order,17.86,0
R003833,O021726,C0002473,110,other,21.34,1
R003834,O021727,C0002473,116,defective,41.05,1
R003835,O021728,C0002473,119,changed_mind,47.64,1
R003836,O021729,C0002473,126,size_fit,53.52,1
R003837,O021730,C0002473,147,changed_mind,27.27,1
R003838,O021732,C0002473,160,changed_mind,61.65,1
R003839,O021733,C0002473,200,not_as_described,21.72,1
R003840,O021735,C0002473,207,changed_mind,38.46,1
R003841,O021736,C0002474,48,defective,42.88,0
R003842,O021738,C0002474,124,size_fit,13.56,0
R003843,O021739,C0002474,159,duplicate_order,35.86,0
R003844,O021743,C0002474,187,size_fit,30.91,0
R003845,O021746,C0002474,209,size_fit,9.45,0
R003846,O021749,C0002475,106,not_as_described,12.6,1
R003847,O021750,C0002475,194,duplicate_order,75.89,1
R003848,O021761,C0002476,188,size_fit,21.92,0
R003849,O021770,C0002477,116,changed_mind,18.17,1
R003850,O021771,C0002477,118,changed_mind,21.72,1
R003851,O021772,C0002477,116,changed_mind,21.87,1
R003852,O021773,C0002477,127,changed_mind,35.51,1
R003853,O021774,C0002477,135,other,20.35,1
R003854,O021779,C0002477,207,changed_mind,18.89,1
R003855,O021781,C0002478,80,changed_mind,12.7,1
R003856,O021784,C0002478,103,changed_mind,34.09,1
R003857,O021785,C0002478,101,defective,7.94,1
R003858,O021787,C0002478,127,other,18.48,1
R003859,O021788,C0002478,128,defective,71.6,1
R003860,O021791,C0002479,98,other,30.91,0
R003861,O021794,C0002479,116,other,24.12,0
R003862,O021797,C0002479,130,size_fit,15.72,0
R003863,O021798,C0002479,125,other,79.54,0
R003864,O021799,C0002479,144,defective,14.79,0
R003865,O021810,C0002480,173,changed_mind,21.62,1
R003866,O021811,C0002481,89,changed_mind,36.1,1
R003867,O021813,C0002481,106,size_fit,10.08,1
R003868,O021814,C0002481,106,changed_mind,6.2,1
R003869,O021820,C0002481,190,size_fit,88.02,1
R003870,O021821,C0002481,197,defective,30.91,1
R003871,O021836,C0002485,87,duplicate_order,40.56,1
R003872,O021838,C0002485,100,other,28.11,1
R003873,O021840,C0002485,126,changed_mind,40.65,1
R003874,O021841,C0002485,135,size_fit,15.37,1
R003875,O021842,C0002485,137,changed_mind,4.14,1
R003876,O021843,C0002485,151,not_as_described,13.39,1
R003877,O021844,C0002485,151,other,12.97,1
R003878,O021845,C0002485,156,defective,31.85,1
R003879,O021846,C0002485,157,changed_mind,38.62,1
R003880,O021848,C0002485,205,changed_mind,18.74,1
R003881,O021849,C0002485,206,changed_mind,58.08,1
R003882,O021854,C0002486,186,not_as_described,60.28,0
R003883,O021859,C0002487,60,duplicate_order,47.64,1
R003884,O021861,C0002487,66,changed_mind,13.83,1
R003885,O021862,C0002487,77,changed_mind,31.4,1
R003886,O021863,C0002487,92,changed_mind,27.71,1
R003887,O021864,C0002487,113,other,12.97,1
R003888,O021869,C0002488,73,defective,12.65,0
R003889,O021870,C0002488,69,size_fit,13.39,0
R003890,O021887,C0002489,120,changed_mind,28.25,1
R003891,O021891,C0002489,157,duplicate_order,35.51,1
R003892,O021897,C0002490,84,size_fit,34.09,0
R003893,O021908,C0002491,116,duplicate_order,10.7,0
R003894,O021909,C0002491,107,not_as_described,26.72,0
R003895,O021910,C0002491,132,duplicate_order,30.01,0
R003896,O021911,C0002491,135,changed_mind,10.48,0
R003897,O021912,C0002491,139,duplicate_order,14.64,0
R003898,O021914,C0002491,163,defective,39.12,0
R003899,O021916,C0002491,184,size_fit,23.31,0
R003900,O021926,C0002492,146,not_as_described,18.51,0
R003901,O021938,C0002494,48,changed_mind,28.9,1
R003902,O021941,C0002494,86,changed_mind,71.6,1
R003903,O021943,C0002494,145,changed_mind,53.49,1
R003904,O021944,C0002494,156,duplicate_order,21.87,1
R003905,O021947,C0002495,81,other,21.03,0
R003906,O021966,C0002497,110,size_fit,23.27,0
R003907,O021971,C0002497,209,not_as_described,9.62,0
R003908,O021972,C0002498,46,changed_mind,30.08,1
R003909,O021974,C0002498,84,changed_mind,25.3,1
R003910,O021975,C0002498,83,changed_mind,41.36,1
R003911,O021986,C0002499,209,duplicate_order,9.31,0
R003912,O021988,C0002500,65,changed_mind,21.92,0
R003913,O022006,C0002501,153,not_as_described,10.08,0
R003914,O022007,C0002501,161,other,29.12,0
R003915,O022010,C0002501,174,not_as_described,6.63,0
R003916,O022014,C0002501,209,not_as_described,35.95,0
R003917,O022032,C0002503,151,duplicate_order,5.77,0
R003918,O022036,C0002504,191,other,8.89,0
R003919,O022038,C0002505,45,changed_mind,31.85,1
R003920,O022039,C0002505,52,defective,35.96,1
R003921,O022040,C0002505,62,changed_mind,10.56,1
R003922,O022041,C0002505,157,changed_mind,10.48,1
R003923,O022044,C0002505,208,changed_mind,26.82,1
R003924,O022053,C0002507,47,size_fit,12.22,0
R003925,O022065,C0002508,180,defective,60.28,0
R003926,O022066,C0002508,177,changed_mind,46.54,0
R003927,O022068,C0002508,202,defective,79.09,0
R003928,O022069,C0002508,209,defective,15.62,0
R003929,O022071,C0002508,209,duplicate_order,18.51,0
R003930,O022072,C0002508,209,other,30.91,0
R003931,O022084,C0002510,87,defective,19.22,1
R003932,O022085,C0002510,111,changed_mind,15.99,1
R003933,O022087,C0002510,127,duplicate_order,21.87,1
R003934,O022089,C0002510,158,other,48.43,1
R003935,O022090,C0002510,189,size_fit,23.06,1
R003936,O022091,C0002510,196,other,12.6,1
R003937,O022104,C0002512,141,not_as_described,23.16,0
R003938,O022114,C0002513,189,not_as_described,30.17,0
R003939,O022121,C0002514,209,not_as_described,14.84,0
R003940,O022124,C0002515,122,changed_mind,10.75,0
R003941,O022136,C0002516,113,duplicate_order,34.09,0
R003942,O022142,C0002516,207,not_as_described,12.97,0
R003943,O022161,C0002518,179,not_as_described,28.36,0
R003944,O022175,C0002521,79,changed_mind,21.03,1
R003945,O022176,C0002521,90,duplicate_order,19.67,1
R003946,O022180,C0002521,127,size_fit,10.74,1
R003947,O022182,C0002521,149,size_fit,12.22,1
R003948,O022184,C0002521,159,not_as_described,27.05,1
R003949,O022190,C0002522,101,defective,12.7,0
R003950,O022195,C0002522,181,not_as_described,23.18,0
R003951,O022197,C0002523,52,not_as_described,20.82,1
R003952,O022199,C0002523,156,not_as_described,17.56,1
R003953,O022203,C0002523,178,defective,36.57,1
R003954,O022210,C0002524,209,duplicate_order,60.28,0
R003955,O022233,C0002528,98,other,36.57,0
R003956,O022236,C0002528,193,defective,15.12,0
R003957,O022240,C0002529,188,duplicate_order,26.21,0
R003958,O022242,C0002529,194,not_as_described,19.98,0
R003959,O022286,C0002533,88,changed_mind,39.49,1
R003960,O022287,C0002533,93,changed_mind,50.41,1
R003961,O022288,C0002533,98,duplicate_order,60.28,1
R003962,O022292,C0002533,176,changed_mind,23.31,1
R003963,O022296,C0002534,97,defective,21.92,1
R003964,O022300,C0002534,141,defective,44.0,1
R003965,O022310,C0002535,209,defective,30.88,0
R003966,O022311,C0002536,49,changed_mind,15.68,1
R003967,O022312,C0002536,49,changed_mind,21.48,1
R003968,O022313,C0002536,50,changed_mind,15.72,1
R003969,O022314,C0002536,63,changed_mind,23.56,1
R003970,O022316,C0002536,78,changed_mind,11.76,1
R003971,O022317,C0002537,90,size_fit,19.98,0
R003972,O022325,C0002537,154,defective,44.59,0
R003973,O022349,C0002539,200,defective,21.08,0
R003974,O022361,C0002541,74,not_as_described,19.79,0
R003975,O022362,C0002541,92,other,15.23,0
R003976,O022364,C0002541,116,defective,14.98,0
R003977,O022365,C0002541,197,defective,25.11,0
R003978,O022367,C0002541,205,defective,86.13,0
R003979,O022368,C0002541,209,duplicate_order,26.35,0
R003980,O022369,C0002542,13,changed_mind,8.55,1
R003981,O022372,C0002542,47,changed_mind,26.98,1
R003982,O022373,C0002542,84,changed_mind,28.25,1
R003983,O022374,C0002542,88,changed_mind,23.3,1
R003984,O022377,C0002542,146,changed_mind,18.35,1
R003985,O022385,C0002542,209,other,83.18,1
R003986,O022393,C0002544,96,changed_mind,14.56,1
R003987,O022395,C0002544,131,changed_mind,60.28,1
R003988,O022396,C0002544,181,defective,29.62,1
R003989,O022422,C0002548,117,changed_mind,83.18,1
R003990,O022432,C0002548,201,not_as_described,32.22,1
R003991,O022435,C0002549,45,changed_mind,19.36,1
R003992,O022436,C0002549,76,changed_mind,26.65,1
R003993,O022437,C0002549,87,other,10.25,1
R003994,O022446,C0002550,71,defective,18.35,0
R003995,O022449,C0002550,185,changed_mind,25.3,0
R003996,O022470,C0002553,117,duplicate_order,19.24,0
R003997,O022472,C0002553,177,defective,79.54,0
R003998,O022476,C0002554,129,changed_mind,24.7,0
R003999,O022511,C0002559,116,changed_mind,30.88,0
R004000,O022514,C0002559,202,defective,25.3,0
R004001,O022518,C0002560,102,size_fit,15.37,0
R004002,O022520,C0002560,161,duplicate_order,9.11,0
R004003,O022536,C0002561,164,size_fit,23.31,0
R004004,O022561,C0002564,182,duplicate_order,2.75,0
R004005,O022571,C0002565,156,size_fit,28.05,0
R004006,O022573,C0002565,177,defective,30.25,0
R004007,O022580,C0002566,119,duplicate_order,15.63,0
R004008,O022601,C0002568,209,changed_mind,30.17,0
R004009,O022608,C0002569,138,duplicate_order,28.36,0
R004010,O022615,C0002570,90,changed_mind,10.25,0
R004011,O022624,C0002571,56,defective,6.1,1
R004012,O022631,C0002571,163,defective,47.64,1
R004013,O022632,C0002571,184,other,17.94,1
R004014,O022633,C0002571,203,size_fit,58.29,1
R004015,O022634,C0002571,209,size_fit,31.93,1
R004016,O022643,C0002572,152,other,29.57,0
R004017,O022669,C0002575,144,changed_mind,13.66,0
R004018,O022677,C0002576,175,other,40.57,0
R004019,O022687,C0002577,209,defective,19.67,0
R004020,O022692,C0002578,138,changed_mind,27.05,0
R004021,O022710,C0002580,209,other,12.65,0
R004022,O022718,C0002582,172,other,55.27,1
R004023,O022720,C0002582,179,changed_mind,14.65,1
R004024,O022722,C0002582,201,changed_mind,15.88,1
R004025,O022737,C0002584,76,changed_mind,21.19,0
R004026,O022738,C0002584,135,defective,33.94,0
R004027,O022767,C0002587,45,not_as_described,12.65,0
R004028,O022790,C0002590,163,defective,28.13,0
R004029,O022797,C0002591,59,changed_mind,13.39,1
R004030,O022798,C0002591,119,changed_mind,34.73,1
R004031,O022817,C0002593,207,duplicate_order,29.18,0
R004032,O022835,C0002595,206,defective,6.63,0
R004033,O022842,C0002596,176,not_as_described,12.65,0
R004034,O022862,C0002599,164,size_fit,32.27,0
R004035,O022871,C0002600,190,size_fit,20.66,0
R004036,O022876,C0002601,104,other,25.44,0
R004037,O022885,C0002601,209,other,21.92,0
R004038,O022902,C0002604,181,duplicate_order,14.01,0
R004039,O022906,C0002605,106,defective,22.54,0
R004040,O022909,C0002605,142,size_fit,18.63,0
R004041,O022924,C0002607,36,defective,23.3,1
R004042,O022925,C0002607,47,changed_mind,6.63,1
R004043,O022926,C0002607,50,defective,79.09,1
R004044,O022928,C0002607,64,other,76.94,1
R004045,O022929,C0002607,75,changed_mind,15.06,1
R004046,O022930,C0002607,80,changed_mind,10.56,1
R004047,O022931,C0002607,80,changed_mind,8.92,1
R004048,O022932,C0002607,81,duplicate_order,29.54,1
R004049,O022933,C0002607,91,changed_mind,39.12,1
R004050,O022938,C0002607,187,other,15.64,1
R004051,O022946,C0002608,70,duplicate_order,88.02,0
R004052,O022951,C0002609,91,size_fit,19.22,0
R004053,O022955,C0002609,153,not_as_described,21.74,0
R004054,O022964,C0002610,114,other,25.44,0
R004055,O022975,C0002611,141,changed_mind,43.01,0
R004056,O022978,C0002612,65,changed_mind,14.84,0
R004057,O022986,C0002613,75,size_fit,13.57,0
R004058,O022987,C0002613,102,duplicate_order,28.96,0
R004059,O023002,C0002614,209,changed_mind,44.0,0
R004060,O023030,C0002619,102,duplicate_order,21.24,1
R004061,O023031,C0002619,108,defective,16.89,1
R004062,O023032,C0002619,130,changed_mind,14.94,1
R004063,O023033,C0002619,158,changed_mind,12.22,1
R004064,O023037,C0002619,201,changed_mind,39.12,1
R004065,O023049,C0002621,134,duplicate_order,31.57,0
R004066,O023059,C0002622,92,defective,24.96,0
R004067,O023068,C0002622,209,size_fit,22.31,0
R004068,O023074,C0002623,209,size_fit,30.25,0
R004069,O023080,C0002625,44,changed_mind,12.97,0
R004070,O023089,C0002626,44,not_as_described,11.11,0
R004071,O023107,C0002627,191,defective,52.7,1
R004072,O023119,C0002629,118,defective,24.55,0
R004073,O023124,C0002629,183,changed_mind,19.67,0
R004074,O023136,C0002631,32,other,22.31,0
R004075,O023146,C0002631,209,other,23.27,0
R004076,O023149,C0002632,128,defective,30.17,0
R004077,O023161,C0002633,155,changed_mind,23.18,0
R004078,O023180,C0002635,172,duplicate_order,28.05,0
R004079,O023188,C0002636,178,not_as_described,29.96,0
R004080,O023193,C0002637,62,changed_mind,25.44,1
R004081,O023194,C0002637,76,changed_mind,27.99,1
R004082,O023196,C0002637,105,changed_mind,29.58,1
R004083,O023205,C0002638,107,defective,13.3,0
R004084,O023214,C0002640,26,other,53.49,1
R004085,O023215,C0002640,38,other,45.94,1
R004086,O023217,C0002640,174,other,6.2,1
R004087,O023237,C0002643,102,duplicate_order,35.46,0
R004088,O023244,C0002644,35,changed_mind,10.3,1
R004089,O023245,C0002644,55,size_fit,51.92,1
R004090,O023247,C0002644,77,changed_mind,25.48,1
R004091,O023248,C0002644,77,duplicate_order,15.68,1
R004092,O023249,C0002644,77,changed_mind,16.57,1
R004093,O023250,C0002644,94,changed_mind,17.86,1
R004094,O023251,C0002644,112,changed_mind,14.84,1
R004095,O023252,C0002644,118,changed_mind,37.66,1
R004096,O023253,C0002644,117,changed_mind,25.11,1
R004097,O023271,C0002646,130,not_as_described,165.23,0
R004098,O023276,C0002646,181,not_as_described,17.94,0
R004099,O023278,C0002647,94,changed_mind,24.51,1
R004100,O023283,C0002647,153,not_as_described,19.67,1
R004101,O023286,C0002647,170,size_fit,18.51,1
R004102,O023302,C0002649,42,duplicate_order,6.35,1
R004103,O023303,C0002649,52,changed_mind,17.16,1
R004104,O023307,C0002650,62,changed_mind,21.92,1
R004105,O023308,C0002650,174,not_as_described,35.46,1
R004106,O023309,C0002650,175,changed_mind,48.39,1
R004107,O023310,C0002650,191,other,9.72,1
R004108,O023311,C0002650,197,changed_mind,70.86,1
R004109,O023313,C0002651,108,changed_mind,34.09,1
R004110,O023314,C0002651,121,not_as_described,12.43,1
R004111,O023340,C0002653,190,duplicate_order,18.18,0
R004112,O023346,C0002655,56,other,33.54,0
R004113,O023351,C0002655,167,size_fit,14.39,0
R004114,O023358,C0002657,88,size_fit,27.71,1
R004115,O023359,C0002657,95,defective,16.56,1
R004116,O023361,C0002657,106,changed_mind,18.74,1
R004117,O023363,C0002657,181,size_fit,35.46,1
R004118,O023399,C0002663,158,changed_mind,11.4,0
R004119,O023404,C0002664,40,changed_mind,32.09,1
R004120,O023406,C0002664,57,changed_mind,40.56,1
R004121,O023407,C0002664,90,changed_mind,37.31,1
R004122,O023408,C0002664,106,not_as_described,21.38,1
R004123,O023409,C0002664,176,not_as_described,28.15,1
R004124,O023410,C0002664,180,changed_mind,32.07,1
R004125,O023418,C0002665,197,size_fit,22.31,0
R004126,O023431,C0002667,173,not_as_described,29.54,0
R004127,O023435,C0002668,57,not_as_described,35.46,0
R004128,O023442,C0002669,76,changed_mind,16.71,1
R004129,O023444,C0002669,110,changed_mind,20.7,1
R004130,O023447,C0002669,129,changed_mind,22.31,1
R004131,O023452,C0002670,51,changed_mind,29.54,1
R004132,O023455,C0002670,100,changed_mind,21.24,1
R004133,O023456,C0002670,107,changed_mind,19.24,1
R004134,O023457,C0002670,106,changed_mind,14.84,1
R004135,O023458,C0002670,127,size_fit,40.56,1
R004136,O023459,C0002670,146,duplicate_order,40.98,1
R004137,O023461,C0002670,180,not_as_described,33.54,1
R004138,O023470,C0002672,27,changed_mind,32.02,1
R004139,O023472,C0002672,83,changed_mind,32.07,1
R004140,O023474,C0002672,123,changed_mind,28.11,1
R004141,O023476,C0002672,153,changed_mind,31.84,1
R004142,O023477,C0002672,160,not_as_described,23.16,1
R004143,O023478,C0002672,168,defective,13.22,1
R004144,O023491,C0002675,83,defective,39.49,1
R004145,O023493,C0002675,83,not_as_described,31.84,1
R004146,O023494,C0002675,91,other,39.49,1
R004147,O023495,C0002675,89,changed_mind,33.72,1
R004148,O023497,C0002675,110,defective,14.64,1
R004149,O023498,C0002675,129,changed_mind,18.64,1
R004150,O023499,C0002675,147,defective,8.92,1
R004151,O023501,C0002675,165,changed_mind,58.08,1
R004152,O023502,C0002675,198,other,88.02,1
R004153,O023503,C0002675,205,defective,40.65,1
R004154,O023507,C0002676,116,size_fit,28.74,0
R004155,O023514,C0002677,103,duplicate_order,10.3,0
R004156,O023532,C0002678,209,changed_mind,21.08,0
R004157,O023542,C0002679,190,duplicate_order,37.66,0
R004158,O023552,C0002680,172,other,61.65,0
R004159,O023566,C0002682,97,other,12.59,0
R004160,O023567,C0002682,117,duplicate_order,38.46,0
R004161,O023573,C0002683,169,defective,55.27,0
R004162,O023578,C0002684,87,changed_mind,16.23,1
R004163,O023580,C0002684,109,changed_mind,32.72,1
R004164,O023581,C0002684,117,changed_mind,23.16,1
R004165,O023582,C0002684,119,changed_mind,58.73,1
R004166,O023584,C0002684,154,changed_mind,7.94,1
R004167,O023586,C0002684,178,not_as_described,33.72,1
R004168,O023589,C0002684,199,changed_mind,15.23,1
R004169,O023609,C0002688,145,other,34.09,0
R004170,O023626,C0002690,93,changed_mind,21.72,1
R004171,O023627,C0002690,132,changed_mind,37.32,1
R004172,O023629,C0002690,186,not_as_described,33.54,1
R004173,O023637,C0002691,189,not_as_described,83.18,0
R004174,O023638,C0002692,79,changed_mind,7.81,1
R004175,O023639,C0002692,87,changed_mind,16.89,1
R004176,O023640,C0002692,102,other,31.84,1
R004177,O023641,C0002692,103,changed_mind,6.63,1
R004178,O023642,C0002692,107,changed_mind,22.37,1
R004179,O023663,C0002694,66,other,32.72,0
R004180,O023678,C0002696,68,duplicate_order,25.79,0
R004181,O023681,C0002697,55,changed_mind,21.34,0
R004182,O023703,C0002701,123,size_fit,15.68,0
R004183,O023711,C0002702,191,changed_mind,35.57,0
R004184,O023715,C0002703,67,not_as_described,53.15,0
R004185,O023755,C0002707,196,size_fit,73.86,0
R004186,O023758,C0002708,103,changed_mind,20.02,1
R004187,O023759,C0002708,118,duplicate_order,17.86,1
R004188,O023760,C0002708,126,not_as_described,30.25,1
R004189,O023761,C0002708,130,changed_mind,6.1,1
R004190,O023762,C0002708,176,changed_mind,28.05,1
R004191,O023764,C0002708,179,duplicate_order,21.19,1
R004192,O023766,C0002708,192,changed_mind,43.01,1
R004193,O023781,C0002711,124,size_fit,18.32,1
R004194,O023785,C0002711,165,defective,38.03,1
R004195,O023786,C0002711,174,changed_mind,8.68,1
R004196,O023788,C0002711,204,duplicate_order,21.62,1
R004197,O023790,C0002712,126,defective,31.85,0
R004198,O023799,C0002713,163,changed_mind,45.94,0
R004199,O023800,C0002713,196,changed_mind,19.16,0
R004200,O023804,C0002713,209,other,24.5,0
R004201,O023806,C0002714,103,changed_mind,12.59,1
R004202,O023808,C0002714,115,size_fit,33.54,1
R004203,O023816,C0002714,207,not_as_described,24.35,1
R004204,O023818,C0002715,97,changed_mind,58.08,1
R004205,O023819,C0002715,106,defective,10.48,1
R004206,O023823,C0002715,145,size_fit,22.54,1
R004207,O023828,C0002716,80,changed_mind,20.29,0
R004208,O023830,C0002716,86,changed_mind,79.54,0
R004209,O023853,C0002718,108,size_fit,10.48,0
R004210,O023854,C0002718,146,changed_mind,28.05,0
R004211,O023856,C0002718,153,other,165.23,0
R004212,O023872,C0002720,92,changed_mind,16.89,1
R004213,O023873,C0002720,96,changed_mind,18.63,1
R004214,O023874,C0002720,113,not_as_described,41.98,1
R004215,O023879,C0002720,184,other,34.09,1
R004216,O023882,C0002721,99,duplicate_order,83.18,0
R004217,O023901,C0002723,118,duplicate_order,5.27,0
R004218,O023906,C0002723,193,defective,27.95,0
R004219,O023943,C0002726,190,not_as_described,47.16,0
R004220,O023951,C0002727,108,changed_mind,29.18,0
R004221,O023964,C0002728,196,duplicate_order,7.81,0
R004222,O023969,C0002729,91,size_fit,26.35,0
R004223,O023976,C0002729,200,other,34.09,0
R004224,O023983,C0002730,146,defective,21.06,0
R004225,O024006,C0002733,97,other,43.86,1
R004226,O024007,C0002733,106,changed_mind,16.56,1
R004227,O024013,C0002733,209,changed_mind,22.4,1
R004228,O024015,C0002734,98,defective,25.33,0
R004229,O024027,C0002735,117,defective,32.27,0
R004230,O024066,C0002740,161,duplicate_order,14.61,0
R004231,O024075,C0002742,67,changed_mind,9.77,0
R004232,O024103,C0002746,43,not_as_described,35.52,0
R004233,O024112,C0002746,199,not_as_described,14.94,0
R004234,O024113,C0002746,209,size_fit,13.66,0
R004235,O024115,C0002747,78,defective,23.39,0
R004236,O024128,C0002749,86,duplicate_order,17.94,0
R004237,O024141,C0002750,122,duplicate_order,23.42,0
R004238,O024142,C0002750,131,other,24.12,0
R004239,O024146,C0002750,197,size_fit,50.41,0
R004240,O024156,C0002752,91,other,28.21,1
R004241,O024158,C0002752,94,not_as_described,26.72,1
R004242,O024164,C0002752,146,not_as_described,29.57,1
R004243,O024165,C0002753,50,changed_mind,17.21,1
R004244,O024166,C0002753,58,changed_mind,18.48,1
R004245,O024171,C0002753,196,duplicate_order,20.08,1
R004246,O024176,C0002754,119,defective,26.35,0
R004247,O024178,C0002754,155,duplicate_order,30.08,0
R004248,O024204,C0002758,126,changed_mind,13.39,0
R004249,O024213,C0002759,164,changed_mind,26.82,0
R004250,O024214,C0002759,170,size_fit,18.17,0
R004251,O024247,C0002763,104,size_fit,15.23,0
R004252,O024253,C0002763,162,duplicate_order,27.95,0
R004253,O024266,C0002765,98,changed_mind,9.31,1
R004254,O024267,C0002765,108,duplicate_order,13.22,1
R004255,O024268,C0002765,119,changed_mind,25.3,1
R004256,O024269,C0002765,139,changed_mind,19.03,1
R004257,O024270,C0002765,146,changed_mind,28.21,1
R004258,O024272,C0002765,176,changed_mind,30.91,1
R004259,O024305,C0002768,156,size_fit,18.35,0
R004260,O024315,C0002769,189,changed_mind,25.33,0
R004261,O024326,C0002770,209,duplicate_order,21.72,0
R004262,O024330,C0002771,136,not_as_described,30.08,0
R004263,O024331,C0002771,154,not_as_described,6.63,0
R004264,O024361,C0002775,175,changed_mind,19.98,1
R004265,O024365,C0002776,56,defective,20.7,0
R004266,O024367,C0002776,127,size_fit,23.18,0
R004267,O024376,C0002777,118,other,11.11,0
R004268,O024395,C0002780,75,size_fit,16.18,0
R004269,O024424,C0002784,86,changed_mind,21.74,0
R004270,O024433,C0002785,149,not_as_described,49.54,0
R004271,O024437,C0002786,39,changed_mind,15.12,1
R004272,O024441,C0002786,95,other,21.9,1
R004273,O024442,C0002786,105,defective,21.74,1
R004274,O024443,C0002786,186,not_as_described,28.2,1
R004275,O024450,C0002787,110,not_as_described,25.44,0
R004276,O024461,C0002788,61,changed_mind,47.64,1
R004277,O024475,C0002789,40,changed_mind,28.21,0
R004278,O024480,C0002789,171,size_fit,15.37,0
R004279,O024493,C0002791,209,size_fit,11.78,0
R004280,O024495,C0002792,65,changed_mind,23.3,1
R004281,O024496,C0002792,73,not_as_described,9.38,1
R004282,O024505,C0002793,150,other,61.65,0
R004283,O024506,C0002793,171,changed_mind,13.1,0
R004284,O024509,C0002793,192,changed_mind,31.18,0
R004285,O024512,C0002794,49,duplicate_order,34.76,0
R004286,O024515,C0002794,92,defective,6.1,0
R004287,O024527,C0002795,209,other,10.75,0
R004288,O024541,C0002796,209,size_fit,15.52,0
R004289,O024543,C0002797,174,size_fit,13.83,0
R004290,O024556,C0002798,179,other,88.02,0
R004291,O024564,C0002799,148,duplicate_order,31.84,0
R004292,O024565,C0002799,178,not_as_described,35.46,0
R004293,O024570,C0002800,105,defective,8.92,1
R004294,O024571,C0002800,105,not_as_described,75.89,1
R004295,O024572,C0002800,109,changed_mind,28.13,1
R004296,O024575,C0002800,130,duplicate_order,18.64,1
R004297,O024576,C0002800,151,changed_mind,18.17,1
R004298,O024579,C0002800,165,defective,11.78,1
R004299,O024580,C0002800,173,changed_mind,30.88,1
R004300,O024581,C0002800,174,changed_mind,19.48,1
R004301,O024582,C0002800,179,changed_mind,22.66,1
R004302,O024584,C0002800,189,defective,13.39,1
R004303,O024585,C0002800,203,changed_mind,20.29,1
R004304,O024586,C0002800,203,changed_mind,18.35,1
R004305,O024593,C0002802,48,changed_mind,62.61,1
R004306,O024594,C0002802,80,size_fit,12.63,1
R004307,O024595,C0002802,85,changed_mind,55.27,1
R004308,O024603,C0002803,87,other,35.25,0
R004309,O024630,C0002806,45,changed_mind,10.3,1
R004310,O024632,C0002806,70,changed_mind,18.64,1
R004311,O024642,C0002806,209,size_fit,34.73,1
R004312,O024681,C0002812,31,changed_mind,25.02,0
R004313,O024685,C0002812,56,other,58.13,0
R004314,O024686,C0002812,121,not_as_described,19.24,0
R004315,O024690,C0002812,209,other,8.92,0
R004316,O024693,C0002812,209,not_as_described,32.1,0
R004317,O024694,C0002813,16,not_as_described,25.48,1
R004318,O024695,C0002813,25,changed_mind,35.96,1
R004319,O024697,C0002813,37,changed_mind,31.84,1
R004320,O024706,C0002814,149,duplicate_order,35.46,0
R004321,O024711,C0002814,183,duplicate_order,31.93,0
R004322,O024730,C0002817,84,changed_mind,22.37,1
R004323,O024731,C0002817,90,size_fit,63.27,1
R004324,O024732,C0002817,97,not_as_described,20.82,1
R004325,O024735,C0002817,142,changed_mind,28.25,1
R004326,O024736,C0002817,153,changed_mind,27.61,1
R004327,O024737,C0002817,160,changed_mind,20.82,1
R004328,O024739,C0002817,175,changed_mind,35.57,1
R004329,O024741,C0002817,199,changed_mind,20.08,1
R004330,O024742,C0002817,209,defective,34.09,1
R004331,O024743,C0002818,70,changed_mind,10.25,1
R004332,O024745,C0002818,75,not_as_described,18.63,1
R004333,O024746,C0002818,78,changed_mind,12.43,1
R004334,O024747,C0002818,105,changed_mind,22.76,1
R004335,O024749,C0002818,158,changed_mind,24.12,1
R004336,O024751,C0002818,163,changed_mind,11.11,1
R004337,O024752,C0002818,181,changed_mind,21.25,1
R004338,O024753,C0002818,206,other,36.57,1
R004339,O024758,C0002819,178,defective,33.88,0
R004340,O024762,C0002820,110,changed_mind,24.51,1
R004341,O024766,C0002820,168,duplicate_order,19.16,1
R004342,O024770,C0002820,209,duplicate_order,39.49,1
R004343,O024780,C0002822,138,changed_mind,28.15,1
R004344,O024781,C0002822,174,changed_mind,48.43,1
R004345,O024782,C0002822,197,changed_mind,22.31,1
R004346,O024784,C0002822,209,defective,23.16,1
R004347,O024786,C0002823,35,size_fit,13.56,1
R004348,O024787,C0002823,73,changed_mind,47.16,1
R004349,O024788,C0002823,81,changed_mind,21.08,1
R004350,O024789,C0002823,86,changed_mind,19.03,1
R004351,O024790,C0002823,91,changed_mind,28.25,1
R004352,O024792,C0002823,113,changed_mind,62.61,1
R004353,O024798,C0002824,119,changed_mind,59.8,0
R004354,O024816,C0002827,88,size_fit,54.18,0
R004355,O024841,C0002828,209,changed_mind,10.3,0
R004356,O024857,C0002830,126,other,20.95,0
R004357,O024864,C0002831,83,not_as_described,22.66,1
R004358,O024865,C0002831,88,not_as_described,11.4,1
R004359,O024870,C0002831,181,changed_mind,62.61,1
R004360,O024871,C0002831,186,not_as_described,22.31,1
R004361,O024898,C0002835,26,defective,44.0,0
R004362,O024902,C0002836,55,other,30.25,0
R004363,O024904,C0002836,92,other,17.17,0
R004364,O024960,C0002842,201,changed_mind,35.96,0
R004365,O024965,C0002843,155,changed_mind,21.69,0
R004366,O024971,C0002844,27,not_as_described,35.46,0
R004367,O024973,C0002844,21,duplicate_order,34.73,0
R004368,O024977,C0002844,101,defective,5.47,0
R004369,O024990,C0002845,176,duplicate_order,25.44,0
R004370,O024991,C0002845,184,not_as_described,21.92,0
R004371,O025003,C0002847,177,changed_mind,6.1,0
R004372,O025007,C0002848,97,changed_mind,19.67,1
R004373,O025008,C0002848,97,duplicate_order,31.84,1
R004374,O025010,C0002848,146,not_as_described,33.72,1
R004375,O025011,C0002848,162,defective,79.54,1
R004376,O025021,C0002849,127,duplicate_order,31.84,0
R004377,O025039,C0002851,128,not_as_described,9.31,0
R004378,O025063,C0002854,175,duplicate_order,29.0,0
R004379,O025066,C0002855,37,size_fit,9.62,1
R004380,O025067,C0002855,47,changed_mind,30.25,1
R004381,O025068,C0002855,62,changed_mind,10.3,1
R004382,O025069,C0002855,62,changed_mind,23.55,1
R004383,O025071,C0002855,108,changed_mind,22.37,1
R004384,O025073,C0002855,139,changed_mind,14.39,1
R004385,O025075,C0002855,144,changed_mind,26.35,1
R004386,O025086,C0002856,185,other,40.22,0
R004387,O025087,C0002856,198,duplicate_order,22.66,0
R004388,O025093,C0002857,200,duplicate_order,20.5,0
R004389,O025109,C0002860,72,changed_mind,28.21,0
R004390,O025120,C0002862,91,duplicate_order,6.1,1
R004391,O025121,C0002862,91,not_as_described,32.22,1
R004392,O025122,C0002862,103,changed_mind,6.63,1
R004393,O025123,C0002862,113,not_as_described,35.51,1
R004394,O025149,C0002865,137,not_as_described,20.5,0
R004395,O025162,C0002867,88,changed_mind,28.21,1
R004396,O025163,C0002867,103,size_fit,23.18,1
R004397,O025164,C0002867,105,other,20.04,1
R004398,O025165,C0002867,113,changed_mind,32.7,1
R004399,O025180,C0002869,146,other,25.44,0
R004400,O025188,C0002869,188,other,21.92,0
R004401,O025205,C0002871,68,changed_mind,42.82,1
R004402,O025206,C0002871,98,duplicate_order,40.65,1
R004403,O025207,C0002871,103,changed_mind,14.7,1
R004404,O025208,C0002871,111,size_fit,19.03,1
R004405,O025212,C0002871,196,size_fit,12.59,1
R004406,O025213,C0002871,201,not_as_described,11.4,1
R004407,O025224,C0002873,134,not_as_described,19.24,0
R004408,O025227,C0002874,117,changed_mind,21.24,1
R004409,O025229,C0002874,127,size_fit,6.35,1
R004410,O025230,C0002874,156,defective,39.49,1
R004411,O025232,C0002874,157,changed_mind,67.3,1
R004412,O025234,C0002874,167,changed_mind,19.67,1
R004413,O025235,C0002874,172,changed_mind,47.64,1
R004414,O025237,C0002874,209,size_fit,24.51,1
R004415,O025238,C0002875,13,not_as_described,13.66,0
R004416,O025241,C0002875,68,not_as_described,86.13,0
R004417,O025244,C0002875,91,other,59.89,0
R004418,O025245,C0002875,153,defective,83.18,0
R004419,O025246,C0002875,162,changed_mind,53.15,0
R004420,O025255,C0002876,204,duplicate_order,73.86,0
R004421,O025268,C0002878,67,defective,42.32,0
R004422,O025276,C0002879,15,duplicate_order,16.57,0
R004423,O025278,C0002879,57,duplicate_order,20.29,0
R004424,O025282,C0002879,143,not_as_described,13.55,0
R004425,O025284,C0002880,61,changed_mind,5.83,1
R004426,O025288,C0002880,88,changed_mind,14.7,1
R004427,O025291,C0002880,113,changed_mind,48.43,1
R004428,O025292,C0002880,121,changed_mind,165.23,1
R004429,O025294,C0002880,157,changed_mind,12.7,1
R004430,O025295,C0002880,168,changed_mind,23.06,1
R004431,O025296,C0002880,177,changed_mind,36.57,1
R004432,O025297,C0002880,193,not_as_described,17.95,1
R004433,O025298,C0002880,193,size_fit,14.01,1
R004434,O025299,C0002880,197,changed_mind,37.02,1
R004435,O025303,C0002881,144,defective,24.99,0
R004436,O025304,C0002881,162,defective,75.89,0
R004437,O025310,C0002882,143,size_fit,13.1,0
R004438,O025318,C0002883,31,defective,28.05,1
R004439,O025319,C0002883,38,changed_mind,10.48,1
R004440,O025320,C0002883,39,defective,8.92,1
R004441,O025321,C0002883,60,defective,19.16,1
R004442,O025341,C0002885,76,changed_mind,13.3,1
R004443,O025342,C0002885,184,duplicate_order,22.03,1
R004444,O025353,C0002887,62,changed_mind,24.96,1
R004445,O025354,C0002887,95,changed_mind,8.92,1
R004446,O025357,C0002887,149,size_fit,21.69,1
R004447,O025392,C0002891,91,size_fit,21.92,0
R004448,O025402,C0002892,39,not_as_described,26.72,1
R004449,O025410,C0002892,157,size_fit,17.16,1
R004450,O025414,C0002892,171,not_as_described,75.89,1
R004451,O025424,C0002893,118,other,25.44,0
R004452,O025435,C0002894,38,other,35.46,0
R004453,O025451,C0002896,43,other,38.62,0
R004454,O025452,C0002896,130,changed_mind,28.2,0
R004455,O025461,C0002897,191,duplicate_order,22.55,0
R004456,O025470,C0002898,161,defective,27.71,0
R004457,O025485,C0002900,129,changed_mind,20.5,1
R004458,O025486,C0002900,136,other,51.92,1
R004459,O025487,C0002900,140,defective,26.65,1
R004460,O025488,C0002900,149,changed_mind,16.91,1
R004461,O025491,C0002900,189,changed_mind,29.0,1
R004462,O025492,C0002900,209,changed_mind,35.57,1
R004463,O025498,C0002901,162,duplicate_order,25.44,0
R004464,O025512,C0002902,131,duplicate_order,25.44,0
R004465,O025513,C0002902,148,not_as_described,21.92,0
R004466,O025514,C0002902,168,other,25.44,0
R004467,O025519,C0002902,201,size_fit,25.44,0
R004468,O025548,C0002906,155,not_as_described,31.45,0
R004469,O025566,C0002907,174,not_as_described,26.65,0
R004470,O025569,C0002907,209,not_as_described,34.73,0
R004471,O025571,C0002908,126,other,30.25,0
R004472,O025577,C0002909,80,changed_mind,31.84,0
R004473,O025584,C0002909,177,duplicate_order,28.96,0
R004474,O025608,C0002912,90,size_fit,73.86,0
R004475,O025621,C0002913,153,not_as_described,17.17,0
R004476,O025624,C0002914,110,size_fit,33.54,0
R004477,O025626,C0002914,108,not_as_described,18.64,0
R004478,O025656,C0002918,144,duplicate_order,40.65,0
R004479,O025668,C0002920,126,not_as_described,12.14,0
R004480,O025674,C0002921,81,not_as_described,26.72,0
R004481,O025696,C0002923,209,size_fit,24.74,0
R004482,O025704,C0002925,75,size_fit,7.81,1
R004483,O025707,C0002925,142,duplicate_order,23.55,1
R004484,O025709,C0002925,154,changed_mind,16.57,1
R004485,O025715,C0002926,183,defective,74.34,0
R004486,O025722,C0002927,191,size_fit,9.62,0
R004487,O025728,C0002928,172,defective,18.48,0
R004488,O025730,C0002928,180,changed_mind,18.35,0
R004489,O025744,C0002930,70,not_as_described,20.7,0
R004490,O025754,C0002931,157,other,9.45,0
R004491,O025767,C0002933,105,changed_mind,32.1,1
R004492,O025768,C0002933,114,changed_mind,28.2,1
R004493,O025769,C0002933,115,changed_mind,13.3,1
R004494,O025776,C0002934,66,changed_mind,26.65,0
R004495,O025790,C0002935,61,changed_mind,18.51,1
R004496,O025791,C0002935,68,changed_mind,59.89,1
R004497,O025792,C0002935,100,changed_mind,7.67,1
R004498,O025796,C0002935,142,changed_mind,57.77,1
R004499,O025798,C0002935,166,defective,20.66,1
R004500,O025808,C0002937,141,defective,18.35,0
R004501,O025811,C0002937,149,duplicate_order,16.18,0
R004502,O025812,C0002937,155,duplicate_order,21.03,0
R004503,O025815,C0002937,199,duplicate_order,39.49,0
R004504,O025817,C0002938,156,changed_mind,28.74,0
R004505,O025827,C0002940,93,changed_mind,21.38,1
R004506,O025828,C0002940,95,other,34.73,1
R004507,O025846,C0002942,87,changed_mind,26.54,1
R004508,O025847,C0002942,116,duplicate_order,30.08,1
R004509,O025848,C0002942,127,changed_mind,12.43,1
R004510,O025850,C0002942,158,changed_mind,35.96,1
R004511,O025851,C0002942,175,defective,36.1,1
R004512,O025857,C0002943,171,duplicate_order,15.99,0
R004513,O025872,C0002945,115,defective,15.52,0
R004514,O025889,C0002947,88,size_fit,22.55,1
R004515,O025896,C0002948,142,changed_mind,73.86,1
R004516,O025897,C0002948,155,changed_mind,30.04,1
R004517,O025899,C0002948,192,changed_mind,18.35,1
R004518,O025900,C0002948,195,changed_mind,49.54,1
R004519,O025901,C0002948,197,size_fit,7.43,1
R004520,O025917,C0002951,24,duplicate_order,20.86,0
R004521,O025921,C0002951,105,changed_mind,12.7,0
R004522,O025931,C0002953,136,other,30.88,0
R004523,O025934,C0002954,78,size_fit,12.26,0
R004524,O025935,C0002954,109,duplicate_order,8.92,0
R004525,O025946,C0002954,173,changed_mind,11.78,0
R004526,O025951,C0002955,166,changed_mind,44.0,0
R004527,O025953,C0002956,131,duplicate_order,18.74,1
R004528,O025954,C0002956,142,defective,55.83,1
R004529,O025956,C0002956,154,changed_mind,39.78,1
R004530,O025958,C0002956,179,changed_mind,47.64,1
R004531,O025959,C0002956,181,not_as_described,12.97,1
R004532,O025960,C0002956,190,changed_mind,35.25,1
R004533,O025961,C0002956,200,changed_mind,31.85,1
R004534,O025973,C0002958,176,other,19.67,0
R004535,O025988,C0002960,86,duplicate_order,21.24,1
R004536,O025989,C0002960,95,changed_mind,70.86,1
R004537,O025991,C0002960,116,changed_mind,18.74,1
R004538,O025992,C0002961,83,changed_mind,18.63,0
R004539,O026003,C0002962,51,duplicate_order,31.02,0
R004540,O026004,C0002962,92,size_fit,27.61,0
R004541,O026014,C0002963,209,other,39.49,0
R004542,O026015,C0002964,105,changed_mind,13.1,1
R004543,O026018,C0002964,137,changed_mind,53.99,1
R004544,O026019,C0002964,151,size_fit,15.61,1
R004545,O026020,C0002964,186,changed_mind,15.23,1
R004546,O026024,C0002965,154,defective,12.26,0
R004547,O026032,C0002966,145,defective,37.02,0
R004548,O026072,C0002970,126,duplicate_order,23.2,0
R004549,O026077,C0002970,209,not_as_described,33.72,0
R004550,O026080,C0002971,168,defective,31.57,0
R004551,O026081,C0002972,63,duplicate_order,16.23,0
R004552,O026094,C0002973,167,defective,19.13,0
R004553,O026095,C0002973,189,other,6.63,0
R004554,O026101,C0002974,119,other,41.36,0
R004555,O026104,C0002974,176,other,11.11,0
R004556,O026107,C0002975,75,changed_mind,18.63,0
R004557,O026109,C0002975,115,not_as_described,27.71,0
R004558,O026154,C0002983,182,changed_mind,14.94,0
R004559,O026160,C0002984,91,not_as_described,18.48,0
R004560,O026162,C0002984,124,changed_mind,15.23,0
R004561,O026169,C0002984,203,size_fit,20.5,0
R004562,O026192,C0002986,140,size_fit,37.32,0
R004563,O026194,C0002986,167,not_as_described,35.51,0
R004564,O026200,C0002987,129,not_as_described,14.39,0
R004565,O026205,C0002987,161,size_fit,11.11,0
R004566,O026211,C0002988,50,duplicate_order,19.03,1
R004567,O026213,C0002988,81,changed_mind,40.22,1
R004568,O026214,C0002988,112,changed_mind,18.83,1
R004569,O026215,C0002988,143,duplicate_order,15.99,1
R004570,O026217,C0002988,152,changed_mind,45.94,1
R004571,O026218,C0002988,171,changed_mind,19.63,1
R004572,O026220,C0002988,198,other,28.25,1
R004573,O026261,C0002992,146,not_as_described,17.95,0
R004574,O026268,C0002993,135,defective,14.64,1
R004575,O026296,C0002996,189,size_fit,11.78,0
R004576,O026319,C0002999,131,duplicate_order,46.54,0
R004577,O026328,C0003000,36,changed_mind,15.23,1
R004578,O026329,C0003000,57,changed_mind,39.49,1
R004579,O026330,C0003000,94,changed_mind,32.7,1
R004580,O026331,C0003000,100,changed_mind,18.63,1
R004581,O026333,C0003000,121,changed_mind,18.48,1
R004582,O026335,C0003000,142,not_as_described,21.71,1
R004583,O026339,C0003000,178,changed_mind,9.11,1
R004584,O026340,C0003000,178,defective,25.11,1
R004585,O026341,C0003000,186,changed_mind,38.62,1
R004586,O026342,C0003000,189,changed_mind,57.77,1
R004587,O026350,C0003002,93,not_as_described,53.15,0
R004588,O026352,C0003002,103,other,22.66,0
R004589,O026364,C0003003,123,changed_mind,25.44,0
R004590,O026365,C0003003,131,duplicate_order,21.92,0
R004591,O026369,C0003004,65,changed_mind,21.08,1
R004592,O026371,C0003004,76,changed_mind,17.86,1
R004593,O026373,C0003004,138,changed_mind,35.96,1
R004594,O026375,C0003005,137,other,14.98,0
R004595,O026376,C0003005,133,changed_mind,25.79,0
R004596,O026395,C0003007,83,defective,15.99,0
R004597,O026404,C0003008,134,size_fit,16.89,0
R004598,O026405,C0003008,136,changed_mind,26.72,0
R004599,O026406,C0003009,39,other,21.06,1
R004600,O026409,C0003009,161,changed_mind,25.02,1
R004601,O026411,C0003009,192,changed_mind,30.91,1
R004602,O026422,C0003011,174,changed_mind,24.12,0
R004603,O026427,C0003011,208,defective,86.13,0
R004604,O026429,C0003012,108,changed_mind,20.7,1
R004605,O026430,C0003012,111,changed_mind,11.4,1
R004606,O026431,C0003012,116,other,25.48,1
R004607,O026434,C0003012,159,changed_mind,12.65,1
R004608,O026435,C0003012,161,changed_mind,6.1,1
R004609,O026436,C0003012,171,changed_mind,50.83,1
R004610,O026443,C0003013,104,not_as_described,20.02,0
R004611,O026450,C0003014,104,not_as_described,20.5,0
R004612,O026475,C0003017,41,changed_mind,37.66,1
R004613,O026477,C0003017,53,changed_mind,29.58,1
R004614,O026478,C0003017,79,changed_mind,27.85,1
R004615,O026480,C0003017,117,not_as_described,23.16,1
R004616,O026499,C0003020,79,defective,21.34,0
R004617,O026508,C0003021,96,changed_mind,10.74,1
R004618,O026515,C0003021,160,defective,16.18,1
R004619,O026517,C0003021,188,size_fit,33.54,1
R004620,O026532,C0003022,175,size_fit,40.56,0
R004621,O026534,C0003023,54,changed_mind,28.55,1
R004622,O026535,C0003023,57,other,6.1,1
R004623,O026536,C0003023,82,size_fit,25.3,1
R004624,O026537,C0003023,83,not_as_described,14.84,1
R004625,O026538,C0003023,92,changed_mind,24.35,1
R004626,O026543,C0003024,111,size_fit,22.55,1
R004627,O026545,C0003024,118,changed_mind,23.2,1
R004628,O026546,C0003024,123,size_fit,47.64,1
R004629,O026548,C0003024,125,changed_mind,8.68,1
R004630,O026549,C0003024,139,changed_mind,30.01,1
R004631,O026553,C0003024,155,changed_mind,24.51,1
R004632,O026555,C0003024,193,defective,28.96,1
R004633,O026566,C0003026,63,duplicate_order,35.46,1
R004634,O026568,C0003026,91,changed_mind,29.66,1
R004635,O026569,C0003026,93,not_as_described,55.27,1
R004636,O026570,C0003026,100,changed_mind,28.9,1
R004637,O026572,C0003026,114,defective,31.02,1
R004638,O026573,C0003026,118,changed_mind,19.24,1
R004639,O026574,C0003026,127,changed_mind,59.89,1
R004640,O026575,C0003026,129,changed_mind,46.54,1
R004641,O026578,C0003026,161,changed_mind,15.52,1
R004642,O026579,C0003026,166,changed_mind,24.74,1
R004643,O026581,C0003026,183,changed_mind,26.65,1
R004644,O026582,C0003026,188,changed_mind,16.56,1
R004645,O026583,C0003026,190,changed_mind,30.91,1
R004646,O026598,C0003028,52,size_fit,38.86,0
R004647,O026601,C0003028,80,changed_mind,58.13,0
R004648,O026607,C0003028,154,other,29.12,0
R004649,O026618,C0003030,34,changed_mind,24.01,1
R004650,O026619,C0003030,50,size_fit,30.08,1
R004651,O026620,C0003030,53,changed_mind,9.11,1
R004652,O026622,C0003030,77,size_fit,10.74,1
R004653,O026623,C0003030,89,changed_mind,17.52,1
R004654,O026624,C0003030,106,changed_mind,18.83,1
R004655,O026625,C0003030,118,changed_mind,35.57,1
R004656,O026628,C0003030,195,changed_mind,16.57,1
R004657,O026629,C0003031,90,not_as_described,32.67,0
R004658,O026630,C0003031,104,other,73.86,0
R004659,O026637,C0003031,165,size_fit,18.48,0
R004660,O026640,C0003031,195,duplicate_order,59.8,0
R004661,O026645,C0003032,151,size_fit,29.57,0
R004662,O026651,C0003032,201,changed_mind,59.32,0
R004663,O026653,C0003033,64,other,24.51,1
R004664,O026654,C0003033,77,changed_mind,29.0,1
R004665,O026656,C0003033,85,changed_mind,28.9,1
R004666,O026662,C0003033,168,defective,26.65,1
R004667,O026665,C0003033,209,not_as_described,28.9,1
R004668,O026671,C0003034,177,changed_mind,24.35,0
R004669,O026676,C0003035,72,changed_mind,18.17,1
R004670,O026678,C0003035,80,other,40.65,1
R004671,O026681,C0003035,129,changed_mind,22.76,1
R004672,O026683,C0003035,197,changed_mind,30.08,1
R004673,O026684,C0003036,41,changed_mind,11.11,1
R004674,O026686,C0003036,75,changed_mind,38.23,1
R004675,O026687,C0003036,86,defective,17.42,1
R004676,O026688,C0003036,94,changed_mind,53.15,1
R004677,O026690,C0003036,151,changed_mind,47.6,1
R004678,O026710,C0003038,208,size_fit,76.94,0
R004679,O026715,C0003040,89,changed_mind,22.54,1
R004680,O026717,C0003040,107,duplicate_order,39.49,1
R004681,O026718,C0003040,107,changed_mind,37.37,1
R004682,O026720,C0003040,136,changed_mind,9.31,1
R004683,O026722,C0003040,148,changed_mind,15.37,1
R004684,O026724,C0003040,173,changed_mind,5.47,1
R004685,O026725,C0003040,196,changed_mind,12.14,1
R004686,O026736,C0003042,181,defective,15.61,0
R004687,O026737,C0003042,191,not_as_described,53.99,0
R004688,O026738,C0003042,209,defective,17.25,0
R004689,O026751,C0003045,110,not_as_described,29.96,0
R004690,O026759,C0003045,195,size_fit,37.66,0
R004691,O026767,C0003047,88,changed_mind,47.64,1
R004692,O026773,C0003047,169,changed_mind,11.4,1
R004693,O026781,C0003048,182,other,6.1,0
R004694,O026784,C0003049,54,changed_mind,14.65,1
R004695,O026786,C0003049,100,changed_mind,29.58,1
R004696,O026789,C0003049,152,size_fit,33.54,1
R004697,O026792,C0003049,204,duplicate_order,36.57,1
R004698,O026805,C0003051,67,changed_mind,40.98,1
R004699,O026808,C0003051,92,changed_mind,18.18,1
R004700,O026819,C0003052,102,defective,18.51,0
R004701,O026821,C0003052,146,size_fit,18.17,0
R004702,O026837,C0003054,111,changed_mind,11.78,0
R004703,O026839,C0003054,192,other,4.14,0
R004704,O026846,C0003055,115,changed_mind,21.25,0
R004705,O026857,C0003057,53,changed_mind,59.8,1
R004706,O026858,C0003057,58,other,27.61,1
R004707,O026861,C0003057,77,duplicate_order,9.31,1
R004708,O026862,C0003057,81,changed_mind,15.06,1
R004709,O026867,C0003057,197,not_as_described,12.43,1
R004710,O026868,C0003058,31,defective,35.52,0
R004711,O026870,C0003058,62,changed_mind,9.31,0
R004712,O026872,C0003058,111,not_as_described,23.39,0
R004713,O026885,C0003059,174,not_as_described,9.72,0
R004714,O026910,C0003062,104,changed_mind,31.93,0
R004715,O026924,C0003063,148,other,7.81,0
R004716,O026926,C0003064,114,not_as_described,15.06,0
R004717,O026928,C0003064,129,not_as_described,18.63,0
R004718,O026929,C0003064,135,other,70.86,0
R004719,O026930,C0003064,147,defective,33.72,0
R004720,O026933,C0003064,161,defective,45.94,0
R004721,O026935,C0003064,196,defective,38.03,0
R004722,O026936,C0003064,187,defective,19.03,0
R004723,O026940,C0003065,30,changed_mind,25.02,1
R004724,O026941,C0003065,57,changed_mind,10.3,1
R004725,O026942,C0003065,75,size_fit,15.12,1
R004726,O026943,C0003065,73,changed_mind,21.34,1
R004727,O026944,C0003065,73,changed_mind,83.18,1
R004728,O026945,C0003065,75,not_as_described,37.02,1
R004729,O026950,C0003065,167,other,35.57,1
R004730,O026982,C0003071,84,changed_mind,17.52,1
R004731,O026983,C0003071,87,changed_mind,53.15,1
R004732,O026992,C0003072,111,not_as_described,19.22,0
R004733,O027004,C0003074,101,duplicate_order,30.88,0
R004734,O027015,C0003075,88,defective,24.74,0
R004735,O027021,C0003075,187,size_fit,30.91,0
R004736,O027023,C0003076,122,changed_mind,30.91,1
R004737,O027026,C0003076,179,changed_mind,24.35,1
R004738,O027040,C0003079,158,other,5.47,1
R004739,O027042,C0003079,187,defective,21.92,1
R004740,O027043,C0003079,201,duplicate_order,8.92,1
R004741,O027046,C0003080,115,other,14.61,0
R004742,O027049,C0003080,120,size_fit,13.3,0
R004743,O027051,C0003080,142,defective,33.54,0
R004744,O027056,C0003080,183,not_as_described,22.31,0
R004745,O027059,C0003081,46,duplicate_order,24.96,1
R004746,O027060,C0003081,66,changed_mind,39.12,1
R004747,O027063,C0003081,78,changed_mind,63.27,1
R004748,O027064,C0003081,89,other,20.66,1
R004749,O027065,C0003081,120,changed_mind,19.48,1
R004750,O027067,C0003081,165,changed_mind,43.88,1
R004751,O027070,C0003081,197,changed_mind,27.01,1
R004752,O027079,C0003082,176,not_as_described,55.27,0
R004753,O027083,C0003083,69,changed_mind,18.32,1
R004754,O027086,C0003083,90,duplicate_order,43.88,1
R004755,O027087,C0003083,91,changed_mind,12.22,1
R004756,O027088,C0003083,112,defective,13.22,1
R004757,O027089,C0003083,114,changed_mind,23.3,1
R004758,O027091,C0003083,141,not_as_described,19.98,1
R004759,O027092,C0003083,160,defective,6.63,1
R004760,O027094,C0003083,189,changed_mind,22.03,1
R004761,O027095,C0003083,192,changed_mind,32.07,1
R004762,O027111,C0003086,114,size_fit,22.31,0
R004763,O027114,C0003086,169,not_as_described,50.83,0
R004764,O027159,C0003091,114,changed_mind,75.89,1
R004765,O027160,C0003091,124,changed_mind,18.48,1
R004766,O027162,C0003091,178,changed_mind,10.48,1
R004767,O027165,C0003091,182,changed_mind,7.67,1
R004768,O027167,C0003091,190,changed_mind,15.61,1
R004769,O027168,C0003091,202,not_as_described,15.61,1
R004770,O027169,C0003092,102,changed_mind,53.49,1
R004771,O027182,C0003094,11,changed_mind,32.1,1
R004772,O027183,C0003094,16,changed_mind,40.65,1
R004773,O027185,C0003094,111,changed_mind,32.1,1
R004774,O027186,C0003094,131,defective,16.23,1
R004775,O027192,C0003094,209,size_fit,15.63,1
R004776,O027194,C0003095,103,size_fit,32.27,0
R004777,O027196,C0003095,109,duplicate_order,13.39,0
R004778,O027202,C0003096,46,defective,62.73,0
R004779,O027206,C0003096,93,not_as_described,15.37,0
R004780,O027212,C0003097,35,changed_mind,35.96,1
R004781,O027213,C0003097,75,changed_mind,16.91,1
R004782,O027214,C0003097,82,changed_mind,7.94,1
R004783,O027217,C0003097,138,changed_mind,15.06,1
R004784,O027224,C0003098,92,other,15.61,0
R004785,O027253,C0003100,144,defective,25.3,0
R004786,O027264,C0003101,191,duplicate_order,18.18,0
R004787,O027266,C0003102,129,changed_mind,28.59,1
R004788,O027267,C0003102,131,changed_mind,27.99,1
R004789,O027269,C0003102,132,duplicate_order,33.72,1
R004790,O027270,C0003102,138,changed_mind,24.7,1
R004791,O027272,C0003102,154,changed_mind,18.32,1
R004792,O027273,C0003102,183,duplicate_order,10.74,1
R004793,O027274,C0003102,190,changed_mind,28.21,1
R004794,O027276,C0003102,197,changed_mind,24.96,1
R004795,O027312,C0003107,95,changed_mind,17.95,0
R004796,O027316,C0003107,156,size_fit,35.25,0
R004797,O027324,C0003108,55,changed_mind,12.6,1
R004798,O027325,C0003108,68,duplicate_order,22.03,1
R004799,O027326,C0003108,74,changed_mind,12.63,1
R004800,O027327,C0003108,119,changed_mind,21.06,1
R004801,O027332,C0003108,209,size_fit,21.38,1
R004802,O027341,C0003109,146,not_as_described,40.65,0
R004803,O027342,C0003109,192,size_fit,20.66,0
R004804,O027345,C0003110,56,changed_mind,15.99,1
R004805,O027346,C0003110,70,changed_mind,12.59,1
R004806,O027347,C0003110,86,changed_mind,59.32,1
R004807,O027349,C0003110,142,changed_mind,33.54,1
R004808,O027356,C0003112,21,changed_mind,33.54,1
R004809,O027357,C0003112,25,changed_mind,21.62,1
R004810,O027358,C0003112,30,changed_mind,27.27,1
R004811,O027363,C0003112,125,changed_mind,31.4,1
R004812,O027364,C0003112,143,defective,12.63,1
R004813,O027365,C0003112,151,size_fit,38.62,1
R004814,O027366,C0003112,156,changed_mind,21.38,1
R004815,O027370,C0003112,206,changed_mind,16.23,1
R004816,O027403,C0003116,208,changed_mind,22.03,0
R004817,O027405,C0003117,20,changed_mind,24.75,1
R004818,O027407,C0003117,44,other,38.03,1
R004819,O027409,C0003117,60,changed_mind,21.08,1
R004820,O027410,C0003117,73,changed_mind,28.36,1
R004821,O027411,C0003117,80,changed_mind,24.51,1
R004822,O027412,C0003117,197,not_as_described,21.48,1
R004823,O027415,C0003118,118,duplicate_order,6.63,0
R004824,O027424,C0003118,193,defective,15.88,0
R004825,O027425,C0003119,33,changed_mind,21.38,1
R004826,O027428,C0003119,78,changed_mind,47.6,1
R004827,O027429,C0003119,108,changed_mind,8.55,1
R004828,O027450,C0003121,178,defective,48.43,0
R004829,O027454,C0003122,150,other,52.7,0
R004830,O027456,C0003122,200,defective,8.46,0
R004831,O027477,C0003126,105,changed_mind,14.84,1
R004832,O027478,C0003126,108,changed_mind,39.23,1
R004833,O027479,C0003126,114,changed_mind,62.61,1
R004834,O027481,C0003126,119,changed_mind,18.51,1
R004835,O027509,C0003130,45,changed_mind,29.18,0
R004836,O027510,C0003130,62,duplicate_order,17.21,0
R004837,O027525,C0003131,187,changed_mind,12.65,0
R004838,O027536,C0003132,209,changed_mind,32.62,0
R004839,O027565,C0003137,93,defective,35.25,0
R004840,O027567,C0003137,115,other,58.13,0
R004841,O027573,C0003137,183,not_as_described,25.02,0
R004842,O027587,C0003139,40,not_as_described,17.95,0
R004843,O027590,C0003139,167,changed_mind,42.32,0
R004844,O027592,C0003139,197,defective,58.73,0
R004845,O027593,C0003139,202,size_fit,32.07,0
R004846,O027594,C0003139,198,changed_mind,20.95,0
R004847,O027595,C0003139,209,defective,14.64,0
R004848,O027609,C0003141,155,duplicate_order,8.46,1
R004849,O027610,C0003141,154,changed_mind,17.56,1
R004850,O027612,C0003141,175,changed_mind,28.13,1
R004851,O027613,C0003141,179,size_fit,10.25,1
R004852,O027616,C0003141,193,changed_mind,20.66,1
R004853,O027617,C0003141,204,changed_mind,11.11,1
R004854,O027622,C0003142,149,not_as_described,5.83,0
R004855,O027643,C0003144,200,other,39.23,0
R004856,O027646,C0003145,132,size_fit,24.7,0
R004857,O027664,C0003147,82,changed_mind,4.14,1
R004858,O027665,C0003147,109,changed_mind,27.05,1
R004859,O027666,C0003147,121,changed_mind,25.33,1
R004860,O027668,C0003147,135,changed_mind,19.16,1
R004861,O027669,C0003147,161,changed_mind,47.16,1
R004862,O027671,C0003147,171,changed_mind,38.23,1
R004863,O027673,C0003147,202,changed_mind,30.91,1
R004864,O027674,C0003148,90,size_fit,32.07,1
R004865,O027675,C0003148,98,defective,21.06,1
R004866,O027678,C0003148,116,changed_mind,33.72,1
R004867,O027686,C0003149,127,duplicate_order,24.7,0
R004868,O027692,C0003150,79,changed_mind,15.52,0
R004869,O027700,C0003151,95,duplicate_order,17.95,0
R004870,O027713,C0003152,120,not_as_described,74.34,0
R004871,O027740,C0003154,152,duplicate_order,21.92,0
R004872,O027759,C0003156,126,not_as_described,28.21,0
R004873,O027790,C0003159,56,duplicate_order,51.92,0
R004874,O027793,C0003159,89,changed_mind,33.54,0
R004875,O027821,C0003163,46,size_fit,15.64,0
R004876,O027822,C0003163,78,duplicate_order,37.37,0
R004877,O027823,C0003163,80,size_fit,27.27,0
R004878,O027825,C0003163,124,duplicate_order,25.3,0
R004879,O027836,C0003164,205,other,21.92,0
R004880,O027839,C0003165,63,other,33.72,0
R004881,O027854,C0003166,139,defective,8.55,0
R004882,O027870,C0003168,201,not_as_described,22.55,0
R004883,O027872,C0003169,83,changed_mind,18.63,1
R004884,O027885,C0003171,44,size_fit,22.76,1
R004885,O027886,C0003171,76,changed_mind,10.56,1
R004886,O027890,C0003171,155,changed_mind,20.82,1
R004887,O027891,C0003171,164,changed_mind,35.52,1
R004888,O027902,C0003173,112,not_as_described,16.57,0
R004889,O027910,C0003174,183,not_as_described,21.48,0
R004890,O027913,C0003175,35,not_as_described,24.7,0
R004891,O027914,C0003175,51,defective,19.22,0
R004892,O027915,C0003175,101,size_fit,67.3,0
R004893,O027916,C0003175,152,defective,18.17,0
R004894,O027918,C0003175,196,duplicate_order,38.46,0
R004895,O027919,C0003175,209,not_as_described,39.23,0
R004896,O027920,C0003175,209,size_fit,58.13,0
R004897,O027921,C0003175,209,changed_mind,2.75,0
R004898,O027928,C0003176,164,defective,27.71,0
R004899,O027947,C0003178,130,defective,40.65,0
R004900,O027959,C0003179,209,defective,16.14,0
R004901,O027967,C0003181,142,size_fit,18.63,0
R004902,O027980,C0003182,164,other,16.57,0
R004903,O028006,C0003185,203,duplicate_order,16.23,0
R004904,O028025,C0003188,95,changed_mind,20.82,0
R004905,O028037,C0003189,144,not_as_described,29.0,0
R004906,O028042,C0003189,194,other,32.27,0
R004907,O028045,C0003190,125,defective,5.77,0
R004908,O028050,C0003191,47,defective,49.54,0
R004909,O028061,C0003192,103,not_as_described,6.63,0
R004910,O028063,C0003192,106,changed_mind,23.65,0
R004911,O028068,C0003192,197,duplicate_order,26.54,0
R004912,O028078,C0003194,68,changed_mind,28.36,1
R004913,O028081,C0003194,172,defective,28.13,1
R004914,O028084,C0003195,73,not_as_described,12.22,1
R004915,O028085,C0003195,82,size_fit,5.47,1
R004916,O028088,C0003195,95,changed_mind,16.89,1
R004917,O028089,C0003195,136,changed_mind,25.33,1
R004918,O028091,C0003195,150,not_as_described,59.8,1
R004919,O028092,C0003195,165,changed_mind,59.48,1
R004920,O028093,C0003195,180,changed_mind,28.21,1
R004921,O028094,C0003195,204,not_as_described,20.02,1
R004922,O028118,C0003199,60,changed_mind,41.98,1
R004923,O028121,C0003199,113,other,18.48,1
R004924,O028123,C0003199,194,changed_mind,53.52,1
R004925,O028124,C0003199,197,other,17.95,1
R004926,O028125,C0003199,204,other,11.4,1
R004927,O028160,C0003205,122,changed_mind,9.62,1
R004928,O028161,C0003205,124,changed_mind,18.18,1
R004929,O028164,C0003205,173,changed_mind,27.4,1
R004930,O028165,C0003205,184,changed_mind,6.63,1
R004931,O028168,C0003206,35,changed_mind,6.35,1
R004932,O028170,C0003206,153,changed_mind,40.32,1
R004933,O028173,C0003206,200,not_as_described,8.68,1
R004934,O028206,C0003211,130,defective,18.64,0
R004935,O028226,C0003213,61,changed_mind,53.15,1
R004936,O028227,C0003213,67,changed_mind,18.89,1
R004937,O028235,C0003213,160,defective,28.11,1
R004938,O028236,C0003213,166,changed_mind,13.57,1
R004939,O028238,C0003213,204,not_as_described,53.52,1
R004940,O028240,C0003214,76,defective,21.48,1
R004941,O028247,C0003214,177,other,18.35,1
R004942,O028249,C0003214,206,not_as_described,30.17,1
R004943,O028270,C0003217,64,other,9.11,0
R004944,O028273,C0003217,203,size_fit,26.09,0
R004945,O028295,C0003221,52,defective,19.16,0
R004946,O028300,C0003222,95,changed_mind,9.38,1
R004947,O028301,C0003222,104,other,48.43,1
R004948,O028303,C0003222,124,changed_mind,18.63,1
R004949,O028304,C0003222,128,duplicate_order,12.22,1
R004950,O028306,C0003222,143,duplicate_order,23.26,1
R004951,O028307,C0003222,149,changed_mind,15.37,1
R004952,O028309,C0003222,178,defective,88.02,1
R004953,O028316,C0003224,129,not_as_described,26.98,0
R004954,O028319,C0003224,176,size_fit,24.7,0
R004955,O028326,C0003225,167,defective,62.73,0
R004956,O028329,C0003225,190,changed_mind,30.01,0
R004957,O028332,C0003226,106,defective,75.89,1
R004958,O028334,C0003226,119,changed_mind,35.57,1
R004959,O028337,C0003226,153,other,27.61,1
R004960,O028339,C0003226,192,defective,30.25,1
R004961,O028340,C0003226,181,not_as_described,75.89,1
R004962,O028343,C0003226,209,duplicate_order,14.56,1
R004963,O028346,C0003227,82,not_as_described,13.66,0
R004964,O028348,C0003227,114,changed_mind,36.57,0
R004965,O028374,C0003229,183,changed_mind,71.6,0
R004966,O028384,C0003231,104,changed_mind,44.0,1
R004967,O028395,C0003231,209,other,38.46,1
R004968,O028402,C0003233,44,changed_mind,14.94,1
R004969,O028404,C0003233,76,defective,67.3,1
R004970,O028406,C0003233,93,changed_mind,12.36,1
R004971,O028408,C0003233,111,duplicate_order,29.62,1
R004972,O028409,C0003233,117,changed_mind,16.16,1
R004973,O028411,C0003233,166,other,36.57,1
R004974,O028417,C0003234,157,other,5.83,0
R004975,O028423,C0003235,93,defective,39.12,0
R004976,O028469,C0003241,60,changed_mind,4.14,1
R004977,O028472,C0003241,97,size_fit,33.54,1
R004978,O028474,C0003241,135,changed_mind,10.8,1
R004979,O028476,C0003241,161,changed_mind,4.14,1
R004980,O028477,C0003241,207,changed_mind,13.66,1
R004981,O028478,C0003242,86,changed_mind,9.45,1
R004982,O028487,C0003242,199,changed_mind,15.06,1
R004983,O028505,C0003245,58,not_as_described,21.69,0
R004984,O028510,C0003245,152,size_fit,23.39,0
R004985,O028511,C0003245,169,not_as_described,53.52,0
R004986,O028512,C0003245,165,duplicate_order,21.72,0
R004987,O028513,C0003245,164,changed_mind,39.78,0
R004988,O028518,C0003246,120,size_fit,32.67,0
R004989,O028524,C0003246,183,other,23.26,0
R004990,O028527,C0003247,59,changed_mind,31.4,1
R004991,O028529,C0003247,85,changed_mind,12.36,1
R004992,O028530,C0003247,89,changed_mind,40.22,1
R004993,O028531,C0003247,104,changed_mind,75.89,1
R004994,O028532,C0003247,120,duplicate_order,22.37,1
R004995,O028533,C0003247,122,changed_mind,28.21,1
R004996,O028534,C0003247,131,changed_mind,43.86,1
R004997,O028536,C0003247,194,duplicate_order,6.35,1
R004998,O028537,C0003247,200,changed_mind,10.33,1
R004999,O028539,C0003247,209,changed_mind,53.49,1
R005000,O028541,C0003248,120,not_as_described,18.63,0
R005001,O028584,C0003252,152,size_fit,9.99,0
R005002,O028586,C0003252,155,other,58.08,0
R005003,O028598,C0003254,39,changed_mind,20.02,1
R005004,O028601,C0003254,130,other,40.98,1
R005005,O028603,C0003254,185,changed_mind,31.45,1
R005006,O028604,C0003255,78,changed_mind,43.86,1
R005007,O028605,C0003255,82,changed_mind,16.18,1
R005008,O028607,C0003255,112,changed_mind,21.92,1
R005009,O028608,C0003255,113,changed_mind,28.21,1
R005010,O028611,C0003255,185,duplicate_order,30.04,1
R005011,O028643,C0003259,97,size_fit,17.94,0
R005012,O028659,C0003261,94,changed_mind,14.56,1
R005013,O028660,C0003261,145,changed_mind,6.37,1
R005014,O028662,C0003261,161,changed_mind,39.78,1
R005015,O028665,C0003261,173,changed_mind,10.3,1
R005016,O028666,C0003261,187,size_fit,29.12,1
R005017,O028667,C0003261,203,changed_mind,12.7,1
R005018,O028668,C0003261,207,changed_mind,39.23,1
R005019,O028670,C0003261,209,changed_mind,33.94,1
R005020,O028673,C0003262,108,defective,17.21,0
R005021,O028674,C0003262,141,changed_mind,29.96,0
R005022,O028675,C0003262,128,other,38.23,0
R005023,O028677,C0003262,202,changed_mind,19.67,0
R005024,O028697,C0003264,168,other,13.71,0
R005025,O028699,C0003264,193,duplicate_order,31.93,0
R005026,O028710,C0003266,128,duplicate_order,11.4,0
R005027,O028733,C0003270,94,changed_mind,74.34,0
R005028,O028757,C0003271,183,defective,24.96,0
R005029,O028772,C0003275,70,changed_mind,32.07,1
R005030,O028774,C0003275,98,changed_mind,10.08,1
R005031,O028775,C0003275,112,changed_mind,28.59,1
R005032,O028776,C0003275,115,changed_mind,16.57,1
R005033,O028777,C0003275,123,changed_mind,32.27,1
R005034,O028779,C0003275,131,not_as_described,15.37,1
R005035,O028780,C0003275,136,changed_mind,10.3,1
R005036,O028782,C0003275,190,changed_mind,21.06,1
R005037,O028811,C0003278,189,other,47.64,0
R005038,O028833,C0003281,26,duplicate_order,23.26,0
R005039,O028834,C0003281,40,size_fit,14.98,0
R005040,O028840,C0003281,158,other,14.01,0
R005041,O028882,C0003286,108,not_as_described,24.01,1
R005042,O028883,C0003286,131,changed_mind,6.1,1
R005043,O028884,C0003286,136,size_fit,6.35,1
R005044,O028885,C0003286,144,changed_mind,40.56,1
R005045,O028887,C0003286,176,changed_mind,15.68,1
R005046,O028888,C0003286,178,changed_mind,28.21,1
R005047,O028889,C0003286,209,changed_mind,17.95,1
R005048,O028916,C0003290,99,duplicate_order,20.66,0
R005049,O028926,C0003291,115,duplicate_order,20.82,0
R005050,O028945,C0003293,161,changed_mind,7.43,0
R005051,O028948,C0003293,209,other,30.91,0
R005052,O028966,C0003295,209,changed_mind,28.2,0
R005053,O028971,C0003296,131,changed_mind,14.39,0
R005054,O029001,C0003300,77,changed_mind,88.02,1
R005055,O029002,C0003300,82,duplicate_order,10.7,1
R005056,O029003,C0003300,84,other,14.56,1
R005057,O029005,C0003300,121,other,26.72,1
R005058,O029006,C0003300,153,size_fit,19.03,1
R005059,O029037,C0003305,84,changed_mind,14.01,1
R005060,O029039,C0003305,116,other,13.39,1
R005061,O029041,C0003305,120,other,40.05,1
R005062,O029042,C0003305,168,not_as_described,13.66,1
R005063,O029049,C0003305,209,changed_mind,13.22,1
R005064,O029051,C0003306,68,size_fit,42.32,0
R005065,O029054,C0003306,159,changed_mind,17.95,0
R005066,O029055,C0003306,173,size_fit,36.57,0
R005067,O029069,C0003307,206,other,18.48,0
R005068,O029071,C0003308,115,defective,15.99,0
R005069,O029089,C0003310,137,not_as_described,32.1,0
R005070,O029101,C0003311,180,other,21.92,0
R005071,O029105,C0003311,209,size_fit,25.44,0
R005072,O029107,C0003312,114,defective,44.59,0
R005073,O029116,C0003313,81,not_as_described,20.95,0
R005074,O029118,C0003313,83,size_fit,5.77,0
R005075,O029124,C0003313,203,not_as_described,60.28,0
R005076,O029132,C0003315,109,defective,5.83,0
R005077,O029154,C0003318,106,size_fit,24.96,0
R005078,O029156,C0003318,107,not_as_described,6.1,0
R005079,O029157,C0003318,120,size_fit,8.55,0
R005080,O029159,C0003318,134,not_as_described,11.76,0
R005081,O029160,C0003318,132,duplicate_order,59.48,0
R005082,O029161,C0003318,176,not_as_described,18.17,0
R005083,O029163,C0003318,190,other,25.3,0
R005084,O029176,C0003319,176,duplicate_order,23.18,0
R005085,O029186,C0003320,168,other,8.55,0
R005086,O029188,C0003320,191,not_as_described,30.09,0
R005087,O029189,C0003320,203,other,18.32,0
R005088,O029190,C0003320,209,not_as_described,13.56,0
R005089,O029196,C0003321,178,defective,26.98,0
R005090,O029201,C0003322,107,defective,29.96,0
R005091,O029202,C0003322,106,size_fit,45.94,0
R005092,O029206,C0003323,27,changed_mind,16.56,1
R005093,O029208,C0003323,39,changed_mind,4.14,1
R005094,O029209,C0003323,42,not_as_described,47.64,1
R005095,O029213,C0003323,67,other,49.54,1
R005096,O029217,C0003323,192,other,12.91,1
R005097,O029240,C0003326,105,changed_mind,17.52,1
R005098,O029241,C0003326,113,changed_mind,10.25,1
R005099,O029242,C0003326,123,changed_mind,28.96,1
R005100,O029243,C0003326,127,changed_mind,12.97,1
R005101,O029244,C0003326,135,changed_mind,23.55,1
R005102,O029246,C0003326,180,changed_mind,16.91,1
R005103,O029262,C0003329,39,defective,28.11,0
R005104,O029269,C0003329,194,size_fit,13.1,0
R005105,O029271,C0003330,135,defective,43.86,0
R005106,O029295,C0003333,129,defective,22.54,0
R005107,O029305,C0003334,147,changed_mind,11.11,1
R005108,O029306,C0003334,163,changed_mind,17.42,1
R005109,O029307,C0003334,166,changed_mind,15.23,1
R005110,O029308,C0003334,168,changed_mind,61.65,1
R005111,O029312,C0003334,185,duplicate_order,31.84,1
R005112,O029313,C0003334,186,duplicate_order,32.27,1
R005113,O029314,C0003334,208,changed_mind,13.3,1
R005114,O029325,C0003336,41,defective,35.52,0
R005115,O029333,C0003337,40,not_as_described,15.63,1
R005116,O029334,C0003337,53,not_as_described,16.14,1
R005117,O029337,C0003337,120,not_as_described,14.94,1
R005118,O029351,C0003339,123,changed_mind,16.91,1
R005119,O029352,C0003339,128,changed_mind,32.67,1
R005120,O029353,C0003339,129,changed_mind,8.68,1
R005121,O029356,C0003339,180,changed_mind,19.03,1
R005122,O029370,C0003342,81,changed_mind,19.16,0
R005123,O029373,C0003342,193,size_fit,33.72,0
R005124,O029383,C0003344,26,other,35.51,0
R005125,O029386,C0003344,61,other,19.16,0
R005126,O029388,C0003344,101,not_as_described,23.56,0
R005127,O029389,C0003344,93,duplicate_order,39.78,0
R005128,O029390,C0003344,102,defective,39.78,0
R005129,O029392,C0003344,146,defective,25.3,0
R005130,O029394,C0003344,171,size_fit,30.09,0
R005131,O029395,C0003344,165,size_fit,40.32,0
R005132,O029398,C0003344,206,defective,47.64,0
R005133,O029400,C0003344,209,not_as_described,60.28,0
R005134,O029401,C0003345,47,changed_mind,16.56,1
R005135,O029402,C0003345,91,size_fit,20.5,1
R005136,O029404,C0003345,160,changed_mind,41.05,1
R005137,O029407,C0003345,208,not_as_described,58.08,1
R005138,O029408,C0003346,32,changed_mind,28.21,1
R005139,O029409,C0003346,51,not_as_described,36.57,1
R005140,O029411,C0003346,112,changed_mind,48.43,1
R005141,O029412,C0003346,188,defective,23.31,1
R005142,O029418,C0003348,86,defective,17.52,0
R005143,O029428,C0003348,155,defective,23.2,0
R005144,O029436,C0003350,60,changed_mind,73.86,1
R005145,O029437,C0003350,73,size_fit,18.83,1
R005146,O029438,C0003350,118,changed_mind,27.71,1
R005147,O029439,C0003350,121,changed_mind,7.81,1
R005148,O029443,C0003350,209,duplicate_order,15.99,1
R005149,O029451,C0003352,101,changed_mind,32.62,1
R005150,O029453,C0003352,109,changed_mind,12.91,1
R005151,O029454,C0003352,132,changed_mind,32.27,1
R005152,O029455,C0003352,164,changed_mind,25.44,1
R005153,O029456,C0003352,177,changed_mind,18.17,1
R005154,O029457,C0003352,180,changed_mind,9.31,1
R005155,O029458,C0003352,187,other,38.62,1
R005156,O029461,C0003353,27,defective,37.02,0
R005157,O029476,C0003355,56,changed_mind,16.57,0
R005158,O029486,C0003356,89,not_as_described,15.88,0
R005159,O029499,C0003356,209,duplicate_order,11.76,0
R005160,O029505,C0003358,73,changed_mind,19.16,1
R005161,O029506,C0003358,91,changed_mind,23.26,1
R005162,O029512,C0003358,167,other,21.48,1
R005163,O029518,C0003359,132,defective,5.27,0
R005164,O029522,C0003359,189,duplicate_order,59.48,0
R005165,O029534,C0003360,203,not_as_described,21.38,0
R005166,O029537,C0003361,109,duplicate_order,21.07,0
R005167,O029550,C0003363,52,size_fit,39.78,0
R005168,O029556,C0003363,164,other,18.17,0
R005169,O029557,C0003363,172,defective,53.52,0
R005170,O029561,C0003364,72,changed_mind,45.94,1
R005171,O029562,C0003364,99,changed_mind,11.76,1
R005172,O029568,C0003365,103,other,7.94,1
R005173,O029575,C0003365,174,changed_mind,17.42,1
R005174,O029576,C0003365,185,size_fit,12.43,1
R005175,O029587,C0003366,115,other,12.63,0
R005176,O029599,C0003368,58,defective,62.61,0
R005177,O029604,C0003369,99,changed_mind,18.63,1
R005178,O029605,C0003369,99,changed_mind,16.16,1
R005179,O029606,C0003369,132,changed_mind,23.18,1
R005180,O029608,C0003369,144,changed_mind,30.25,1
R005181,O029609,C0003369,147,changed_mind,22.76,1
R005182,O029612,C0003369,190,size_fit,10.3,1
R005183,O029619,C0003370,199,changed_mind,15.68,0
R005184,O029624,C0003370,209,defective,29.62,0
R005185,O029635,C0003372,104,changed_mind,32.67,1
R005186,O029636,C0003372,110,changed_mind,42.32,1
R005187,O029638,C0003372,195,size_fit,14.39,1
R005188,O029640,C0003373,39,changed_mind,10.8,1
R005189,O029641,C0003373,63,changed_mind,38.23,1
R005190,O029647,C0003373,201,changed_mind,8.92,1
R005191,O029652,C0003374,172,duplicate_order,16.91,0
R005192,O029657,C0003375,62,changed_mind,21.25,0
R005193,O029662,C0003375,171,changed_mind,28.25,0
R005194,O029663,C0003375,185,defective,21.07,0
R005195,O029679,C0003377,156,duplicate_order,59.8,0
R005196,O029680,C0003377,195,duplicate_order,22.4,0
R005197,O029683,C0003378,38,defective,12.97,0
R005198,O029691,C0003379,137,duplicate_order,26.35,0
R005199,O029706,C0003380,176,not_as_described,21.34,0
R005200,O029719,C0003382,160,defective,12.89,0
R005201,O029722,C0003383,132,defective,47.16,0
R005202,O029728,C0003384,104,changed_mind,62.73,1
R005203,O029733,C0003384,162,not_as_described,59.8,1
R005204,O029745,C0003386,58,changed_mind,52.7,1
R005205,O029746,C0003386,65,changed_mind,59.48,1
R005206,O029748,C0003386,87,changed_mind,28.21,1
R005207,O029749,C0003386,90,changed_mind,19.67,1
R005208,O029750,C0003386,119,not_as_described,32.1,1
R005209,O029751,C0003386,122,defective,23.31,1
R005210,O029752,C0003386,174,defective,22.54,1
R005211,O029754,C0003386,198,not_as_described,20.02,1
R005212,O029755,C0003386,204,changed_mind,43.01,1
R005213,O029756,C0003386,208,duplicate_order,6.37,1
R005214,O029763,C0003388,160,duplicate_order,31.84,0
R005215,O029766,C0003389,105,changed_mind,37.37,1
R005216,O029769,C0003389,169,changed_mind,16.57,1
R005217,O029770,C0003389,174,changed_mind,28.15,1
R005218,O029771,C0003389,180,defective,8.68,1
R005219,O029772,C0003389,189,duplicate_order,54.18,1
R005220,O029773,C0003389,192,changed_mind,48.43,1
R005221,O029777,C0003390,95,defective,18.89,0
R005222,O029792,C0003392,63,other,15.64,0
R005223,O029832,C0003397,70,other,34.09,0
R005224,O029835,C0003397,152,changed_mind,13.39,0
R005225,O029841,C0003398,209,changed_mind,36.57,0
R005226,O029853,C0003400,76,size_fit,14.64,0
R005227,O029857,C0003400,122,defective,41.05,0
R005228,O029900,C0003406,111,defective,28.05,0
R005229,O029912,C0003408,87,changed_mind,6.1,1
R005230,O029913,C0003408,100,not_as_described,37.02,1
R005231,O029914,C0003408,117,not_as_described,25.02,1
R005232,O029918,C0003409,84,other,5.83,1
R005233,O029921,C0003409,106,changed_mind,38.88,1
R005234,O029928,C0003410,129,size_fit,62.61,0
R005235,O029937,C0003410,209,changed_mind,10.3,0
R005236,O029941,C0003411,88,size_fit,19.16,0
R005237,O029958,C0003413,103,changed_mind,19.13,1
R005238,O029960,C0003413,119,changed_mind,37.31,1
R005239,O029961,C0003413,137,changed_mind,15.06,1
R005240,O029962,C0003413,140,size_fit,58.73,1
R005241,O029963,C0003413,169,changed_mind,10.25,1
R005242,O029966,C0003414,145,changed_mind,7.81,1
R005243,O029967,C0003414,182,other,22.31,1
R005244,O029969,C0003414,202,not_as_described,19.36,1
R005245,O029994,C0003417,202,duplicate_order,9.45,0
R005246,O029998,C0003418,30,changed_mind,10.74,1
R005247,O029999,C0003418,53,changed_mind,25.44,1
R005248,O030000,C0003418,54,size_fit,19.51,1
R005249,O030003,C0003418,134,changed_mind,26.65,1
R005250,O030006,C0003418,154,defective,33.72,1
R005251,O030007,C0003418,179,not_as_described,18.17,1
R005252,O030008,C0003418,209,defective,18.63,1
R005253,O030009,C0003419,117,not_as_described,21.69,1
R005254,O030011,C0003419,140,changed_mind,12.97,1
R005255,O030013,C0003419,180,not_as_described,26.09,1
R005256,O030017,C0003420,61,changed_mind,16.14,0
R005257,O030021,C0003420,157,defective,27.61,0
R005258,O030030,C0003422,103,duplicate_order,12.89,0
R005259,O030032,C0003422,139,changed_mind,12.91,0
R005260,O030034,C0003422,142,changed_mind,30.88,0
R005261,O030038,C0003423,74,defective,22.54,0
R005262,O030046,C0003424,105,changed_mind,46.54,1
R005263,O030047,C0003424,114,changed_mind,38.03,1
R005264,O030081,C0003427,129,defective,23.27,0
R005265,O030088,C0003428,127,defective,12.26,0
R005266,O030091,C0003429,132,changed_mind,59.8,1
R005267,O030092,C0003429,134,defective,13.83,1
R005268,O030095,C0003429,193,changed_mind,14.65,1
R005269,O030096,C0003429,203,changed_mind,27.4,1
R005270,O030097,C0003429,203,changed_mind,33.94,1
R005271,O030101,C0003430,151,defective,5.47,0
R005272,O030104,C0003431,10,changed_mind,18.17,1
R005273,O030105,C0003431,17,changed_mind,36.57,1
R005274,O030106,C0003431,19,changed_mind,23.3,1
R005275,O030107,C0003431,27,size_fit,29.12,1
R005276,O030108,C0003431,36,changed_mind,31.57,1
R005277,O030109,C0003431,99,other,33.54,1
R005278,O030110,C0003431,108,changed_mind,25.3,1
R005279,O030111,C0003431,166,duplicate_order,12.6,1
R005280,O030122,C0003433,61,duplicate_order,67.3,0
R005281,O030143,C0003436,135,duplicate_order,9.38,0
R005282,O030149,C0003437,83,size_fit,29.62,0
R005283,O030180,C0003441,200,duplicate_order,28.11,0
R005284,O030182,C0003442,57,changed_mind,14.64,1
R005285,O030184,C0003442,63,changed_mind,40.57,1
R005286,O030187,C0003442,120,defective,34.76,1
R005287,O030188,C0003442,123,changed_mind,9.11,1
R005288,O030192,C0003443,111,changed_mind,27.61,1
R005289,O030194,C0003443,118,changed_mind,20.82,1
R005290,O030200,C0003444,54,changed_mind,10.74,0
R005291,O030211,C0003446,93,not_as_described,40.56,0
R005292,O030219,C0003446,143,other,21.07,0
R005293,O030223,C0003446,193,other,5.77,0
R005294,O030226,C0003446,209,size_fit,29.0,0
R005295,O030227,C0003447,72,changed_mind,10.33,1
R005296,O030235,C0003447,141,duplicate_order,27.34,1
R005297,O030254,C0003449,111,changed_mind,23.26,0
R005298,O030260,C0003449,181,other,18.74,0
R005299,O030268,C0003451,106,defective,17.17,1
R005300,O030269,C0003451,110,size_fit,21.06,1
R005301,O030270,C0003451,118,changed_mind,31.93,1
R005302,O030271,C0003451,140,not_as_described,36.1,1
R005303,O030272,C0003451,144,other,24.5,1
R005304,O030274,C0003451,189,duplicate_order,15.64,1
R005305,O030279,C0003452,77,defective,9.11,0
R005306,O030295,C0003453,163,size_fit,21.92,0
R005307,O030308,C0003455,59,other,16.91,0
R005308,O030318,C0003456,33,changed_mind,25.79,1
R005309,O030319,C0003456,53,changed_mind,31.84,1
R005310,O030325,C0003456,96,changed_mind,10.75,1
R005311,O030326,C0003456,187,changed_mind,27.61,1
R005312,O030368,C0003462,38,other,42.88,0
R005313,O030370,C0003462,63,changed_mind,24.99,0
R005314,O030371,C0003462,97,not_as_described,23.27,0
R005315,O030372,C0003462,124,changed_mind,23.55,0
R005316,O030374,C0003462,179,size_fit,35.46,0
R005317,O030377,C0003463,61,changed_mind,32.07,1
R005318,O030379,C0003463,82,changed_mind,18.32,1
R005319,O030380,C0003463,99,changed_mind,18.17,1
R005320,O030381,C0003463,110,changed_mind,76.94,1
R005321,O030446,C0003472,195,defective,12.26,0
R005322,O030450,C0003473,126,size_fit,21.08,0
R005323,O030451,C0003473,127,size_fit,27.4,0
R005324,O030453,C0003473,156,duplicate_order,14.39,0
R005325,O030454,C0003473,153,other,23.55,0
R005326,O030458,C0003473,169,changed_mind,9.72,0
R005327,O030460,C0003473,198,other,31.57,0
R005328,O030461,C0003473,208,not_as_described,12.36,0
R005329,O030482,C0003476,151,other,19.67,1
R005330,O030484,C0003476,169,other,27.05,1
R005331,O030486,C0003476,194,defective,23.26,1
R005332,O030488,C0003476,209,not_as_described,28.36,1
R005333,O030520,C0003480,209,defective,15.23,0
R005334,O030557,C0003484,209,changed_mind,16.56,0
R005335,O030564,C0003486,123,duplicate_order,26.72,0
R005336,O030566,C0003486,172,defective,33.54,0
R005337,O030587,C0003488,164,defective,16.91,0
R005338,O030593,C0003489,53,changed_mind,15.12,1
R005339,O030595,C0003489,70,changed_mind,7.81,1
R005340,O030596,C0003489,72,changed_mind,18.17,1
R005341,O030602,C0003489,173,changed_mind,19.98,1
R005342,O030608,C0003490,136,defective,12.22,0
R005343,O030625,C0003493,31,duplicate_order,21.34,0
R005344,O030627,C0003493,65,defective,6.1,0
R005345,O030638,C0003493,209,changed_mind,14.39,0
R005346,O030639,C0003494,58,not_as_described,59.8,1
R005347,O030640,C0003494,62,changed_mind,30.88,1
R005348,O030643,C0003494,151,defective,24.74,1
R005349,O030644,C0003494,147,changed_mind,19.67,1
R005350,O030662,C0003496,137,changed_mind,19.36,0
R005351,O030671,C0003497,44,changed_mind,23.16,1
R005352,O030673,C0003497,62,changed_mind,19.67,1
R005353,O030675,C0003497,70,changed_mind,7.67,1
R005354,O030677,C0003497,103,defective,17.17,1
R005355,O030678,C0003497,118,changed_mind,27.85,1
R005356,O030704,C0003499,149,not_as_described,24.7,0
R005357,O030727,C0003502,120,size_fit,19.51,0
R005358,O030735,C0003502,207,changed_mind,27.27,0
R005359,O030752,C0003505,102,duplicate_order,22.31,0
R005360,O030754,C0003505,127,not_as_described,19.03,0
R005361,O030756,C0003505,135,changed_mind,29.0,0
R005362,O030757,C0003505,137,size_fit,19.16,0
R005363,O030758,C0003505,190,duplicate_order,24.5,0
R005364,O030761,C0003505,202,defective,19.13,0
R005365,O030763,C0003505,208,size_fit,28.21,0
R005366,O030770,C0003506,175,other,14.84,0
R005367,O030772,C0003506,171,defective,37.31,0
R005368,O030784,C0003507,163,size_fit,10.74,0
R005369,O030798,C0003508,122,changed_mind,16.56,0
R005370,O030810,C0003509,71,size_fit,26.54,0
R005371,O030814,C0003509,168,other,18.63,0
R005372,O030815,C0003509,179,size_fit,12.43,0
R005373,O030826,C0003511,103,changed_mind,18.18,1
R005374,O030828,C0003511,181,duplicate_order,9.99,1
R005375,O030830,C0003511,198,changed_mind,19.16,1
R005376,O030850,C0003514,127,not_as_described,15.23,0
R005377,O030852,C0003514,169,size_fit,23.42,0
R005378,O030859,C0003515,83,duplicate_order,24.7,0
R005379,O030862,C0003515,154,changed_mind,15.61,0
R005380,O030871,C0003516,209,other,14.61,0
R005381,O030888,C0003520,83,size_fit,9.31,1
R005382,O030892,C0003520,183,not_as_described,37.31,1
R005383,O030896,C0003521,119,size_fit,30.25,0
R005384,O030906,C0003522,51,changed_mind,29.12,1
R005385,O030910,C0003522,67,changed_mind,26.65,1
R005386,O030911,C0003522,95,changed_mind,57.77,1
R005387,O030930,C0003524,131,defective,21.07,0
R005388,O030936,C0003524,209,not_as_described,21.74,0
R005389,O030938,C0003525,104,not_as_described,38.23,1
R005390,O030954,C0003528,61,defective,31.45,0
R005391,O030957,C0003528,143,duplicate_order,20.7,0
R005392,O030964,C0003529,109,not_as_described,14.98,0
R005393,O030965,C0003529,105,not_as_described,31.45,0
R005394,O030970,C0003530,51,changed_mind,26.82,0
R005395,O030982,C0003531,80,not_as_described,18.63,0
R005396,O030984,C0003531,97,size_fit,49.54,0
R005397,O030996,C0003532,69,changed_mind,59.89,0
R005398,O030998,C0003532,82,not_as_described,13.1,0
R005399,O031001,C0003532,105,not_as_described,19.16,0
R005400,O031002,C0003532,133,changed_mind,37.32,0
R005401,O031004,C0003532,154,size_fit,24.75,0
R005402,O031015,C0003533,209,duplicate_order,32.67,0
R005403,O031023,C0003535,122,duplicate_order,45.94,0
R005404,O031025,C0003535,136,duplicate_order,14.79,0
R005405,O031048,C0003537,196,not_as_described,18.48,0
R005406,O031051,C0003538,88,other,16.23,0
R005407,O031070,C0003540,140,size_fit,41.98,0
R005408,O031071,C0003540,159,not_as_described,15.63,0
R005409,O031079,C0003541,188,not_as_described,9.31,0
R005410,O031091,C0003542,195,size_fit,36.57,0
R005411,O031101,C0003544,59,defective,27.85,1
R005412,O031102,C0003544,82,changed_mind,20.29,1
R005413,O031107,C0003544,177,size_fit,32.62,1
R005414,O031126,C0003547,33,not_as_described,38.88,1
R005415,O031128,C0003547,43,changed_mind,28.96,1
R005416,O031132,C0003547,110,duplicate_order,32.22,1
R005417,O031134,C0003547,171,other,53.99,1
R005418,O031141,C0003548,117,changed_mind,6.2,1
R005419,O031142,C0003548,131,size_fit,17.21,1
R005420,O031150,C0003549,202,changed_mind,28.55,0
R005421,O031187,C0003552,209,size_fit,32.1,0
R005422,O031188,C0003553,32,not_as_described,44.0,0
R005423,O031193,C0003554,128,size_fit,42.88,0
R005424,O031196,C0003554,178,not_as_described,5.47,0
R005425,O031206,C0003556,85,changed_mind,42.32,1
R005426,O031207,C0003556,117,changed_mind,19.79,1
R005427,O031214,C0003556,183,size_fit,27.71,1
R005428,O031215,C0003556,195,size_fit,19.98,1
R005429,O031220,C0003557,106,size_fit,30.17,0
R005430,O031221,C0003557,135,other,27.4,0
R005431,O031240,C0003560,66,size_fit,18.89,0
R005432,O031247,C0003561,62,other,15.06,1
R005433,O031248,C0003561,76,changed_mind,28.05,1
R005434,O031250,C0003561,85,changed_mind,19.51,1
R005435,O031251,C0003561,91,changed_mind,30.88,1
R005436,O031253,C0003561,128,changed_mind,14.7,1
R005437,O031254,C0003561,145,defective,28.36,1
R005438,O031255,C0003561,153,changed_mind,19.17,1
R005439,O031257,C0003561,205,changed_mind,19.51,1
R005440,O031266,C0003562,122,duplicate_order,33.94,0
R005441,O031269,C0003562,121,other,20.66,0
R005442,O031270,C0003562,141,duplicate_order,13.56,0
R005443,O031271,C0003562,137,changed_mind,21.08,0
R005444,O031278,C0003562,209,size_fit,22.54,0
R005445,O031285,C0003563,175,other,52.7,0
R005446,O031290,C0003563,209,duplicate_order,27.61,0
R005447,O031306,C0003565,173,not_as_described,14.84,0
R005448,O031310,C0003566,167,not_as_described,6.63,0
R005449,O031313,C0003567,90,changed_mind,12.59,1
R005450,O031316,C0003567,120,not_as_described,43.01,1
R005451,O031317,C0003567,157,changed_mind,43.86,1
R005452,O031318,C0003567,175,changed_mind,21.48,1
R005453,O031319,C0003567,183,other,29.66,1
R005454,O031340,C0003569,134,other,13.55,0
R005455,O031346,C0003569,201,size_fit,58.13,0
R005456,O031371,C0003572,203,changed_mind,31.18,0
R005457,O031378,C0003573,135,changed_mind,14.64,0
R005458,O031379,C0003573,158,size_fit,27.61,0
R005459,O031381,C0003573,195,duplicate_order,15.72,0
R005460,O031405,C0003576,76,changed_mind,45.04,1
R005461,O031406,C0003576,94,changed_mind,59.32,1
R005462,O031408,C0003576,108,changed_mind,13.83,1
R005463,O031409,C0003576,130,not_as_described,35.96,1
R005464,O031418,C0003577,146,not_as_described,13.83,0
R005465,O031432,C0003578,185,changed_mind,31.45,0
R005466,O031454,C0003582,79,other,40.05,0
R005467,O031461,C0003583,140,not_as_described,9.45,0
R005468,O031482,C0003585,142,defective,20.82,0
R005469,O031489,C0003585,209,duplicate_order,53.99,0
R005470,O031496,C0003586,129,defective,73.86,0
R005471,O031503,C0003587,100,duplicate_order,7.94,0
R005472,O031520,C0003589,39,defective,9.77,0
R005473,O031521,C0003589,37,size_fit,76.94,0
R005474,O031524,C0003589,118,duplicate_order,17.52,0
R005475,O031528,C0003589,174,duplicate_order,15.12,0
R005476,O031536,C0003590,197,size_fit,54.18,0
R005477,O031549,C0003592,114,defective,10.56,1
R005478,O031550,C0003592,118,defective,40.05,1
R005479,O031552,C0003592,146,duplicate_order,18.74,1
R005480,O031585,C0003595,209,duplicate_order,21.08,0
R005481,O031587,C0003596,120,other,37.02,0
R005482,O031588,C0003596,123,duplicate_order,53.15,0
R005483,O031590,C0003596,159,not_as_described,13.66,0
R005484,O031594,C0003596,209,size_fit,23.56,0
R005485,O031607,C0003598,95,not_as_described,61.65,1
R005486,O031608,C0003598,120,size_fit,43.01,1
R005487,O031609,C0003598,120,changed_mind,12.97,1
R005488,O031611,C0003598,149,other,16.89,1
R005489,O031612,C0003598,153,changed_mind,18.89,1
R005490,O031613,C0003598,168,duplicate_order,59.89,1
R005491,O031615,C0003598,197,changed_mind,88.02,1
R005492,O031623,C0003599,201,defective,29.54,0
R005493,O031639,C0003601,93,size_fit,10.74,0
R005494,O031655,C0003602,97,other,7.43,0
R005495,O031662,C0003603,107,changed_mind,48.43,1
R005496,O031663,C0003603,108,not_as_described,42.88,1
R005497,O031664,C0003603,122,changed_mind,14.39,1
R005498,O031668,C0003603,189,changed_mind,24.12,1
R005499,O031689,C0003606,93,not_as_described,12.36,0
R005500,O031720,C0003609,181,defective,13.71,0
R005501,O031723,C0003609,208,other,19.36,0
R005502,O031738,C0003611,100,defective,38.23,0
R005503,O031743,C0003612,55,defective,25.44,0
R005504,O031750,C0003612,112,size_fit,25.44,0
R005505,O031756,C0003612,204,defective,25.44,0
R005506,O031758,C0003613,92,duplicate_order,15.62,0
R005507,O031765,C0003614,91,duplicate_order,58.13,0
R005508,O031769,C0003614,139,other,36.1,0
R005509,O031770,C0003614,146,changed_mind,17.16,0
R005510,O031774,C0003614,175,other,21.24,0
R005511,O031778,C0003615,118,changed_mind,13.66,1
R005512,O031781,C0003615,136,changed_mind,47.16,1
R005513,O031782,C0003615,138,not_as_described,38.88,1
R005514,O031784,C0003615,148,changed_mind,18.63,1
R005515,O031785,C0003615,161,not_as_described,18.51,1
R005516,O031787,C0003615,172,changed_mind,25.79,1
R005517,O031789,C0003615,192,changed_mind,62.73,1
R005518,O031790,C0003615,205,changed_mind,25.33,1
R005519,O031809,C0003618,57,changed_mind,31.02,1
R005520,O031813,C0003618,132,duplicate_order,73.86,1
R005521,O031827,C0003620,84,size_fit,32.09,0
R005522,O031836,C0003620,178,size_fit,37.32,0
R005523,O031841,C0003620,209,size_fit,16.57,0
R005524,O031845,C0003621,145,not_as_described,21.72,0
R005525,O031857,C0003624,84,size_fit,29.66,1
R005526,O031858,C0003624,92,changed_mind,28.9,1
R005527,O031859,C0003624,103,changed_mind,62.73,1
R005528,O031860,C0003624,114,changed_mind,17.52,1
R005529,O031861,C0003624,121,changed_mind,16.18,1
R005530,O031862,C0003624,128,changed_mind,15.88,1
R005531,O031865,C0003624,155,other,30.91,1
R005532,O031866,C0003624,195,other,40.65,1
R005533,O031868,C0003624,206,size_fit,28.74,1
R005534,O031869,C0003624,206,other,23.18,1
R005535,O031873,C0003625,163,changed_mind,48.43,0
R005536,O031878,C0003626,84,changed_mind,19.48,0
R005537,O031916,C0003630,104,duplicate_order,55.83,0
R005538,O031930,C0003632,133,size_fit,16.71,0
R005539,O031948,C0003634,167,not_as_described,6.1,0
R005540,O031979,C0003638,183,defective,16.71,0
R005541,O031996,C0003640,129,duplicate_order,24.7,0
R005542,O032024,C0003643,162,defective,29.66,0
R005543,O032041,C0003645,183,defective,53.15,0
R005544,O032049,C0003646,129,changed_mind,19.24,0
R005545,O032057,C0003647,158,changed_mind,6.63,1
R005546,O032059,C0003648,88,changed_mind,32.72,1
R005547,O032061,C0003648,128,defective,19.98,1
R005548,O032062,C0003648,129,changed_mind,14.01,1
R005549,O032063,C0003648,135,changed_mind,24.01,1
R005550,O032066,C0003648,145,size_fit,41.36,1
R005551,O032067,C0003648,146,changed_mind,38.62,1
R005552,O032080,C0003650,96,size_fit,28.74,0
R005553,O032110,C0003653,195,size_fit,33.72,0
R005554,O032115,C0003654,129,size_fit,11.76,0
R005555,O032122,C0003655,128,changed_mind,17.42,0
R005556,O032125,C0003655,209,duplicate_order,14.64,0
R005557,O032126,C0003655,209,changed_mind,31.84,0
R005558,O032139,C0003657,121,defective,30.08,0
R005559,O032140,C0003657,142,changed_mind,33.54,0
R005560,O032141,C0003657,143,duplicate_order,22.76,0
R005561,O032147,C0003658,134,size_fit,58.29,0
R005562,O032176,C0003660,195,not_as_described,14.7,0
R005563,O032178,C0003660,209,other,39.78,0
R005564,O032180,C0003661,107,changed_mind,10.8,1
R005565,O032181,C0003661,115,changed_mind,4.14,1
R005566,O032182,C0003661,121,changed_mind,45.94,1
R005567,O032184,C0003661,137,other,35.57,1
R005568,O032187,C0003661,157,duplicate_order,21.87,1
R005569,O032189,C0003661,187,changed_mind,19.51,1
R005570,O032193,C0003662,205,changed_mind,21.92,0
R005571,O032204,C0003664,199,defective,9.31,0
R005572,O032210,C0003665,149,changed_mind,28.05,0
R005573,O032215,C0003666,106,defective,28.96,1
R005574,O032216,C0003666,116,not_as_described,19.79,1
R005575,O032217,C0003666,141,not_as_described,23.26,1
R005576,O032218,C0003666,149,other,45.94,1
R005577,O032219,C0003666,152,other,27.4,1
R005578,O032221,C0003666,186,changed_mind,14.39,1
R005579,O032222,C0003666,205,changed_mind,19.36,1
R005580,O032223,C0003666,206,changed_mind,4.14,1
R005581,O032240,C0003669,80,changed_mind,16.23,1
R005582,O032243,C0003669,134,changed_mind,39.78,1
R005583,O032244,C0003669,168,not_as_described,27.71,1
R005584,O032245,C0003669,177,defective,70.86,1
R005585,O032248,C0003669,196,changed_mind,26.65,1
R005586,O032287,C0003674,192,duplicate_order,18.74,0
R005587,O032295,C0003676,93,size_fit,34.76,1
R005588,O032297,C0003676,143,other,27.61,1
R005589,O032302,C0003676,199,not_as_described,28.13,1
R005590,O032303,C0003676,197,duplicate_order,57.77,1
R005591,O032320,C0003678,63,duplicate_order,24.7,1
R005592,O032321,C0003678,83,not_as_described,34.09,1
R005593,O032322,C0003678,106,defective,12.97,1
R005594,O032323,C0003678,107,changed_mind,25.3,1
R005595,O032324,C0003678,110,duplicate_order,9.38,1
R005596,O032326,C0003678,151,changed_mind,24.7,1
R005597,O032327,C0003678,170,changed_mind,31.84,1
R005598,O032335,C0003679,127,not_as_described,35.57,0
R005599,O032346,C0003681,65,changed_mind,10.3,1
R005600,O032347,C0003681,68,changed_mind,18.63,1
R005601,O032349,C0003681,87,changed_mind,40.98,1
R005602,O032352,C0003681,185,duplicate_order,22.03,1
R005603,O032355,C0003682,68,changed_mind,12.6,0
R005604,O032357,C0003682,103,not_as_described,18.51,0
R005605,O032359,C0003682,129,not_as_described,19.22,0
R005606,O032382,C0003684,82,other,20.66,0
R005607,O032389,C0003684,183,duplicate_order,21.74,0
R005608,O032392,C0003686,25,not_as_described,31.57,1
R005609,O032393,C0003686,34,changed_mind,7.43,1
R005610,O032394,C0003686,41,size_fit,38.88,1
R005611,O032396,C0003686,79,changed_mind,28.11,1
R005612,O032402,C0003687,160,not_as_described,40.32,0
R005613,O032410,C0003688,114,duplicate_order,16.57,0
R005614,O032417,C0003689,53,defective,12.89,0
R005615,O032425,C0003690,123,defective,17.21,0
R005616,O032427,C0003690,180,defective,18.35,0
R005617,O032437,C0003691,191,not_as_described,15.68,0
R005618,O032449,C0003693,114,size_fit,28.9,0
R005619,O032451,C0003693,146,size_fit,38.23,0
R005620,O032453,C0003693,163,size_fit,83.18,0
R005621,O032454,C0003693,177,defective,31.4,0
R005622,O032455,C0003693,173,size_fit,14.94,0
R005623,O032457,C0003693,183,defective,15.37,0
R005624,O032458,C0003693,198,size_fit,46.54,0
R005625,O032459,C0003693,205,defective,5.47,0
R005626,O032463,C0003694,119,changed_mind,35.51,0
R005627,O032464,C0003694,125,changed_mind,16.14,0
R005628,O032476,C0003695,173,not_as_described,21.03,0
R005629,O032481,C0003696,61,changed_mind,36.1,0
R005630,O032488,C0003696,167,duplicate_order,32.1,0
R005631,O032506,C0003698,194,changed_mind,30.88,0
R005632,O032512,C0003699,127,other,17.94,0
R005633,O032516,C0003700,118,defective,12.63,0
R005634,O032520,C0003700,140,changed_mind,46.54,0
R005635,O032521,C0003700,174,other,47.16,0
R005636,O032522,C0003700,189,other,19.22,0
R005637,O032523,C0003700,196,duplicate_order,11.78,0
R005638,O032524,C0003701,98,defective,14.98,0
R005639,O032526,C0003701,170,changed_mind,16.57,0
R005640,O032533,C0003702,178,changed_mind,48.43,0
R005641,O032535,C0003703,66,changed_mind,40.32,1
R005642,O032536,C0003703,66,size_fit,17.17,1
R005643,O032542,C0003703,138,changed_mind,40.05,1
R005644,O032545,C0003703,172,size_fit,17.16,1
R005645,O032546,C0003703,174,changed_mind,8.55,1
R005646,O032547,C0003703,179,changed_mind,35.52,1
R005647,O032548,C0003703,187,changed_mind,6.1,1
R005648,O032549,C0003703,204,changed_mind,14.65,1
R005649,O032550,C0003703,205,other,30.04,1
R005650,O032553,C0003704,130,other,6.37,0
R005651,O032557,C0003705,22,duplicate_order,15.37,0
R005652,O032561,C0003705,89,size_fit,10.3,0
R005653,O032569,C0003706,63,changed_mind,33.94,1
R005654,O032570,C0003706,92,not_as_described,41.05,1
R005655,O032582,C0003708,90,changed_mind,15.99,1
R005656,O032584,C0003708,156,duplicate_order,19.17,1
R005657,O032586,C0003708,185,changed_mind,22.54,1
R005658,O032587,C0003708,193,other,50.41,1
R005659,O032610,C0003711,156,not_as_described,15.63,0
R005660,O032613,C0003711,182,other,18.17,0
R005661,O032625,C0003713,56,defective,26.65,0
R005662,O032633,C0003713,177,defective,36.57,0
R005663,O032636,C0003713,208,defective,58.08,0
R005664,O032638,C0003714,114,other,15.72,0
R005665,O032642,C0003714,164,defective,20.5,0
R005666,O032643,C0003714,165,defective,24.51,0
R005667,O032644,C0003714,165,duplicate_order,19.63,0
R005668,O032647,C0003714,202,other,38.62,0
R005669,O032648,C0003714,201,changed_mind,14.56,0
R005670,O032653,C0003715,202,duplicate_order,35.46,0
R005671,O032656,C0003716,103,changed_mind,9.72,1
R005672,O032657,C0003716,109,changed_mind,21.07,1
R005673,O032673,C0003717,145,other,15.62,0
R005674,O032682,C0003719,55,other,23.39,1
R005675,O032684,C0003719,58,changed_mind,18.48,1
R005676,O032687,C0003719,78,changed_mind,16.23,1
R005677,O032689,C0003719,137,changed_mind,48.39,1
R005678,O032690,C0003719,138,size_fit,12.36,1
R005679,O032691,C0003719,137,changed_mind,28.21,1
R005680,O032694,C0003719,179,defective,19.22,1
R005681,O032712,C0003721,169,other,30.09,0
R005682,O032716,C0003722,48,other,17.86,0
R005683,O032725,C0003722,209,duplicate_order,23.18,0
R005684,O032726,C0003723,63,changed_mind,23.39,0
R005685,O032742,C0003724,141,other,21.92,0
R005686,O032744,C0003724,165,changed_mind,25.79,0
R005687,O032747,C0003725,13,changed_mind,40.57,0
R005688,O032765,C0003726,136,duplicate_order,30.91,0
R005689,O032770,C0003726,209,defective,61.65,0
R005690,O032773,C0003727,87,defective,36.1,0
R005691,O032778,C0003727,209,defective,11.78,0
R005692,O032845,C0003736,32,changed_mind,37.32,1
R005693,O032846,C0003736,40,changed_mind,18.51,1
R005694,O032851,C0003736,142,changed_mind,26.98,1
R005695,O032853,C0003736,157,changed_mind,23.55,1
R005696,O032893,C0003741,94,changed_mind,19.17,1
R005697,O032895,C0003741,110,changed_mind,18.64,1
R005698,O032896,C0003741,112,other,47.64,1
R005699,O032898,C0003741,121,not_as_described,20.04,1
R005700,O032899,C0003741,160,size_fit,12.91,1
R005701,O032900,C0003741,162,other,46.54,1
R005702,O032901,C0003741,168,not_as_described,23.31,1
R005703,O032902,C0003741,187,size_fit,18.17,1
R005704,O032903,C0003741,207,changed_mind,31.57,1
R005705,O032904,C0003741,209,defective,18.83,1
R005706,O032905,C0003742,42,size_fit,9.99,1
R005707,O032906,C0003742,57,changed_mind,7.67,1
R005708,O032907,C0003742,80,changed_mind,19.63,1
R005709,O032908,C0003742,81,changed_mind,15.23,1
R005710,O032911,C0003742,101,duplicate_order,39.49,1
R005711,O032918,C0003743,56,changed_mind,39.78,1
R005712,O032922,C0003743,87,changed_mind,19.63,1
R005713,O032925,C0003743,105,size_fit,10.08,1
R005714,O032927,C0003743,142,defective,13.57,1
R005715,O032934,C0003743,209,size_fit,19.03,1
R005716,O032945,C0003745,110,defective,24.7,0
R005717,O032948,C0003745,168,not_as_described,14.65,0
R005718,O032953,C0003746,130,size_fit,25.11,0
R005719,O032977,C0003748,205,duplicate_order,6.37,0
R005720,O032991,C0003751,84,changed_mind,5.27,1
R005721,O032992,C0003751,85,changed_mind,62.61,1
R005722,O032993,C0003751,90,defective,23.39,1
R005723,O032995,C0003751,164,size_fit,38.23,1
R005724,O033006,C0003753,39,defective,31.18,0
R005725,O033014,C0003754,122,other,7.81,1
R005726,O033016,C0003754,135,changed_mind,28.05,1
R005727,O033017,C0003754,136,changed_mind,6.2,1
R005728,O033021,C0003754,165,changed_mind,16.57,1
R005729,O033022,C0003754,170,changed_mind,11.78,1
R005730,O033023,C0003754,179,changed_mind,43.01,1
R005731,O033025,C0003755,103,duplicate_order,21.92,0
R005732,O033026,C0003755,121,defective,25.44,0
R005733,O033033,C0003755,209,other,21.92,0
R005734,O033036,C0003756,197,size_fit,9.31,0
R005735,O033038,C0003757,94,defective,30.25,0
R005736,O033042,C0003757,158,other,23.39,0
R005737,O033077,C0003761,131,not_as_described,39.78,0
R005738,O033085,C0003761,209,other,14.84,0
R005739,O033115,C0003765,153,size_fit,38.62,0
R005740,O033117,C0003765,205,defective,11.11,0
R005741,O033129,C0003767,112,duplicate_order,23.56,0
R005742,O033139,C0003768,118,changed_mind,21.69,0
R005743,O033140,C0003768,106,size_fit,32.67,0
R005744,O033146,C0003768,171,size_fit,27.71,0
R005745,O033164,C0003771,100,duplicate_order,21.71,0
R005746,O033165,C0003771,97,not_as_described,12.36,0
R005747,O033171,C0003771,160,changed_mind,31.85,0
R005748,O033172,C0003771,171,size_fit,23.39,0
R005749,O033175,C0003771,193,other,60.28,0
R005750,O033180,C0003772,160,duplicate_order,5.83,0
R005751,O033186,C0003773,142,changed_mind,21.03,0
R005752,O033205,C0003776,121,defective,21.08,0
R005753,O033241,C0003780,164,defective,28.9,0
R005754,O033264,C0003782,82,duplicate_order,53.49,0
R005755,O033268,C0003782,169,defective,20.04,0
R005756,O033272,C0003783,62,changed_mind,16.57,1
R005757,O033273,C0003783,64,changed_mind,10.33,1
R005758,O033274,C0003783,95,changed_mind,20.29,1
R005759,O033276,C0003783,104,size_fit,38.03,1
R005760,O033277,C0003783,106,changed_mind,33.72,1
R005761,O033279,C0003783,159,not_as_described,35.86,1
R005762,O033280,C0003783,163,size_fit,38.86,1
R005763,O033284,C0003783,208,size_fit,15.64,1
R005764,O033285,C0003784,94,changed_mind,12.26,1
R005765,O033290,C0003784,160,changed_mind,21.25,1
R005766,O033294,C0003784,183,changed_mind,24.7,1
R005767,O033295,C0003784,188,size_fit,40.05,1
R005768,O033296,C0003784,193,other,11.11,1
R005769,O033298,C0003785,99,changed_mind,32.07,1
R005770,O033299,C0003785,146,changed_mind,21.19,1
R005771,O033303,C0003785,190,changed_mind,21.62,1
R005772,O033304,C0003785,192,changed_mind,19.22,1
R005773,O033305,C0003785,196,changed_mind,21.92,1
R005774,O033306,C0003785,197,changed_mind,21.48,1
R005775,O033319,C0003787,117,changed_mind,38.03,0
R005776,O033350,C0003790,185,changed_mind,35.52,0
R005777,O033351,C0003790,206,not_as_described,14.64,0
R005778,O033355,C0003791,161,size_fit,14.64,0
R005779,O033369,C0003793,179,duplicate_order,58.13,0
R005780,O033372,C0003794,21,changed_mind,17.86,1
R005781,O033373,C0003794,33,other,15.68,1
R005782,O033378,C0003794,133,changed_mind,43.01,1
R005783,O033379,C0003794,166,changed_mind,19.22,1
R005784,O033380,C0003795,88,not_as_described,47.64,0
R005785,O033386,C0003795,180,size_fit,55.83,0
R005786,O033404,C0003797,166,not_as_described,25.48,0
R005787,O033409,C0003797,209,size_fit,34.73,0
R005788,O033423,C0003799,68,changed_mind,7.81,1
R005789,O033428,C0003799,132,changed_mind,32.09,1
R005790,O033437,C0003800,111,duplicate_order,53.52,0
R005791,O033443,C0003801,78,changed_mind,24.51,1
R005792,O033444,C0003801,105,changed_mind,21.72,1
R005793,O033445,C0003801,116,size_fit,83.18,1
R005794,O033446,C0003801,123,size_fit,19.13,1
R005795,O033447,C0003801,133,changed_mind,24.12,1
R005796,O033448,C0003801,167,changed_mind,23.06,1
R005797,O033449,C0003801,174,other,9.31,1
R005798,O033450,C0003801,187,changed_mind,15.99,1
R005799,O033451,C0003801,200,not_as_described,14.61,1
R005800,O033453,C0003802,45,other,39.49,0
R005801,O033456,C0003802,82,duplicate_order,19.22,0
R005802,O033457,C0003802,115,changed_mind,27.85,0
R005803,O033458,C0003802,121,changed_mind,30.17,0
R005804,O033459,C0003802,123,defective,38.62,0
R005805,O033460,C0003802,133,duplicate_order,40.98,0
R005806,O033461,C0003802,170,size_fit,10.08,0
R005807,O033462,C0003802,172,duplicate_order,53.15,0
R005808,O033463,C0003802,207,defective,60.28,0
R005809,O033492,C0003807,49,not_as_described,27.85,0
R005810,O033500,C0003808,80,changed_mind,32.02,1
R005811,O033501,C0003808,92,changed_mind,37.31,1
R005812,O033502,C0003808,97,size_fit,13.57,1
R005813,O033513,C0003810,106,changed_mind,10.8,1
R005814,O033517,C0003810,144,changed_mind,18.63,1
R005815,O033518,C0003810,146,not_as_described,48.43,1
R005816,O033520,C0003810,167,changed_mind,12.36,1
R005817,O033521,C0003810,191,changed_mind,70.86,1
R005818,O033522,C0003810,208,changed_mind,33.54,1
R005819,O033523,C0003810,208,changed_mind,37.37,1
R005820,O033528,C0003812,54,size_fit,33.72,1
R005821,O033529,C0003812,68,changed_mind,30.91,1
R005822,O033530,C0003812,81,changed_mind,9.45,1
R005823,O033531,C0003812,97,duplicate_order,60.28,1
R005824,O033532,C0003812,96,other,23.55,1
R005825,O033536,C0003812,176,other,40.22,1
R005826,O033539,C0003812,203,duplicate_order,88.02,1
R005827,O033550,C0003814,161,defective,14.94,0
R005828,O033552,C0003814,196,other,48.43,0
R005829,O033555,C0003815,141,other,13.71,0
R005830,O033563,C0003816,123,not_as_described,32.1,0
R005831,O033565,C0003816,181,changed_mind,24.55,0
R005832,O033568,C0003817,18,not_as_described,40.05,1
R005833,O033569,C0003817,29,changed_mind,26.54,1
R005834,O033570,C0003817,35,changed_mind,15.62,1
R005835,O033571,C0003817,52,changed_mind,17.95,1
R005836,O033572,C0003817,55,changed_mind,28.15,1
R005837,O033577,C0003817,132,changed_mind,6.63,1
R005838,O033578,C0003817,177,changed_mind,12.63,1
R005839,O033579,C0003817,182,changed_mind,23.18,1
R005840,O033580,C0003817,183,changed_mind,25.33,1
R005841,O033581,C0003817,195,changed_mind,10.8,1
R005842,O033582,C0003817,206,changed_mind,13.22,1
R005843,O033627,C0003824,130,changed_mind,18.18,0
R005844,O033641,C0003827,20,changed_mind,28.15,1
R005845,O033642,C0003827,30,changed_mind,15.72,1
R005846,O033643,C0003827,62,changed_mind,42.82,1
R005847,O033645,C0003827,151,other,9.77,1
R005848,O033648,C0003827,177,not_as_described,29.0,1
R005849,O033661,C0003829,96,not_as_described,19.79,0
R005850,O033669,C0003829,184,changed_mind,17.25,0
R005851,O033675,C0003830,199,changed_mind,23.39,0
R005852,O033718,C0003835,77,changed_mind,18.17,0
R005853,O033733,C0003836,209,other,49.54,0
R005854,O033735,C0003837,97,changed_mind,29.18,1
R005855,O033736,C0003837,104,changed_mind,19.51,1
R005856,O033739,C0003837,179,defective,15.52,1
R005857,O033791,C0003842,208,size_fit,15.62,0
R005858,O033797,C0003843,209,defective,21.19,0
R005859,O033816,C0003846,125,changed_mind,29.57,0
R005860,O033817,C0003846,144,other,18.17,0
R005861,O033837,C0003849,79,size_fit,51.92,0
R005862,O033840,C0003849,108,changed_mind,88.02,0
R005863,O033841,C0003849,97,not_as_described,25.44,0
R005864,O033844,C0003849,156,duplicate_order,28.55,0
R005865,O033845,C0003849,162,defective,43.01,0
R005866,O033847,C0003849,177,defective,23.18,0
R005867,O033849,C0003849,209,duplicate_order,26.65,0
R005868,O033860,C0003851,38,changed_mind,62.61,1
R005869,O033862,C0003851,74,other,18.17,1
R005870,O033863,C0003851,78,defective,57.77,1
R005871,O033864,C0003851,80,size_fit,24.51,1
R005872,O033874,C0003851,209,changed_mind,40.56,1
R005873,O033894,C0003853,209,size_fit,14.39,0
R005874,O033895,C0003854,27,not_as_described,11.78,0
R005875,O033897,C0003854,82,defective,9.11,0
R005876,O033909,C0003855,147,duplicate_order,83.18,0
R005877,O033914,C0003856,128,defective,25.02,0
R005878,O033919,C0003857,89,size_fit,27.61,1
R005879,O033922,C0003857,111,changed_mind,10.56,1
R005880,O033926,C0003857,209,not_as_described,39.78,1
R005881,O033935,C0003859,80,size_fit,9.11,0
R005882,O033936,C0003859,185,not_as_described,26.82,0
R005883,O033950,C0003860,209,size_fit,17.21,0
R005884,O033951,C0003860,208,other,17.56,0
R005885,O033954,C0003861,69,changed_mind,58.29,1
R005886,O033955,C0003861,99,changed_mind,23.3,1
R005887,O033957,C0003861,122,other,13.66,1
R005888,O033958,C0003861,130,defective,27.05,1
R005889,O033960,C0003861,140,changed_mind,29.18,1
R005890,O033961,C0003862,109,not_as_described,27.61,1
R005891,O033964,C0003862,137,changed_mind,9.45,1
R005892,O033965,C0003862,138,changed_mind,19.48,1
R005893,O033966,C0003862,164,defective,12.97,1
R005894,O033967,C0003862,170,changed_mind,12.6,1
R005895,O033968,C0003862,170,defective,32.02,1
R005896,O033978,C0003863,170,defective,27.85,0
R005897,O033979,C0003863,193,duplicate_order,8.55,0
R005898,O034013,C0003867,27,not_as_described,10.75,1
R005899,O034014,C0003867,32,changed_mind,13.1,1
R005900,O034016,C0003867,72,changed_mind,7.67,1
R005901,O034018,C0003867,107,changed_mind,19.67,1
R005902,O034019,C0003867,107,changed_mind,23.06,1
R005903,O034020,C0003867,110,changed_mind,20.35,1
R005904,O034021,C0003867,131,size_fit,32.02,1
R005905,O034022,C0003867,133,changed_mind,54.18,1
R005906,O034054,C0003871,107,duplicate_order,19.98,0
R005907,O034056,C0003871,191,size_fit,23.55,0
R005908,O034058,C0003872,132,changed_mind,28.21,1
R005909,O034059,C0003872,139,not_as_described,14.98,1
R005910,O034060,C0003872,139,size_fit,6.1,1
R005911,O034062,C0003872,185,changed_mind,18.32,1
R005912,O034063,C0003872,199,other,40.57,1
R005913,O034064,C0003872,202,changed_mind,9.38,1
R005914,O034065,C0003872,204,duplicate_order,59.8,1
R005915,O034066,C0003872,206,duplicate_order,8.89,1
R005916,O034072,C0003874,112,size_fit,14.98,0
R005917,O034088,C0003876,46,changed_mind,43.88,1
R005918,O034091,C0003876,148,size_fit,35.86,1
R005919,O034107,C0003878,70,changed_mind,30.91,1
R005920,O034108,C0003878,76,changed_mind,14.79,1
R005921,O034109,C0003878,79,changed_mind,38.88,1
R005922,O034110,C0003878,149,duplicate_order,13.22,1
R005923,O034145,C0003882,140,changed_mind,26.98,0
R005924,O034162,C0003883,167,changed_mind,17.21,0
R005925,O034191,C0003888,122,changed_mind,18.63,0
R005926,O034194,C0003888,175,not_as_described,26.65,0
R005927,O034202,C0003889,129,defective,26.35,0
R005928,O034217,C0003890,209,duplicate_order,24.35,0
R005929,O034218,C0003891,74,changed_mind,39.49,1
R005930,O034219,C0003891,83,changed_mind,8.68,1
R005931,O034222,C0003891,159,other,8.92,1
R005932,O034223,C0003891,191,other,25.3,1
R005933,O034226,C0003892,64,size_fit,26.35,1
R005934,O034227,C0003892,72,changed_mind,12.89,1
R005935,O034228,C0003892,90,changed_mind,43.01,1
R005936,O034231,C0003892,115,changed_mind,12.43,1
R005937,O034236,C0003892,198,duplicate_order,25.11,1
R005938,O034238,C0003893,112,defective,45.94,0
R005939,O034252,C0003894,177,other,74.34,0
R005940,O034273,C0003896,151,defective,9.99,0
R005941,O034276,C0003896,209,changed_mind,14.98,0
R005942,O034279,C0003897,90,size_fit,14.64,1
R005943,O034280,C0003897,103,changed_mind,13.3,1
R005944,O034283,C0003897,170,changed_mind,5.83,1
R005945,O034284,C0003897,176,changed_mind,23.16,1
R005946,O034285,C0003897,197,changed_mind,18.32,1
R005947,O034301,C0003899,201,other,18.48,0
R005948,O034304,C0003900,129,defective,23.3,0
R005949,O034308,C0003900,209,changed_mind,28.21,0
R005950,O034315,C0003902,81,changed_mind,31.85,1
R005951,O034318,C0003902,96,changed_mind,32.27,1
R005952,O034319,C0003902,102,changed_mind,41.36,1
R005953,O034320,C0003902,106,changed_mind,23.18,1
R005954,O034323,C0003902,167,changed_mind,15.06,1
R005955,O034327,C0003903,165,other,15.23,0
R005956,O034338,C0003904,135,other,33.72,0
R005957,O034349,C0003906,55,duplicate_order,7.81,1
R005958,O034350,C0003906,62,defective,10.3,1
R005959,O034351,C0003906,78,size_fit,37.32,1
R005960,O034352,C0003906,121,changed_mind,58.73,1
R005961,O034355,C0003906,146,duplicate_order,29.54,1
R005962,O034357,C0003906,165,other,32.62,1
R005963,O034361,C0003906,209,size_fit,74.34,1
R005964,O034369,C0003908,44,changed_mind,35.57,1
R005965,O034370,C0003908,68,defective,42.82,1
R005966,O034374,C0003908,114,changed_mind,50.41,1
R005967,O034375,C0003908,118,changed_mind,17.25,1
R005968,O034377,C0003908,156,size_fit,18.74,1
R005969,O034378,C0003908,165,changed_mind,22.76,1
R005970,O034379,C0003908,173,other,59.89,1
R005971,O034381,C0003908,187,not_as_described,33.54,1
R005972,O034382,C0003909,52,changed_mind,39.12,1
R005973,O034386,C0003909,164,changed_mind,43.86,1
R005974,O034387,C0003910,128,defective,62.73,0
R005975,O034389,C0003910,130,changed_mind,27.4,0
R005976,O034392,C0003911,89,not_as_described,39.78,1
R005977,O034393,C0003911,92,changed_mind,22.31,1
R005978,O034394,C0003911,96,changed_mind,21.62,1
R005979,O034396,C0003911,147,defective,10.33,1
R005980,O034397,C0003911,175,changed_mind,35.96,1
R005981,O034416,C0003913,209,duplicate_order,22.37,0
R005982,O034431,C0003916,114,not_as_described,24.55,0
R005983,O034435,C0003916,209,changed_mind,34.76,0
R005984,O034456,C0003919,93,changed_mind,27.27,0
R005985,O034464,C0003919,194,defective,11.4,0
R005986,O034478,C0003921,100,changed_mind,28.05,0
R005987,O034489,C0003923,26,defective,30.17,1
R005988,O034490,C0003923,37,changed_mind,27.27,1
R005989,O034491,C0003923,76,other,40.05,1
R005990,O034492,C0003923,105,changed_mind,17.52,1
R005991,O034523,C0003928,97,not_as_described,35.25,0
R005992,O034524,C0003928,108,duplicate_order,20.7,0
R005993,O034525,C0003928,131,duplicate_order,12.43,0
R005994,O034526,C0003928,153,size_fit,8.55,0
R005995,O034527,C0003928,138,not_as_described,30.88,0
R005996,O034528,C0003928,143,changed_mind,35.57,0
R005997,O034530,C0003928,178,other,12.43,0
R005998,O034532,C0003928,199,defective,58.73,0
R005999,O034533,C0003928,209,defective,14.39,0
R006000,O034566,C0003932,154,duplicate_order,17.52,0
R006001,O034567,C0003932,185,other,9.45,0
R006002,O034573,C0003933,82,defective,27.4,0
R006003,O034577,C0003933,140,defective,31.02,0
R006004,O034601,C0003935,65,changed_mind,10.74,1
R006005,O034626,C0003939,142,changed_mind,10.08,0
R006006,O034637,C0003941,133,duplicate_order,18.48,0
R006007,O034652,C0003942,166,duplicate_order,16.89,0
R006008,O034660,C0003943,154,defective,28.9,0
R006009,O034681,C0003946,170,other,16.57,0
R006010,O034685,C0003947,16,size_fit,13.83,0
R006011,O034687,C0003947,41,size_fit,50.41,0
R006012,O034693,C0003948,27,duplicate_order,33.72,1
R006013,O034694,C0003948,33,changed_mind,53.49,1
R006014,O034696,C0003948,50,defective,40.05,1
R006015,O034697,C0003948,53,changed_mind,62.61,1
R006016,O034701,C0003948,86,size_fit,26.65,1
R006017,O034702,C0003948,103,size_fit,5.27,1
R006018,O034703,C0003948,111,changed_mind,7.67,1
R006019,O034705,C0003948,124,defective,16.57,1
R006020,O034707,C0003948,153,changed_mind,23.18,1
R006021,O034708,C0003948,174,other,31.84,1
R006022,O034709,C0003948,186,changed_mind,9.77,1
R006023,O034722,C0003951,34,changed_mind,13.83,1
R006024,O034723,C0003951,48,changed_mind,10.3,1
R006025,O034725,C0003951,147,changed_mind,19.63,1
R006026,O034728,C0003951,165,defective,17.42,1
R006027,O034729,C0003951,201,changed_mind,31.18,1
R006028,O034730,C0003951,205,not_as_described,26.98,1
R006029,O034731,C0003951,206,defective,11.11,1
R006030,O034734,C0003952,93,size_fit,12.63,0
R006031,O034747,C0003953,180,other,5.77,0
R006032,O034765,C0003956,166,not_as_described,54.18,0
R006033,O034768,C0003957,70,changed_mind,19.79,1
R006034,O034769,C0003957,102,size_fit,6.2,1
R006035,O034770,C0003957,104,size_fit,17.21,1
R006036,O034771,C0003957,131,changed_mind,8.89,1
R006037,O034772,C0003957,152,size_fit,14.84,1
R006038,O034773,C0003957,164,changed_mind,15.99,1
R006039,O034775,C0003957,177,changed_mind,52.7,1
R006040,O034777,C0003958,102,changed_mind,14.39,1
R006041,O034779,C0003958,107,changed_mind,15.88,1
R006042,O034781,C0003958,121,changed_mind,24.51,1
R006043,O034782,C0003958,144,duplicate_order,9.45,1
R006044,O034801,C0003959,168,size_fit,18.63,0
R006045,O034811,C0003960,209,not_as_described,52.7,0
R006046,O034816,C0003961,140,changed_mind,16.23,0
R006047,O034824,C0003962,154,size_fit,22.54,0
R006048,O034880,C0003970,11,changed_mind,21.06,1
R006049,O034882,C0003970,116,not_as_described,28.55,1
R006050,O034884,C0003970,172,changed_mind,18.48,1
R006051,O034887,C0003970,207,not_as_described,5.27,1
R006052,O034888,C0003970,206,duplicate_order,39.78,1
R006053,O034893,C0003971,135,defective,15.23,0
R006054,O034902,C0003971,203,defective,14.98,0
R006055,O034918,C0003975,61,changed_mind,24.96,1
R006056,O034919,C0003975,64,changed_mind,2.75,1
R006057,O034924,C0003975,120,changed_mind,9.45,1
R006058,O034925,C0003975,129,defective,14.64,1
R006059,O034940,C0003976,62,changed_mind,10.3,1
R006060,O034941,C0003976,92,changed_mind,40.65,1
R006061,O034943,C0003976,142,other,165.23,1
R006062,O034978,C0003980,115,duplicate_order,37.37,0
R006063,O035002,C0003984,112,not_as_described,59.89,0
R006064,O035016,C0003986,103,size_fit,17.17,0
R006065,O035031,C0003988,99,other,9.99,0
R006066,O035036,C0003988,201,size_fit,15.23,0
R006067,O035044,C0003989,166,not_as_described,28.05,0
R006068,O035045,C0003989,184,other,20.29,0
R006069,O035053,C0003990,184,duplicate_order,16.23,0
R006070,O035074,C0003993,94,duplicate_order,15.72,1
R006071,O035075,C0003993,111,changed_mind,51.92,1
R006072,O035076,C0003993,118,changed_mind,23.2,1
R006073,O035077,C0003993,126,changed_mind,16.56,1
R006074,O035079,C0003993,143,changed_mind,21.08,1
R006075,O035080,C0003993,147,changed_mind,11.11,1
R006076,O035084,C0003994,107,size_fit,15.61,1
R006077,O035085,C0003994,111,changed_mind,30.91,1
R006078,O035086,C0003994,117,changed_mind,86.13,1
R006079,O035089,C0003994,138,size_fit,8.89,1
R006080,O035095,C0003994,207,changed_mind,21.19,1
R006081,O035108,C0003996,78,not_as_described,28.36,0
R006082,O035113,C0003996,173,duplicate_order,32.72,0
R006083,O035114,C0003996,176,other,12.43,0
R006084,O035115,C0003997,19,other,24.7,0
R006085,O035119,C0003997,127,other,29.12,0
R006086,O035121,C0003997,141,not_as_described,32.09,0
R006087,O035125,C0003997,205,duplicate_order,26.72,0
R006088,O035157,C0004002,54,duplicate_order,20.66,0
R006089,O035165,C0004003,33,not_as_described,16.57,0
R006090,O035214,C0004009,98,duplicate_order,7.43,0
R006091,O035219,C0004010,44,defective,61.65,0
R006092,O035229,C0004011,27,size_fit,19.63,0
R006093,O035235,C0004012,85,changed_mind,17.25,1
R006094,O035237,C0004012,140,changed_mind,18.48,1
R006095,O035241,C0004012,209,defective,24.01,1
R006096,O035242,C0004012,208,size_fit,20.35,1
R006097,O035249,C0004013,187,duplicate_order,13.56,0
R006098,O035266,C0004015,137,duplicate_order,7.94,0
R006099,O035270,C0004016,181,changed_mind,14.64,1
R006100,O035271,C0004016,183,changed_mind,9.45,1
R006101,O035272,C0004016,193,size_fit,35.52,1
R006102,O035273,C0004016,199,size_fit,35.51,1
R006103,O035274,C0004017,121,duplicate_order,27.61,0
R006104,O035279,C0004017,152,not_as_described,53.15,0
R006105,O035285,C0004017,209,changed_mind,18.17,0
R006106,O035288,C0004018,96,changed_mind,18.51,1
R006107,O035291,C0004018,166,duplicate_order,15.61,1
R006108,O035292,C0004018,203,changed_mind,33.94,1
R006109,O035332,C0004023,209,changed_mind,9.31,0
R006110,O035342,C0004026,72,changed_mind,21.03,1
R006111,O035344,C0004026,82,size_fit,79.09,1
R006112,O035348,C0004026,128,changed_mind,18.17,1
R006113,O035349,C0004026,130,changed_mind,63.27,1
R006114,O035381,C0004029,176,changed_mind,28.2,0
R006115,O035387,C0004030,73,changed_mind,17.86,1
R006116,O035389,C0004030,78,changed_mind,20.08,1
R006117,O035390,C0004030,109,changed_mind,9.99,1
R006118,O035392,C0004030,115,changed_mind,58.08,1
R006119,O035396,C0004031,104,changed_mind,27.4,1
R006120,O035399,C0004031,132,other,23.06,1
R006121,O035400,C0004031,159,not_as_described,54.18,1
R006122,O035402,C0004031,185,changed_mind,24.12,1
R006123,O035404,C0004031,190,duplicate_order,10.48,1
R006124,O035414,C0004033,70,changed_mind,26.72,1
R006125,O035416,C0004033,90,changed_mind,5.77,1
R006126,O035427,C0004034,24,changed_mind,20.66,1
R006127,O035428,C0004034,101,duplicate_order,19.22,1
R006128,O035430,C0004034,151,changed_mind,14.56,1
R006129,O035433,C0004034,202,changed_mind,17.52,1
R006130,O035439,C0004035,135,changed_mind,7.67,1
R006131,O035441,C0004035,150,changed_mind,26.54,1
R006132,O035442,C0004035,159,changed_mind,21.74,1
R006133,O035444,C0004035,197,changed_mind,38.23,1
R006134,O035445,C0004035,200,defective,31.18,1
R006135,O035446,C0004036,101,changed_mind,16.56,1
R006136,O035448,C0004036,124,other,15.06,1
R006137,O035453,C0004036,192,changed_mind,33.54,1
R006138,O035455,C0004037,24,changed_mind,16.89,0
R006139,O035465,C0004037,160,changed_mind,9.72,0
R006140,O035476,C0004038,157,defective,23.55,0
R006141,O035503,C0004040,104,changed_mind,37.66,0
R006142,O035510,C0004040,139,size_fit,21.08,0
R006143,O035512,C0004040,179,changed_mind,17.95,0
R006144,O035514,C0004040,191,not_as_described,28.25,0
R006145,O035543,C0004042,207,size_fit,12.43,0
R006146,O035545,C0004042,209,not_as_described,40.32,0
R006147,O035546,C0004043,98,changed_mind,39.78,1
R006148,O035548,C0004043,113,changed_mind,88.02,1
R006149,O035549,C0004043,146,size_fit,35.95,1
R006150,O035550,C0004043,150,size_fit,70.86,1
R006151,O035551,C0004043,141,changed_mind,18.48,1
R006152,O035554,C0004043,185,defective,55.27,1
R006153,O035562,C0004044,169,other,55.27,0
R006154,O035567,C0004044,205,duplicate_order,19.63,0
R006155,O035570,C0004045,59,changed_mind,31.45,1
R006156,O035617,C0004050,118,defective,17.52,0
R006157,O035638,C0004052,152,other,8.89,0
R006158,O035653,C0004054,98,changed_mind,22.76,0
R006159,O035659,C0004055,131,changed_mind,38.46,1
R006160,O035661,C0004055,191,duplicate_order,19.48,1
R006161,O035662,C0004055,198,changed_mind,22.76,1
R006162,O035665,C0004055,209,changed_mind,20.82,1
R006163,O035676,C0004057,103,other,23.26,0
R006164,O035679,C0004057,140,defective,21.03,0
R006165,O035684,C0004057,209,changed_mind,53.49,0
R006166,O035690,C0004059,82,changed_mind,18.18,1
R006167,O035691,C0004059,104,changed_mind,39.78,1
R006168,O035696,C0004060,84,defective,26.35,0
R006169,O035700,C0004060,130,other,12.65,0
R006170,O035705,C0004060,171,changed_mind,14.64,0
R006171,O035711,C0004061,188,not_as_described,16.57,0
R006172,O035716,C0004062,12,size_fit,26.21,0
R006173,O035735,C0004064,97,defective,14.98,0
R006174,O035740,C0004065,118,duplicate_order,29.12,0
R006175,O035743,C0004065,116,not_as_described,30.91,0
R006176,O035745,C0004065,135,other,13.22,0
R006177,O035750,C0004065,156,not_as_described,16.56,0
R006178,O035753,C0004065,164,changed_mind,18.48,0
R006179,O035754,C0004065,179,other,26.82,0
R006180,O035756,C0004065,209,changed_mind,13.22,0
R006181,O035758,C0004066,81,changed_mind,18.48,0
R006182,O035775,C0004069,93,size_fit,14.39,1
R006183,O035778,C0004069,134,duplicate_order,28.25,1
R006184,O035780,C0004069,153,changed_mind,14.39,1
R006185,O035783,C0004070,66,changed_mind,24.74,0
R006186,O035804,C0004071,180,other,35.51,0
R006187,O035815,C0004073,91,changed_mind,31.84,0
R006188,O035864,C0004079,75,size_fit,13.56,0
R006189,O035869,C0004080,90,not_as_described,29.62,1
R006190,O035870,C0004080,108,changed_mind,16.18,1
R006191,O035871,C0004080,110,not_as_described,12.36,1
R006192,O035874,C0004080,158,other,21.24,1
R006193,O035875,C0004080,174,changed_mind,16.89,1
R006194,O035886,C0004081,167,defective,17.17,0
R006195,O035895,C0004082,134,not_as_described,39.23,0
R006196,O035904,C0004083,181,other,28.15,0
R006197,O035908,C0004084,100,other,19.48,0
R006198,O035912,C0004084,172,duplicate_order,12.7,0
R006199,O035914,C0004084,195,duplicate_order,28.25,0
R006200,O035918,C0004085,68,changed_mind,83.18,1
R006201,O035919,C0004085,68,changed_mind,15.63,1
R006202,O035921,C0004085,116,changed_mind,29.0,1
R006203,O035922,C0004085,130,changed_mind,40.05,1
R006204,O035925,C0004085,209,changed_mind,20.7,1
R006205,O035942,C0004087,141,duplicate_order,53.15,0
R006206,O035958,C0004090,110,changed_mind,18.17,1
R006207,O035963,C0004090,209,size_fit,6.63,1
R006208,O035973,C0004092,160,size_fit,38.86,0
R006209,O035982,C0004093,146,other,21.07,0
R006210,O035993,C0004094,199,defective,25.44,0
R006211,O036009,C0004096,209,size_fit,21.74,0
R006212,O036018,C0004097,192,duplicate_order,20.29,0
R006213,O036024,C0004098,35,other,9.31,0
R006214,O036026,C0004098,95,duplicate_order,9.72,0
R006215,O036027,C0004098,119,size_fit,59.89,0
R006216,O036033,C0004099,86,not_as_described,28.13,0
R006217,O036050,C0004101,73,duplicate_order,71.6,1
R006218,O036051,C0004101,89,changed_mind,18.17,1
R006219,O036053,C0004101,158,changed_mind,10.08,1
R006220,O036057,C0004102,91,other,18.63,0
R006221,O036065,C0004103,145,defective,18.51,0
R006222,O036067,C0004103,178,changed_mind,28.55,0
R006223,O036068,C0004104,64,defective,21.06,0
R006224,O036075,C0004105,86,changed_mind,40.32,1
R006225,O036077,C0004105,97,changed_mind,30.91,1
R006226,O036078,C0004105,98,other,21.19,1
R006227,O036079,C0004105,102,duplicate_order,6.2,1
R006228,O036081,C0004105,123,changed_mind,67.3,1
R006229,O036084,C0004105,158,changed_mind,27.95,1
R006230,O036085,C0004105,174,changed_mind,39.78,1
R006231,O036089,C0004105,209,other,21.38,1
R006232,O036092,C0004106,79,defective,21.69,0
R006233,O036147,C0004112,156,changed_mind,13.57,0
R006234,O036155,C0004113,36,changed_mind,38.23,1
R006235,O036156,C0004113,51,changed_mind,30.01,1
R006236,O036158,C0004113,68,other,6.1,1
R006237,O036159,C0004113,110,changed_mind,47.64,1
R006238,O036161,C0004113,159,other,53.49,1
R006239,O036166,C0004114,122,not_as_described,58.73,0
R006240,O036169,C0004114,167,not_as_described,6.35,0
R006241,O036171,C0004114,190,not_as_described,38.62,0
R006242,O036189,C0004117,29,changed_mind,17.52,1
R006243,O036191,C0004117,56,changed_mind,12.59,1
R006244,O036201,C0004118,107,changed_mind,9.38,1
R006245,O036205,C0004119,112,size_fit,26.35,0
R006246,O036215,C0004120,95,size_fit,20.7,0
R006247,O036226,C0004122,120,size_fit,21.48,1
R006248,O036227,C0004122,119,other,33.54,1
R006249,O036228,C0004122,128,changed_mind,13.55,1
R006250,O036230,C0004122,147,changed_mind,26.98,1
R006251,O036232,C0004122,154,size_fit,35.95,1
R006252,O036235,C0004122,178,not_as_described,31.18,1
R006253,O036236,C0004122,179,other,19.24,1
R006254,O036247,C0004123,209,not_as_described,41.05,0
R006255,O036253,C0004125,128,other,7.67,0
R006256,O036261,C0004126,173,not_as_described,12.59,1
R006257,O036264,C0004127,29,other,73.86,1
R006258,O036265,C0004127,32,duplicate_order,5.83,1
R006259,O036268,C0004127,88,duplicate_order,37.31,1
R006260,O036270,C0004127,192,changed_mind,19.67,1
R006261,O036271,C0004127,194,changed_mind,6.35,1
R006262,O036274,C0004128,101,changed_mind,16.14,1
R006263,O036278,C0004128,120,changed_mind,10.3,1
R006264,O036280,C0004128,161,duplicate_order,27.99,1
R006265,O036288,C0004130,83,size_fit,39.12,0
R006266,O036292,C0004130,142,duplicate_order,35.57,0
R006267,O036296,C0004130,174,defective,27.4,0
R006268,O036300,C0004131,15,duplicate_order,10.3,1
R006269,O036303,C0004131,115,changed_mind,45.94,1
R006270,O036305,C0004131,175,changed_mind,30.09,1
R006271,O036306,C0004131,181,other,22.55,1
R006272,O036308,C0004132,181,not_as_described,26.35,0
R006273,O036314,C0004133,76,not_as_described,28.13,0
R006274,O036316,C0004133,96,changed_mind,35.46,0
R006275,O036322,C0004133,209,duplicate_order,55.83,0
R006276,O036324,C0004134,109,changed_mind,13.57,1
R006277,O036326,C0004134,175,other,16.89,1
R006278,O036358,C0004138,178,not_as_described,24.55,0
R006279,O036380,C0004140,197,size_fit,25.44,0
R006280,O036386,C0004141,119,defective,12.43,0
R006281,O036391,C0004142,118,changed_mind,30.88,1
R006282,O036392,C0004142,122,changed_mind,19.63,1
R006283,O036393,C0004142,128,changed_mind,26.65,1
R006284,O036397,C0004142,158,changed_mind,55.27,1
R006285,O036398,C0004142,180,changed_mind,59.48,1
R006286,O036399,C0004142,181,changed_mind,12.14,1
R006287,O036400,C0004142,191,other,15.37,1
R006288,O036424,C0004145,137,not_as_described,14.84,0
R006289,O036437,C0004146,175,other,8.46,0
R006290,O036455,C0004148,116,size_fit,15.06,0
R006291,O036457,C0004148,144,size_fit,18.89,0
R006292,O036458,C0004148,146,size_fit,30.08,0
R006293,O036459,C0004148,154,not_as_described,43.86,0
R006294,O036460,C0004148,180,changed_mind,31.45,0
R006295,O036461,C0004148,203,size_fit,12.7,0
R006296,O036465,C0004149,190,not_as_described,13.3,0
R006297,O036469,C0004150,94,other,19.16,0
R006298,O036475,C0004151,65,other,31.4,0
R006299,O036488,C0004152,82,duplicate_order,62.61,1
R006300,O036490,C0004152,152,defective,14.65,1
R006301,O036491,C0004152,158,changed_mind,30.09,1
R006302,O036495,C0004152,209,defective,15.63,1
R006303,O036513,C0004155,87,defective,31.85,1
R006304,O036515,C0004155,108,changed_mind,4.14,1
R006305,O036516,C0004155,121,changed_mind,30.39,1
R006306,O036517,C0004155,151,size_fit,31.57,1
R006307,O036519,C0004155,157,duplicate_order,21.62,1
R006308,O036523,C0004155,209,changed_mind,58.08,1
R006309,O036528,C0004156,134,not_as_described,26.65,0
R006310,O036529,C0004156,209,duplicate_order,26.35,0
R006311,O036539,C0004157,201,other,18.74,0
R006312,O036558,C0004159,183,changed_mind,23.42,0
R006313,O036560,C0004159,188,not_as_described,19.16,0
R006314,O036561,C0004159,196,defective,16.91,0
R006315,O036572,C0004161,65,defective,58.73,0
R006316,O036589,C0004163,112,defective,70.86,0
R006317,O036593,C0004164,95,changed_mind,5.27,0
R006318,O036614,C0004168,25,other,25.44,0
R006319,O036623,C0004169,87,not_as_described,33.54,0
R006320,O036624,C0004169,96,defective,13.56,0
R006321,O036641,C0004170,202,other,18.51,0
R006322,O036651,C0004172,141,changed_mind,31.84,1
R006323,O036653,C0004172,160,changed_mind,21.9,1
R006324,O036654,C0004172,162,changed_mind,14.56,1
R006325,O036655,C0004172,209,changed_mind,28.21,1
R006326,O036668,C0004174,104,not_as_described,17.95,0
R006327,O036692,C0004177,122,size_fit,59.89,0
R006328,O036693,C0004177,126,not_as_described,17.25,0
R006329,O036694,C0004177,132,other,33.54,0
R006330,O036697,C0004177,158,changed_mind,30.17,0
R006331,O036698,C0004177,159,size_fit,39.78,0
R006332,O036699,C0004177,175,defective,19.36,0
R006333,O036701,C0004177,190,size_fit,53.52,0
R006334,O036702,C0004177,208,duplicate_order,41.05,0
R006335,O036713,C0004179,74,duplicate_order,13.66,0
R006336,O036717,C0004180,81,changed_mind,18.51,1
R006337,O036719,C0004180,102,changed_mind,9.38,1
R006338,O036720,C0004180,105,changed_mind,6.35,1
R006339,O036721,C0004180,108,other,5.27,1
R006340,O036722,C0004180,112,changed_mind,30.09,1
R006341,O036723,C0004180,114,changed_mind,16.57,1
R006342,O036746,C0004183,106,duplicate_order,25.33,0
R006343,O036750,C0004183,146,duplicate_order,26.09,0
R006344,O036751,C0004183,166,size_fit,23.26,0
R006345,O036765,C0004185,74,defective,13.39,0
R006346,O036769,C0004185,121,size_fit,32.72,0
R006347,O036770,C0004185,129,other,12.43,0
R006348,O036772,C0004185,145,size_fit,9.77,0
R006349,O036773,C0004185,147,duplicate_order,10.15,0
R006350,O036774,C0004185,159,changed_mind,25.02,0
R006351,O036777,C0004185,165,other,31.84,0
R006352,O036778,C0004185,189,other,29.54,0
R006353,O036779,C0004185,202,changed_mind,23.39,0
R006354,O036780,C0004185,208,other,30.08,0
R006355,O036810,C0004189,12,size_fit,13.22,1
R006356,O036811,C0004189,28,changed_mind,12.89,1
R006357,O036812,C0004189,42,changed_mind,21.9,1
R006358,O036813,C0004189,44,other,16.16,1
R006359,O036817,C0004190,25,changed_mind,19.16,1
R006360,O036818,C0004190,79,changed_mind,21.87,1
R006361,O036820,C0004190,89,changed_mind,26.65,1
R006362,O036821,C0004190,96,changed_mind,21.25,1
R006363,O036822,C0004190,104,changed_mind,21.24,1
R006364,O036823,C0004190,116,changed_mind,25.79,1
R006365,O036827,C0004191,27,defective,27.27,1
R006366,O036828,C0004191,43,changed_mind,9.72,1
R006367,O036830,C0004191,67,changed_mind,19.24,1
R006368,O036833,C0004191,157,not_as_described,59.48,1
R006369,O036889,C0004197,170,changed_mind,21.92,0
R006370,O036907,C0004199,43,not_as_described,32.62,1
R006371,O036908,C0004199,82,changed_mind,53.15,1
R006372,O036909,C0004199,102,changed_mind,23.55,1
R006373,O036910,C0004199,144,changed_mind,25.3,1
R006374,O036911,C0004199,146,defective,18.48,1
R006375,O036912,C0004199,163,changed_mind,26.65,1
R006376,O036913,C0004199,177,changed_mind,4.14,1
R006377,O036914,C0004199,184,defective,23.31,1
R006378,O036917,C0004199,204,changed_mind,33.72,1
R006379,O036927,C0004201,20,other,38.23,1
R006380,O036935,C0004202,202,not_as_described,8.46,0
R006381,O036944,C0004204,126,defective,25.02,1
R006382,O036945,C0004204,161,changed_mind,37.37,1
R006383,O036947,C0004204,167,defective,6.2,1
R006384,O036950,C0004204,178,changed_mind,17.86,1
R006385,O036952,C0004204,193,changed_mind,21.03,1
R006386,O036953,C0004204,208,changed_mind,53.49,1
R006387,O036954,C0004205,59,changed_mind,30.17,1
R006388,O036955,C0004205,69,changed_mind,18.51,1
R006389,O036956,C0004205,102,changed_mind,26.65,1
R006390,O036958,C0004205,147,other,28.55,1
R006391,O036959,C0004205,206,changed_mind,18.89,1
R006392,O036965,C0004206,151,changed_mind,13.3,0
R006393,O036967,C0004206,172,duplicate_order,9.99,0
R006394,O036975,C0004207,85,other,11.4,1
R006395,O036988,C0004209,111,changed_mind,20.29,1
R006396,O036989,C0004209,145,changed_mind,6.63,1
R006397,O036994,C0004209,193,duplicate_order,39.49,1
R006398,O036995,C0004209,198,defective,43.01,1
R006399,O036996,C0004209,204,changed_mind,71.6,1
R006400,O037002,C0004210,200,size_fit,25.11,0
R006401,O037032,C0004213,209,size_fit,83.18,0
R006402,O037033,C0004214,102,defective,14.56,0
R006403,O037043,C0004214,209,changed_mind,20.5,0
R006404,O037045,C0004215,105,not_as_described,18.18,0
R006405,O037055,C0004215,209,changed_mind,15.99,0
R006406,O037063,C0004217,27,changed_mind,24.01,1
R006407,O037064,C0004217,42,changed_mind,24.51,1
R006408,O037065,C0004217,46,changed_mind,27.61,1
R006409,O037066,C0004217,56,not_as_described,39.23,1
R006410,O037068,C0004217,97,changed_mind,45.94,1
R006411,O037102,C0004222,95,defective,50.83,0
R006412,O037138,C0004226,143,defective,41.98,0
R006413,O037159,C0004228,89,changed_mind,12.63,1
R006414,O037161,C0004228,97,changed_mind,9.62,1
R006415,O037163,C0004228,115,changed_mind,33.72,1
R006416,O037164,C0004228,119,size_fit,53.99,1
R006417,O037166,C0004228,152,not_as_described,22.31,1
R006418,O037167,C0004228,189,defective,8.92,1
R006419,O037168,C0004228,206,changed_mind,24.7,1
R006420,O037181,C0004230,119,not_as_described,15.88,0
R006421,O037204,C0004233,91,changed_mind,83.18,0
R006422,O037213,C0004234,95,size_fit,16.23,0
R006423,O037222,C0004234,202,size_fit,26.65,0
R006424,O037224,C0004234,209,changed_mind,37.37,0
R006425,O037226,C0004235,80,changed_mind,17.42,1
R006426,O037227,C0004235,93,defective,55.27,1
R006427,O037228,C0004235,110,changed_mind,30.08,1
R006428,O037231,C0004235,167,not_as_described,24.7,1
R006429,O037260,C0004238,203,size_fit,83.18,0
R006430,O037284,C0004240,209,other,30.17,0
R006431,O037288,C0004241,146,defective,16.23,0
R006432,O037298,C0004242,16,not_as_described,10.15,1
R006433,O037300,C0004242,31,changed_mind,4.14,1
R006434,O037303,C0004242,101,changed_mind,28.74,1
R006435,O037304,C0004242,109,changed_mind,11.4,1
R006436,O037309,C0004242,194,other,8.92,1
R006437,O037314,C0004242,209,size_fit,21.48,1
R006438,O037315,C0004242,209,changed_mind,39.12,1
R006439,O037322,C0004243,209,defective,12.59,0
R006440,O037335,C0004247,116,changed_mind,53.49,1
R006441,O037342,C0004247,185,changed_mind,32.62,1
R006442,O037343,C0004247,189,changed_mind,23.16,1
R006443,O037345,C0004248,52,changed_mind,74.34,1
R006444,O037346,C0004248,50,changed_mind,79.54,1
R006445,O037347,C0004248,60,defective,15.99,1
R006446,O037348,C0004248,63,other,23.55,1
R006447,O037349,C0004248,62,duplicate_order,6.1,1
R006448,O037353,C0004248,104,changed_mind,26.09,1
R006449,O037354,C0004248,107,changed_mind,10.3,1
R006450,O037355,C0004248,110,changed_mind,39.78,1
R006451,O037357,C0004248,135,size_fit,70.86,1
R006452,O037363,C0004249,138,not_as_described,25.3,1
R006453,O037364,C0004249,182,size_fit,37.02,1
R006454,O037366,C0004249,192,not_as_described,5.27,1
R006455,O037367,C0004249,198,other,40.22,1
R006456,O037368,C0004250,93,not_as_described,13.56,0
R006457,O037388,C0004252,114,other,23.18,0
R006458,O037391,C0004252,150,defective,24.51,0
R006459,O037392,C0004252,157,changed_mind,23.42,0
R006460,O037408,C0004254,112,size_fit,19.16,0
R006461,O037422,C0004255,176,size_fit,42.82,0
R006462,O037435,C0004257,30,changed_mind,8.55,1
R006463,O037436,C0004257,52,not_as_described,21.25,1
R006464,O037438,C0004257,78,changed_mind,55.83,1
R006465,O037440,C0004257,109,other,15.99,1
R006466,O037441,C0004257,122,changed_mind,10.74,1
R006467,O037443,C0004257,134,changed_mind,18.48,1
R006468,O037445,C0004257,181,changed_mind,15.63,1
R006469,O037446,C0004257,189,changed_mind,25.33,1
R006470,O037448,C0004257,202,not_as_described,19.51,1
R006471,O037450,C0004257,203,not_as_described,23.39,1
R006472,O037461,C0004259,86,changed_mind,88.02,1
R006473,O037462,C0004259,93,changed_mind,38.23,1
R006474,O037463,C0004259,107,changed_mind,76.94,1
R006475,O037467,C0004259,150,defective,31.84,1
R006476,O037468,C0004259,153,other,17.95,1
R006477,O037471,C0004259,209,not_as_described,33.72,1
R006478,O037479,C0004261,139,changed_mind,7.43,0
R006479,O037500,C0004263,122,defective,12.43,0
R006480,O037501,C0004263,148,defective,19.22,0
R006481,O037519,C0004266,78,changed_mind,15.23,0
R006482,O037520,C0004266,103,not_as_described,35.96,0
R006483,O037528,C0004267,55,defective,31.85,1
R006484,O037534,C0004267,180,size_fit,88.02,1
R006485,O037535,C0004268,28,size_fit,28.21,0
R006486,O037543,C0004268,147,duplicate_order,20.82,0
R006487,O037557,C0004270,132,defective,38.62,0
R006488,O037560,C0004270,173,duplicate_order,70.86,0
R006489,O037568,C0004271,30,other,16.57,0
R006490,O037569,C0004271,41,defective,37.37,0
R006491,O037571,C0004271,65,not_as_described,22.55,0
R006492,O037573,C0004271,80,defective,17.17,0
R006493,O037576,C0004271,127,changed_mind,21.48,0
R006494,O037577,C0004271,163,changed_mind,52.7,0
R006495,O037579,C0004271,162,changed_mind,32.22,0
R006496,O037581,C0004271,182,size_fit,29.57,0
R006497,O037582,C0004271,200,defective,35.95,0
R006498,O037584,C0004272,97,not_as_described,20.29,0
R006499,O037585,C0004272,106,changed_mind,29.0,0
R006500,O037637,C0004277,199,defective,13.57,0
R006501,O037640,C0004278,30,changed_mind,30.88,1
R006502,O037641,C0004278,52,changed_mind,5.83,1
R006503,O037642,C0004278,56,changed_mind,9.31,1
R006504,O037647,C0004278,202,changed_mind,11.76,1
R006505,O037659,C0004280,190,size_fit,24.51,0
R006506,O037688,C0004283,146,other,10.56,0
R006507,O037722,C0004287,90,other,34.09,0
R006508,O037727,C0004288,28,changed_mind,35.96,1
R006509,O037728,C0004288,35,changed_mind,21.48,1
R006510,O037729,C0004288,37,changed_mind,24.7,1
R006511,O037730,C0004288,47,other,9.11,1
R006512,O037742,C0004289,209,changed_mind,37.02,0
R006513,O037752,C0004291,98,changed_mind,13.1,1
R006514,O037759,C0004292,65,changed_mind,22.66,1
R006515,O037762,C0004292,127,duplicate_order,40.05,1
R006516,O037763,C0004292,148,duplicate_order,24.55,1
R006517,O037766,C0004292,190,changed_mind,19.16,1
R006518,O037767,C0004292,202,size_fit,21.25,1
R006519,O037779,C0004294,68,changed_mind,18.63,1
R006520,O037781,C0004294,103,changed_mind,15.06,1
R006521,O037805,C0004297,126,changed_mind,50.83,1
R006522,O037807,C0004297,170,changed_mind,27.4,1
R006523,O037808,C0004297,172,changed_mind,25.11,1
R006524,O037809,C0004297,183,changed_mind,10.8,1
R006525,O037810,C0004297,206,changed_mind,73.86,1
R006526,O037812,C0004298,83,defective,23.26,0
R006527,O037816,C0004298,106,changed_mind,14.84,0
R006528,O037823,C0004298,141,not_as_described,24.51,0
R006529,O037825,C0004298,143,not_as_described,20.86,0
R006530,O037827,C0004298,167,duplicate_order,30.09,0
R006531,O037828,C0004298,182,not_as_described,15.88,0
R006532,O037829,C0004298,198,changed_mind,8.92,0
R006533,O037840,C0004300,144,not_as_described,34.73,0
R006534,O037856,C0004303,61,changed_mind,26.82,1
R006535,O037859,C0004303,111,changed_mind,62.73,1
R006536,O037862,C0004303,158,changed_mind,15.88,1
R006537,O037880,C0004306,73,other,20.29,0
R006538,O037884,C0004306,120,defective,17.95,0
R006539,O037885,C0004306,130,changed_mind,40.05,0
R006540,O037895,C0004307,130,not_as_described,32.72,0
R006541,O037896,C0004307,153,size_fit,19.16,0
R006542,O037906,C0004309,25,changed_mind,13.22,1
R006543,O037907,C0004309,59,changed_mind,18.48,1
R006544,O037908,C0004309,80,duplicate_order,62.73,1
R006545,O037912,C0004309,115,changed_mind,24.12,1
R006546,O037915,C0004309,181,size_fit,20.66,1
R006547,O037933,C0004311,209,duplicate_order,25.33,0
R006548,O037944,C0004312,157,defective,13.1,0
R006549,O037983,C0004317,64,defective,11.76,0
R006550,O037992,C0004318,108,changed_mind,86.13,1
R006551,O037993,C0004318,119,other,23.18,1
R006552,O037994,C0004318,119,changed_mind,19.22,1
R006553,O037995,C0004318,123,changed_mind,10.08,1
R006554,O037998,C0004318,184,changed_mind,24.75,1
R006555,O038003,C0004319,113,size_fit,42.32,0
R006556,O038006,C0004319,152,changed_mind,30.88,0
R006557,O038023,C0004321,28,not_as_described,48.43,0
R006558,O038024,C0004321,31,changed_mind,40.35,0
R006559,O038038,C0004323,143,not_as_described,26.82,1
R006560,O038040,C0004323,194,duplicate_order,30.88,1
R006561,O038047,C0004324,121,size_fit,21.38,0
R006562,O038057,C0004325,172,size_fit,28.21,0
R006563,O038064,C0004326,137,not_as_described,19.17,0
R006564,O038070,C0004327,92,changed_mind,26.82,1
R006565,O038071,C0004327,103,defective,18.89,1
R006566,O038072,C0004327,109,changed_mind,40.56,1
R006567,O038073,C0004327,120,size_fit,15.23,1
R006568,O038108,C0004332,88,size_fit,18.18,1
R006569,O038109,C0004332,92,changed_mind,23.27,1
R006570,O038110,C0004332,104,changed_mind,86.13,1
R006571,O038111,C0004332,120,changed_mind,26.09,1
R006572,O038112,C0004332,130,changed_mind,24.7,1
R006573,O038114,C0004332,155,duplicate_order,22.66,1
R006574,O038115,C0004332,161,changed_mind,7.94,1
R006575,O038116,C0004332,162,changed_mind,10.56,1
R006576,O038131,C0004334,119,other,25.33,0
R006577,O038141,C0004335,188,defective,15.46,0
R006578,O038146,C0004336,36,changed_mind,9.38,1
R006579,O038147,C0004336,39,changed_mind,35.86,1
R006580,O038148,C0004336,59,other,12.97,1
R006581,O038149,C0004336,58,changed_mind,28.2,1
R006582,O038150,C0004336,77,not_as_described,32.7,1
R006583,O038151,C0004336,81,changed_mind,15.68,1
R006584,O038154,C0004336,120,changed_mind,76.94,1
R006585,O038155,C0004336,141,changed_mind,13.22,1
R006586,O038157,C0004336,192,defective,24.5,1
R006587,O038163,C0004337,119,duplicate_order,34.73,0
R006588,O038176,C0004339,108,duplicate_order,47.64,1
R006589,O038177,C0004339,110,other,8.89,1
R006590,O038178,C0004339,118,changed_mind,18.63,1
R006591,O038185,C0004339,209,not_as_described,17.21,1
R006592,O038188,C0004340,120,other,18.48,0
R006593,O038189,C0004340,126,changed_mind,18.35,0
R006594,O038194,C0004341,64,other,30.09,1
R006595,O038195,C0004341,82,changed_mind,25.79,1
R006596,O038196,C0004341,97,changed_mind,31.85,1
R006597,O038197,C0004341,109,changed_mind,9.62,1
R006598,O038198,C0004341,115,duplicate_order,21.34,1
R006599,O038200,C0004341,180,changed_mind,11.11,1
R006600,O038211,C0004342,161,changed_mind,35.46,0
R006601,O038215,C0004343,109,size_fit,45.04,0
R006602,O038216,C0004343,109,defective,21.48,0
R006603,O038225,C0004344,123,changed_mind,53.52,0
R006604,O038229,C0004344,176,duplicate_order,10.33,0
R006605,O038230,C0004344,174,defective,41.98,0
R006606,O038233,C0004344,183,duplicate_order,26.98,0
R006607,O038241,C0004345,146,changed_mind,31.84,0
R006608,O038250,C0004346,123,defective,10.25,0
R006609,O038251,C0004346,181,not_as_described,12.26,0
R006610,O038259,C0004347,153,other,28.13,0
R006611,O038260,C0004347,145,not_as_described,42.32,0
R006612,O038266,C0004348,114,changed_mind,12.22,1
R006613,O038267,C0004348,120,changed_mind,5.77,1
R006614,O038268,C0004348,132,other,25.3,1
R006615,O038270,C0004348,166,changed_mind,34.09,1
R006616,O038289,C0004351,209,defective,18.17,0
R006617,O038294,C0004352,209,defective,31.85,0
R006618,O038295,C0004352,209,other,24.7,0
R006619,O038307,C0004354,153,duplicate_order,42.32,0
R006620,O038337,C0004358,93,size_fit,41.98,0
R006621,O038340,C0004359,84,changed_mind,30.88,1
R006622,O038342,C0004359,101,duplicate_order,53.15,1
R006623,O038345,C0004359,124,defective,16.89,1
R006624,O038350,C0004359,173,duplicate_order,25.3,1
R006625,O038351,C0004359,169,changed_mind,11.4,1
R006626,O038376,C0004362,152,changed_mind,9.77,0
R006627,O038383,C0004363,195,changed_mind,12.7,0
R006628,O038385,C0004363,201,defective,12.65,0
R006629,O038390,C0004364,126,changed_mind,31.02,0
R006630,O038393,C0004364,158,other,16.89,0
R006631,O038402,C0004365,93,other,21.72,1
R006632,O038403,C0004365,97,changed_mind,47.64,1
R006633,O038408,C0004365,142,changed_mind,6.2,1
R006634,O038409,C0004365,154,changed_mind,18.32,1
R006635,O038412,C0004366,75,defective,60.28,1
R006636,O038413,C0004366,83,changed_mind,21.92,1
R006637,O038414,C0004366,83,defective,16.91,1
R006638,O038417,C0004366,95,changed_mind,15.46,1
R006639,O038418,C0004366,102,size_fit,37.66,1
R006640,O038428,C0004367,132,not_as_described,13.55,0
R006641,O038447,C0004369,186,other,23.18,0
R006642,O038484,C0004373,142,size_fit,27.95,0
R006643,O038498,C0004374,160,duplicate_order,23.56,0
R006644,O038500,C0004374,176,other,19.03,0
R006645,O038503,C0004375,115,duplicate_order,42.82,0
R006646,O038506,C0004375,150,defective,14.98,0
R006647,O038516,C0004376,144,not_as_described,15.37,0
R006648,O038519,C0004376,163,changed_mind,35.51,0
R006649,O038524,C0004377,120,changed_mind,39.78,0
R006650,O038530,C0004378,189,duplicate_order,12.14,0
R006651,O038535,C0004379,52,duplicate_order,5.77,0
R006652,O038540,C0004380,58,other,39.23,1
R006653,O038541,C0004380,67,defective,17.25,1
R006654,O038542,C0004380,71,changed_mind,32.1,1
R006655,O038546,C0004380,110,other,31.18,1
R006656,O038552,C0004380,170,changed_mind,73.86,1
R006657,O038553,C0004380,179,changed_mind,53.15,1
R006658,O038563,C0004382,111,size_fit,43.86,0
R006659,O038565,C0004382,138,not_as_described,28.36,0
R006660,O038580,C0004384,119,size_fit,11.4,0
R006661,O038590,C0004386,38,other,23.39,0
R006662,O038595,C0004387,93,defective,36.57,0
R006663,O038608,C0004388,195,not_as_described,75.89,0
R006664,O038625,C0004390,141,duplicate_order,45.04,0
R006665,O038626,C0004390,145,duplicate_order,32.07,0
R006666,O038628,C0004390,159,not_as_described,29.96,0
R006667,O038629,C0004390,150,not_as_described,10.33,0
R006668,O038630,C0004390,189,other,18.48,0
R006669,O038631,C0004390,209,other,18.18,0
R006670,O038667,C0004394,209,duplicate_order,9.38,0
R006671,O038668,C0004394,209,defective,40.32,0
R006672,O038673,C0004396,83,duplicate_order,6.63,0
R006673,O038695,C0004399,125,other,6.1,0
R006674,O038698,C0004399,209,size_fit,17.52,0
R006675,O038702,C0004400,52,defective,21.92,0
R006676,O038705,C0004400,97,not_as_described,21.92,0
R006677,O038707,C0004400,132,duplicate_order,25.44,0
R006678,O038715,C0004401,90,duplicate_order,21.87,0
R006679,O038719,C0004401,117,changed_mind,6.2,0
R006680,O038720,C0004401,138,not_as_described,11.4,0
R006681,O038787,C0004412,116,defective,12.89,0
R006682,O038788,C0004412,186,other,23.31,0
R006683,O038792,C0004413,60,changed_mind,28.05,1
R006684,O038796,C0004413,100,changed_mind,23.26,1
R006685,O038797,C0004413,135,changed_mind,23.16,1
R006686,O038798,C0004413,149,changed_mind,19.67,1
R006687,O038807,C0004415,58,size_fit,40.32,0
R006688,O038836,C0004419,65,changed_mind,45.94,1
R006689,O038837,C0004419,78,changed_mind,15.23,1
R006690,O038838,C0004419,87,defective,19.51,1
R006691,O038839,C0004419,95,changed_mind,20.35,1
R006692,O038846,C0004419,206,not_as_described,19.24,1
R006693,O038890,C0004423,147,defective,21.08,0
R006694,O038892,C0004423,178,other,21.25,0
R006695,O038898,C0004424,119,other,17.95,0
R006696,O038928,C0004427,194,not_as_described,11.76,0
R006697,O038936,C0004429,108,duplicate_order,32.07,0
R006698,O038942,C0004430,67,changed_mind,71.6,1
R006699,O038944,C0004430,71,changed_mind,6.63,1
R006700,O038947,C0004430,162,changed_mind,30.88,1
R006701,O038957,C0004432,56,changed_mind,28.74,1
R006702,O038958,C0004432,64,changed_mind,12.14,1
R006703,O038959,C0004432,93,changed_mind,4.14,1
R006704,O038960,C0004432,104,changed_mind,20.29,1
R006705,O038961,C0004432,136,changed_mind,30.04,1
R006706,O038962,C0004432,154,duplicate_order,70.86,1
R006707,O038972,C0004433,199,changed_mind,12.63,0
R006708,O038974,C0004434,72,duplicate_order,26.09,1
R006709,O038977,C0004434,142,changed_mind,28.59,1
R006710,O038978,C0004434,187,changed_mind,42.82,1
R006711,O038981,C0004435,77,other,29.0,0
R006712,O039010,C0004438,23,changed_mind,17.86,1
R006713,O039014,C0004438,59,changed_mind,26.21,1
R006714,O039016,C0004438,97,changed_mind,37.37,1
R006715,O039026,C0004440,132,defective,29.57,0
R006716,O039031,C0004441,163,changed_mind,31.57,0
R006717,O039033,C0004441,162,size_fit,40.65,0
R006718,O039034,C0004441,178,other,25.3,0
R006719,O039035,C0004441,181,duplicate_order,10.3,0
R006720,O039038,C0004441,209,other,10.15,0
R006721,O039039,C0004441,208,size_fit,51.92,0
R006722,O039046,C0004442,117,changed_mind,27.61,0
R006723,O039051,C0004443,72,not_as_described,30.09,1
R006724,O039054,C0004443,85,changed_mind,25.3,1
R006725,O039056,C0004443,88,changed_mind,59.48,1
R006726,O039057,C0004443,99,changed_mind,28.05,1
R006727,O039058,C0004443,120,changed_mind,15.61,1
R006728,O039061,C0004443,158,defective,39.78,1
R006729,O039063,C0004443,171,changed_mind,13.55,1
R006730,O039064,C0004443,176,size_fit,23.42,1
R006731,O039066,C0004444,115,duplicate_order,63.27,0
R006732,O039067,C0004444,184,defective,31.85,0
R006733,O039081,C0004446,134,not_as_described,7.81,0
R006734,O039087,C0004447,103,defective,33.94,0
R006735,O039089,C0004447,169,size_fit,21.71,0
R006736,O039106,C0004449,192,duplicate_order,26.65,0
R006737,O039108,C0004449,207,changed_mind,22.54,0
R006738,O039112,C0004451,61,changed_mind,17.95,0
R006739,O039114,C0004451,114,changed_mind,33.94,0
R006740,O039115,C0004451,111,not_as_described,28.25,0
R006741,O039118,C0004451,145,duplicate_order,21.08,0
R006742,O039125,C0004452,35,changed_mind,19.98,1
R006743,O039126,C0004452,98,defective,47.6,1
R006744,O039127,C0004452,124,changed_mind,13.66,1
R006745,O039128,C0004452,125,size_fit,24.96,1
R006746,O039130,C0004452,162,changed_mind,26.35,1
R006747,O039132,C0004453,109,size_fit,21.87,0
R006748,O039137,C0004453,171,defective,19.36,0
R006749,O039145,C0004454,136,not_as_described,18.64,0
R006750,O039161,C0004456,65,defective,8.89,1
R006751,O039162,C0004456,65,changed_mind,16.23,1
R006752,O039165,C0004456,121,changed_mind,23.27,1
R006753,O039166,C0004456,156,other,36.57,1
R006754,O039167,C0004456,158,changed_mind,27.27,1
R006755,O039168,C0004456,180,changed_mind,59.48,1
R006756,O039169,C0004456,203,changed_mind,14.39,1
R006757,O039170,C0004457,111,not_as_described,8.92,0
R006758,O039174,C0004457,161,size_fit,35.51,0
R006759,O039176,C0004457,195,other,30.01,0
R006760,O039177,C0004457,209,changed_mind,19.16,0
R006761,O039197,C0004460,73,other,37.66,1
R006762,O039201,C0004460,161,not_as_described,53.99,1
R006763,O039205,C0004461,24,changed_mind,12.97,1
R006764,O039206,C0004461,29,size_fit,16.89,1
R006765,O039209,C0004461,89,changed_mind,53.49,1
R006766,O039211,C0004461,165,changed_mind,14.94,1
R006767,O039223,C0004463,67,not_as_described,14.39,1
R006768,O039224,C0004463,88,changed_mind,44.59,1
R006769,O039225,C0004463,93,changed_mind,19.13,1
R006770,O039226,C0004463,99,changed_mind,12.36,1
R006771,O039227,C0004463,108,size_fit,13.66,1
R006772,O039228,C0004463,119,not_as_described,22.55,1
R006773,O039229,C0004463,123,changed_mind,6.2,1
R006774,O039230,C0004463,149,not_as_described,37.66,1
R006775,O039231,C0004463,147,size_fit,24.01,1
R006776,O039232,C0004463,152,changed_mind,27.05,1
R006777,O039234,C0004464,123,size_fit,27.95,0
R006778,O039236,C0004464,149,other,17.86,0
R006779,O039243,C0004465,168,size_fit,28.96,0
R006780,O039245,C0004465,180,duplicate_order,47.64,0
R006781,O039251,C0004466,51,size_fit,39.49,0
R006782,O039252,C0004466,74,size_fit,30.09,0
R006783,O039258,C0004466,209,not_as_described,13.56,0
R006784,O039276,C0004469,100,changed_mind,23.26,1
R006785,O039277,C0004469,105,changed_mind,17.17,1
R006786,O039284,C0004470,84,changed_mind,11.78,1
R006787,O039286,C0004470,103,duplicate_order,23.26,1
R006788,O039287,C0004470,104,not_as_described,28.21,1
R006789,O039289,C0004470,113,changed_mind,21.48,1
R006790,O039290,C0004470,184,not_as_described,9.45,1
R006791,O039310,C0004473,124,other,21.92,0
R006792,O039323,C0004474,152,not_as_described,10.75,0
R006793,O039327,C0004474,209,defective,15.37,0
R006794,O039329,C0004475,89,changed_mind,20.66,1
R006795,O039330,C0004475,171,duplicate_order,40.57,1
R006796,O039333,C0004475,206,other,13.71,1
R006797,O039356,C0004478,136,defective,12.36,0
R006798,O039361,C0004479,128,changed_mind,19.98,1
R006799,O039362,C0004479,131,changed_mind,26.72,1
R006800,O039363,C0004479,143,changed_mind,21.38,1
R006801,O039364,C0004479,141,changed_mind,27.99,1
R006802,O039365,C0004479,154,changed_mind,4.14,1
R006803,O039366,C0004479,160,changed_mind,58.29,1
R006804,O039367,C0004479,169,changed_mind,26.65,1
R006805,O039368,C0004479,181,changed_mind,19.63,1
R006806,O039371,C0004480,60,duplicate_order,9.77,1
R006807,O039374,C0004480,98,changed_mind,23.26,1
R006808,O039379,C0004480,209,duplicate_order,24.12,1
R006809,O039394,C0004482,110,other,67.3,0
R006810,O039402,C0004483,95,size_fit,28.55,0
R006811,O039405,C0004483,123,size_fit,16.56,0
R006812,O039406,C0004483,135,duplicate_order,30.91,0
R006813,O039409,C0004483,163,not_as_described,58.13,0
R006814,O039411,C0004483,167,size_fit,22.31,0
R006815,O039412,C0004483,188,changed_mind,43.86,0
R006816,O039413,C0004483,209,changed_mind,34.76,0
R006817,O039415,C0004483,209,size_fit,8.92,0
R006818,O039416,C0004483,209,not_as_described,35.96,0
R006819,O039436,C0004486,90,changed_mind,62.73,1
R006820,O039437,C0004486,95,defective,21.87,1
R006821,O039438,C0004486,105,changed_mind,17.52,1
R006822,O039442,C0004486,152,changed_mind,20.66,1
R006823,O039445,C0004486,209,changed_mind,35.51,1
R006824,O039447,C0004487,121,not_as_described,9.38,1
R006825,O039448,C0004487,126,changed_mind,23.18,1
R006826,O039449,C0004487,139,other,21.72,1
R006827,O039450,C0004487,177,changed_mind,35.96,1
R006828,O039453,C0004487,187,size_fit,18.51,1
R006829,O039454,C0004487,190,changed_mind,35.52,1
R006830,O039455,C0004487,193,changed_mind,28.2,1
R006831,O039458,C0004487,196,changed_mind,33.54,1
R006832,O039460,C0004487,208,defective,29.18,1
R006833,O039461,C0004488,58,changed_mind,33.54,1
R006834,O039462,C0004488,110,duplicate_order,73.86,1
R006835,O039463,C0004488,135,changed_mind,58.73,1
R006836,O039468,C0004488,200,changed_mind,41.98,1
R006837,O039469,C0004488,202,changed_mind,10.8,1
R006838,O039475,C0004489,152,size_fit,13.57,0
R006839,O039476,C0004489,168,defective,10.33,0
R006840,O039484,C0004490,170,changed_mind,7.67,0
R006841,O039487,C0004491,53,defective,13.66,1
R006842,O039491,C0004491,171,size_fit,33.54,1
R006843,O039493,C0004491,202,changed_mind,59.32,1
R006844,O039509,C0004494,100,changed_mind,19.22,1
R006845,O039513,C0004494,146,changed_mind,35.96,1
R006846,O039515,C0004494,160,changed_mind,24.01,1
R006847,O039516,C0004494,173,changed_mind,31.4,1
R006848,O039517,C0004494,181,other,21.71,1
R006849,O039519,C0004494,186,not_as_described,24.55,1
R006850,O039520,C0004494,193,not_as_described,40.65,1
R006851,O039523,C0004494,208,changed_mind,18.64,1
R006852,O039533,C0004496,87,size_fit,47.6,1
R006853,O039534,C0004496,91,duplicate_order,10.75,1
R006854,O039536,C0004496,176,changed_mind,53.15,1
R006855,O039537,C0004496,188,changed_mind,19.67,1
R006856,O039554,C0004498,26,defective,21.19,1
R006857,O039555,C0004498,25,changed_mind,15.72,1
R006858,O039556,C0004498,36,changed_mind,28.59,1
R006859,O039558,C0004498,62,changed_mind,45.94,1
R006860,O039560,C0004498,69,changed_mind,18.89,1
R006861,O039562,C0004498,120,size_fit,30.04,1
R006862,O039564,C0004498,162,defective,22.37,1
R006863,O039574,C0004499,176,size_fit,28.96,0
R006864,O039583,C0004501,82,changed_mind,23.39,1
R006865,O039585,C0004501,92,size_fit,24.7,1
R006866,O039586,C0004501,100,not_as_described,21.72,1
R006867,O039587,C0004501,112,changed_mind,36.57,1
R006868,O039589,C0004501,153,changed_mind,39.78,1
R006869,O039592,C0004501,182,changed_mind,14.64,1
R006870,O039594,C0004502,64,changed_mind,13.55,0
R006871,O039595,C0004502,94,not_as_described,27.71,0
R006872,O039612,C0004503,204,other,51.92,0
R006873,O039620,C0004505,121,not_as_described,26.98,0
R006874,O039623,C0004505,125,changed_mind,27.85,0
R006875,O039624,C0004505,125,other,21.69,0
R006876,O039626,C0004505,178,other,79.54,0
R006877,O039629,C0004505,180,duplicate_order,17.86,0
R006878,O039631,C0004505,198,not_as_described,29.66,0
R006879,O039632,C0004505,200,other,5.83,0
R006880,O039633,C0004505,200,not_as_described,79.09,0
R006881,O039636,C0004506,116,changed_mind,58.73,1
R006882,O039637,C0004506,138,not_as_described,26.35,1
R006883,O039638,C0004506,168,changed_mind,37.37,1
R006884,O039639,C0004506,187,other,23.18,1
R006885,O039659,C0004508,179,size_fit,23.26,0
R006886,O039666,C0004509,159,other,40.98,0
R006887,O039673,C0004510,38,defective,21.07,1
R006888,O039676,C0004510,76,changed_mind,5.47,1
R006889,O039677,C0004510,83,changed_mind,31.85,1
R006890,O039678,C0004510,84,changed_mind,42.32,1
R006891,O039680,C0004510,97,duplicate_order,41.05,1
R006892,O039690,C0004511,82,changed_mind,15.37,1
R006893,O039692,C0004511,101,changed_mind,29.62,1
R006894,O039693,C0004511,113,not_as_described,23.2,1
R006895,O039697,C0004511,203,not_as_described,23.26,1
R006896,O039698,C0004511,209,changed_mind,26.98,1
R006897,O039700,C0004512,115,changed_mind,31.84,1
R006898,O039707,C0004512,193,other,25.33,1
R006899,O039718,C0004514,164,changed_mind,28.05,0
R006900,O039722,C0004515,58,not_as_described,21.06,0
R006901,O039733,C0004515,209,not_as_described,24.7,0
R006902,O039791,C0004522,173,changed_mind,21.07,0
R006903,O039800,C0004524,70,changed_mind,22.31,1
R006904,O039801,C0004524,77,duplicate_order,39.23,1
R006905,O039808,C0004524,209,duplicate_order,27.4,1
R006906,O039823,C0004526,27,changed_mind,67.3,1
R006907,O039824,C0004526,30,changed_mind,34.73,1
R006908,O039830,C0004526,209,duplicate_order,23.56,1
R006909,O039832,C0004527,68,other,22.4,0
R006910,O039839,C0004527,173,changed_mind,74.34,0
R006911,O039862,C0004530,100,duplicate_order,12.36,0
R006912,O039866,C0004530,156,defective,40.65,0
R006913,O039873,C0004531,104,other,25.3,0
R006914,O039885,C0004532,100,not_as_described,19.16,0
R006915,O039887,C0004532,101,duplicate_order,23.31,0
R006916,O039897,C0004533,51,changed_mind,22.4,1
R006917,O039899,C0004533,111,changed_mind,10.15,1
R006918,O039900,C0004533,124,changed_mind,15.06,1
R006919,O039902,C0004533,147,changed_mind,12.14,1
R006920,O039904,C0004533,160,changed_mind,28.2,1
R006921,O039905,C0004533,169,changed_mind,58.13,1
R006922,O039907,C0004533,181,changed_mind,23.18,1
R006923,O039910,C0004534,100,changed_mind,19.67,1
R006924,O039928,C0004536,209,changed_mind,58.13,0
R006925,O039943,C0004539,101,duplicate_order,29.58,0
R006926,O039948,C0004539,138,changed_mind,17.86,0
R006927,O039950,C0004539,150,not_as_described,10.74,0
R006928,O039951,C0004539,173,duplicate_order,18.17,0
R006929,O039955,C0004539,181,size_fit,24.01,0
R006930,O039957,C0004539,195,other,12.36,0
R006931,O039961,C0004540,116,other,20.86,0
R006932,O039978,C0004541,196,defective,17.16,0
R006933,O039986,C0004543,83,changed_mind,53.49,1
R006934,O039987,C0004543,111,changed_mind,40.32,1
R006935,O039992,C0004543,184,defective,41.05,1
R006936,O039993,C0004543,180,duplicate_order,21.62,1
R006937,O039996,C0004543,208,not_as_described,57.77,1
R006938,O039998,C0004543,204,other,32.02,1
R006939,O040000,C0004544,28,duplicate_order,19.67,1
R006940,O040006,C0004544,181,duplicate_order,13.39,1
R006941,O040010,C0004545,101,duplicate_order,30.88,0
R006942,O040019,C0004546,96,changed_mind,26.72,1
R006943,O040020,C0004546,112,defective,11.11,1
R006944,O040021,C0004546,123,size_fit,12.7,1
R006945,O040028,C0004548,67,changed_mind,20.29,0
R006946,O040037,C0004549,60,changed_mind,13.3,1
R006947,O040039,C0004549,89,changed_mind,38.88,1
R006948,O040040,C0004549,123,not_as_described,88.02,1
R006949,O040041,C0004549,154,changed_mind,27.34,1
R006950,O040043,C0004549,195,changed_mind,15.63,1
R006951,O040044,C0004550,117,not_as_described,76.94,1
R006952,O040045,C0004550,118,defective,21.71,1
R006953,O040047,C0004550,143,changed_mind,17.94,1
R006954,O040048,C0004550,150,changed_mind,24.7,1
R006955,O040049,C0004550,163,duplicate_order,23.2,1
R006956,O040050,C0004550,171,not_as_described,12.22,1
R006957,O040051,C0004550,191,size_fit,51.92,1
R006958,O040052,C0004551,75,duplicate_order,79.09,1
R006959,O040053,C0004551,82,duplicate_order,21.71,1
R006960,O040054,C0004551,82,changed_mind,16.91,1
R006961,O040055,C0004551,91,changed_mind,38.62,1
R006962,O040056,C0004551,175,changed_mind,62.73,1
R006963,O040058,C0004551,189,changed_mind,6.63,1
R006964,O040059,C0004551,205,changed_mind,37.02,1
R006965,O040068,C0004553,65,changed_mind,25.44,1
R006966,O040070,C0004553,98,size_fit,59.89,1
R006967,O040071,C0004553,118,changed_mind,28.96,1
R006968,O040073,C0004553,169,changed_mind,14.84,1
R006969,O040074,C0004553,184,changed_mind,34.76,1
R006970,O040077,C0004553,208,changed_mind,53.52,1
R006971,O040113,C0004559,90,not_as_described,20.66,0
R006972,O040114,C0004559,106,size_fit,12.97,0
R006973,O040118,C0004559,118,duplicate_order,20.82,0
R006974,O040127,C0004560,102,defective,15.52,1
R006975,O040128,C0004560,112,changed_mind,9.45,1
R006976,O040129,C0004560,111,defective,6.1,1
R006977,O040130,C0004560,167,changed_mind,28.96,1
R006978,O040136,C0004560,196,changed_mind,22.76,1
R006979,O040145,C0004561,141,defective,23.55,0
R006980,O040156,C0004562,69,changed_mind,38.23,0
R006981,O040157,C0004562,99,changed_mind,40.05,0
R006982,O040163,C0004563,112,defective,24.55,0
R006983,O040169,C0004564,135,defective,52.7,0
R006984,O040188,C0004565,184,changed_mind,12.22,0
R006985,O040193,C0004565,207,other,9.72,0
R006986,O040207,C0004566,207,defective,32.67,0
R006987,O040211,C0004567,159,size_fit,45.94,0
R006988,O040214,C0004568,95,defective,6.1,0
R006989,O040216,C0004568,141,size_fit,23.06,0
R006990,O040217,C0004568,142,duplicate_order,12.97,0
R006991,O040223,C0004568,204,not_as_described,20.08,0
R006992,O040236,C0004570,40,changed_mind,33.54,1
R006993,O040237,C0004570,44,changed_mind,38.23,1
R006994,O040238,C0004570,53,changed_mind,18.17,1
R006995,O040243,C0004570,133,changed_mind,28.96,1
R006996,O040245,C0004570,155,size_fit,24.7,1
R006997,O040246,C0004570,156,changed_mind,26.72,1
R006998,O040248,C0004570,160,changed_mind,58.29,1
R006999,O040250,C0004570,170,changed_mind,24.12,1
R007000,O040251,C0004570,176,changed_mind,21.69,1
R007001,O040268,C0004572,126,duplicate_order,25.44,0
R007002,O040274,C0004573,30,defective,42.32,0
R007003,O040301,C0004576,94,defective,6.1,0
R007004,O040311,C0004578,28,other,23.27,0
R007005,O040312,C0004578,49,defective,12.36,0
R007006,O040313,C0004578,58,duplicate_order,5.83,0
R007007,O040315,C0004578,75,other,21.25,0
R007008,O040316,C0004578,97,size_fit,19.17,0
R007009,O040319,C0004578,109,changed_mind,23.42,0
R007010,O040320,C0004578,123,duplicate_order,33.94,0
R007011,O040321,C0004578,118,changed_mind,37.66,0
R007012,O040324,C0004578,179,not_as_described,22.31,0
R007013,O040339,C0004580,152,other,13.56,0
R007014,O040351,C0004581,150,changed_mind,20.5,0
R007015,O040354,C0004581,188,defective,42.32,0
R007016,O040369,C0004583,130,duplicate_order,27.01,0
R007017,O040380,C0004584,128,changed_mind,20.66,1
R007018,O040382,C0004584,141,changed_mind,35.51,1
R007019,O040383,C0004584,147,size_fit,16.91,1
R007020,O040384,C0004584,169,changed_mind,25.02,1
R007021,O040387,C0004585,74,not_as_described,11.76,0
R007022,O040388,C0004585,79,size_fit,40.57,0
R007023,O040389,C0004585,104,size_fit,13.66,0
R007024,O040390,C0004585,131,size_fit,63.27,0
R007025,O040391,C0004585,131,other,19.13,0
R007026,O040392,C0004585,145,other,20.86,0
R007027,O040395,C0004585,162,defective,31.85,0
R007028,O040396,C0004585,196,size_fit,23.16,0
R007029,O040425,C0004590,102,size_fit,23.18,0
R007030,O040426,C0004590,150,size_fit,39.12,0
R007031,O040447,C0004592,200,size_fit,10.08,0
R007032,O040455,C0004594,34,changed_mind,30.91,0
R007033,O040463,C0004595,86,changed_mind,18.17,0
R007034,O040479,C0004599,50,changed_mind,30.25,1
R007035,O040480,C0004599,59,changed_mind,30.09,1
R007036,O040481,C0004599,63,changed_mind,26.65,1
R007037,O040482,C0004599,73,changed_mind,15.46,1
R007038,O040483,C0004599,72,changed_mind,12.26,1
R007039,O040484,C0004599,87,not_as_described,20.66,1
R007040,O040485,C0004599,130,changed_mind,16.89,1
R007041,O040486,C0004599,138,not_as_described,57.77,1
R007042,O040487,C0004599,158,changed_mind,10.75,1
R007043,O040488,C0004599,180,changed_mind,14.64,1
R007044,O040489,C0004599,198,size_fit,37.66,1
R007045,O040496,C0004601,161,changed_mind,29.0,0
R007046,O040497,C0004601,173,defective,40.05,0
R007047,O040506,C0004602,179,not_as_described,42.82,0
R007048,O040528,C0004604,168,changed_mind,27.05,0
R007049,O040534,C0004605,179,defective,28.25,0
R007050,O040541,C0004606,108,size_fit,19.67,0
R007051,O040558,C0004607,209,duplicate_order,17.25,0
R007052,O040559,C0004608,28,size_fit,37.02,1
R007053,O040561,C0004608,65,changed_mind,14.84,1
R007054,O040562,C0004608,66,other,26.65,1
R007055,O040565,C0004608,119,changed_mind,42.82,1
R007056,O040566,C0004608,132,other,17.21,1
R007057,O040567,C0004608,159,changed_mind,29.18,1
R007058,O040568,C0004608,174,changed_mind,2.75,1
R007059,O040571,C0004608,209,changed_mind,46.54,1
R007060,O040574,C0004609,98,changed_mind,32.1,1
R007061,O040580,C0004611,54,defective,21.08,0
R007062,O040594,C0004612,124,changed_mind,20.29,0
R007063,O040595,C0004612,132,other,17.56,0
R007064,O040596,C0004612,142,defective,8.55,0
R007065,O040602,C0004613,74,changed_mind,11.76,1
R007066,O040604,C0004613,83,defective,9.45,1
R007067,O040605,C0004613,85,defective,28.2,1
R007068,O040606,C0004613,98,changed_mind,18.51,1
R007069,O040613,C0004614,99,defective,25.33,1
R007070,O040614,C0004614,100,not_as_described,29.58,1
R007071,O040615,C0004614,115,changed_mind,22.54,1
R007072,O040617,C0004614,137,changed_mind,26.09,1
R007073,O040619,C0004614,175,changed_mind,17.17,1
R007074,O040623,C0004614,206,changed_mind,21.25,1
R007075,O040626,C0004615,130,defective,43.88,0
R007076,O040650,C0004618,102,other,33.72,1
R007077,O040653,C0004618,130,changed_mind,33.94,1
R007078,O040654,C0004618,143,changed_mind,25.11,1
R007079,O040655,C0004618,144,changed_mind,9.31,1
R007080,O040662,C0004618,178,size_fit,39.49,1
R007081,O040665,C0004618,194,changed_mind,20.35,1
R007082,O040667,C0004619,86,not_as_described,25.3,0
R007083,O040685,C0004621,144,duplicate_order,18.83,0
R007084,O040719,C0004625,160,other,14.98,0
R007085,O040721,C0004626,108,other,47.64,0
R007086,O040725,C0004626,130,duplicate_order,14.56,0
R007087,O040727,C0004626,156,defective,34.09,0
R007088,O040728,C0004626,146,not_as_described,43.88,0
R007089,O040737,C0004627,186,not_as_described,20.66,0
R007090,O040744,C0004629,17,changed_mind,21.87,1
R007091,O040745,C0004629,39,changed_mind,26.09,1
R007092,O040746,C0004629,49,changed_mind,6.1,1
R007093,O040747,C0004629,109,changed_mind,9.38,1
R007094,O040748,C0004629,113,changed_mind,15.06,1
R007095,O040749,C0004629,127,not_as_described,30.08,1
R007096,O040750,C0004629,127,changed_mind,14.64,1
R007097,O040752,C0004629,160,other,88.02,1
R007098,O040755,C0004629,174,changed_mind,43.86,1
R007099,O040776,C0004632,96,changed_mind,12.63,0
R007100,O040790,C0004633,186,defective,19.51,0
R007101,O040798,C0004634,146,other,12.36,0
R007102,O040810,C0004635,121,size_fit,15.64,0
R007103,O040823,C0004636,198,changed_mind,24.99,0
R007104,O040833,C0004637,209,duplicate_order,24.7,0
R007105,O040867,C0004641,116,changed_mind,32.1,0
R007106,O040887,C0004643,137,not_as_described,24.7,0
R007107,O040906,C0004646,65,not_as_described,9.99,1
R007108,O040909,C0004646,191,defective,21.03,1
R007109,O040929,C0004648,194,duplicate_order,28.96,0
R007110,O040936,C0004649,154,duplicate_order,21.38,0
R007111,O040946,C0004650,161,not_as_described,30.08,0
R007112,O040950,C0004651,29,changed_mind,11.4,1
R007113,O040951,C0004651,79,changed_mind,18.48,1
R007114,O040953,C0004651,192,changed_mind,19.22,1
R007115,O040954,C0004651,192,changed_mind,21.74,1
R007116,O040955,C0004651,199,changed_mind,16.57,1
R007117,O040956,C0004651,202,changed_mind,47.16,1
R007118,O040962,C0004653,21,changed_mind,35.86,1
R007119,O040972,C0004653,208,other,21.74,1
R007120,O040978,C0004654,99,other,88.02,0
R007121,O040987,C0004656,65,other,21.03,1
R007122,O040989,C0004656,129,not_as_described,12.97,1
R007123,O040991,C0004656,160,size_fit,16.57,1
R007124,O041012,C0004658,76,defective,19.22,0
R007125,O041017,C0004658,151,defective,15.23,0
R007126,O041020,C0004658,168,not_as_described,18.18,0
R007127,O041025,C0004659,50,other,32.1,0
R007128,O041034,C0004660,64,changed_mind,14.84,1
R007129,O041035,C0004660,109,changed_mind,28.11,1
R007130,O041036,C0004660,106,defective,31.57,1
R007131,O041037,C0004660,117,size_fit,32.62,1
R007132,O041039,C0004660,200,other,35.25,1
R007133,O041042,C0004661,92,other,32.62,0
R007134,O041048,C0004662,118,size_fit,28.25,0
R007135,O041049,C0004662,152,not_as_described,21.62,0
R007136,O041050,C0004662,154,duplicate_order,45.94,0
R007137,O041053,C0004662,192,size_fit,23.16,0
R007138,O041056,C0004663,57,not_as_described,27.27,1
R007139,O041058,C0004663,65,changed_mind,9.31,1
R007140,O041060,C0004663,96,size_fit,32.22,1
R007141,O041061,C0004663,112,changed_mind,16.91,1
R007142,O041063,C0004663,141,changed_mind,31.18,1
R007143,O041065,C0004663,155,size_fit,17.95,1
R007144,O041067,C0004663,172,changed_mind,26.65,1
R007145,O041068,C0004663,177,changed_mind,24.7,1
R007146,O041069,C0004663,183,changed_mind,28.9,1
R007147,O041070,C0004663,194,changed_mind,28.13,1
R007148,O041076,C0004664,177,not_as_described,29.18,0
R007149,O041081,C0004665,93,duplicate_order,23.31,0
R007150,O041085,C0004665,157,duplicate_order,25.3,0
R007151,O041087,C0004665,196,changed_mind,23.27,0
R007152,O041095,C0004666,154,other,37.32,0
R007153,O041100,C0004667,99,defective,14.39,0
R007154,O041105,C0004668,86,not_as_described,73.86,1
R007155,O041107,C0004668,137,changed_mind,23.39,1
R007156,O041108,C0004668,140,not_as_described,6.1,1
R007157,O041109,C0004668,166,changed_mind,24.51,1
R007158,O041111,C0004669,102,changed_mind,22.66,0
R007159,O041125,C0004671,126,defective,30.88,0
R007160,O041128,C0004671,159,duplicate_order,17.95,0
R007161,O041137,C0004673,112,changed_mind,25.11,1
R007162,O041142,C0004673,175,defective,71.6,1
R007163,O041143,C0004673,200,changed_mind,29.18,1
R007164,O041150,C0004674,209,other,39.23,0
R007165,O041158,C0004676,170,not_as_described,24.12,0
R007166,O041161,C0004676,208,duplicate_order,8.92,0
R007167,O041163,C0004677,105,other,28.96,0
R007168,O041181,C0004678,209,not_as_described,43.88,0
R007169,O041186,C0004679,150,other,21.48,0
R007170,O041187,C0004679,149,duplicate_order,31.45,0
R007171,O041188,C0004679,152,changed_mind,33.88,0
R007172,O041190,C0004679,171,not_as_described,39.78,0
R007173,O041191,C0004679,171,size_fit,20.82,0
R007174,O041192,C0004679,186,not_as_described,34.09,0
R007175,O041194,C0004679,204,changed_mind,43.88,0
R007176,O041196,C0004679,209,size_fit,27.61,0
R007177,O041199,C0004680,98,not_as_described,19.67,0
R007178,O041206,C0004681,6,changed_mind,28.59,1
R007179,O041208,C0004681,24,changed_mind,44.0,1
R007180,O041211,C0004681,156,size_fit,23.3,1
R007181,O041213,C0004681,170,changed_mind,17.94,1
R007182,O041214,C0004681,183,defective,7.43,1
R007183,O041215,C0004681,206,changed_mind,83.18,1
R007184,O041216,C0004681,208,duplicate_order,22.37,1
R007185,O041220,C0004682,104,changed_mind,29.58,0
R007186,O041252,C0004685,151,size_fit,7.67,0
R007187,O041263,C0004686,114,not_as_described,36.57,0
R007188,O041273,C0004687,177,defective,53.49,0
R007189,O041282,C0004689,104,changed_mind,6.35,1
R007190,O041284,C0004689,117,changed_mind,29.57,1
R007191,O041286,C0004689,133,defective,31.84,1
R007192,O041288,C0004689,141,changed_mind,21.87,1
R007193,O041289,C0004689,184,changed_mind,14.64,1
R007194,O041293,C0004690,101,changed_mind,5.83,1
R007195,O041296,C0004690,118,duplicate_order,8.55,1
R007196,O041298,C0004690,125,changed_mind,12.59,1
R007197,O041301,C0004690,195,other,30.91,1
R007198,O041302,C0004690,199,changed_mind,18.17,1
R007199,O041303,C0004690,202,changed_mind,35.57,1
R007200,O041304,C0004690,202,changed_mind,13.55,1
R007201,O041306,C0004691,110,changed_mind,59.8,1
R007202,O041308,C0004691,127,not_as_described,18.48,1
R007203,O041309,C0004691,155,defective,21.34,1
R007204,O041310,C0004691,160,changed_mind,31.45,1
R007205,O041311,C0004691,161,changed_mind,15.37,1
R007206,O041313,C0004691,171,changed_mind,26.65,1
R007207,O041317,C0004691,187,changed_mind,30.08,1
R007208,O041319,C0004691,206,not_as_described,19.67,1
R007209,O041320,C0004691,209,duplicate_order,21.24,1
R007210,O041321,C0004691,209,changed_mind,24.74,1
R007211,O041328,C0004692,123,duplicate_order,20.04,0
R007212,O041331,C0004693,70,changed_mind,34.09,1
R007213,O041332,C0004693,100,size_fit,29.58,1
R007214,O041333,C0004693,99,duplicate_order,23.18,1
R007215,O041342,C0004694,115,other,18.74,0
R007216,O041347,C0004694,209,other,22.66,0
R007217,O041369,C0004697,51,defective,17.21,0
R007218,O041403,C0004701,177,defective,37.31,0
R007219,O041405,C0004702,98,other,12.22,1
R007220,O041410,C0004702,195,changed_mind,40.22,1
R007221,O041418,C0004703,158,duplicate_order,19.13,0
R007222,O041441,C0004706,119,changed_mind,23.55,1
R007223,O041446,C0004706,177,changed_mind,17.17,1
R007224,O041447,C0004706,207,defective,42.82,1
R007225,O041448,C0004706,207,changed_mind,52.7,1
R007226,O041518,C0004715,140,not_as_described,40.35,0
R007227,O041519,C0004715,191,defective,21.72,0
R007228,O041522,C0004716,96,duplicate_order,8.68,0
R007229,O041546,C0004719,50,duplicate_order,23.27,0
R007230,O041551,C0004719,126,not_as_described,53.99,0
R007231,O041567,C0004721,119,defective,35.96,0
R007232,O041575,C0004721,204,not_as_described,15.61,0
R007233,O041604,C0004726,140,duplicate_order,18.51,0
R007234,O041606,C0004726,201,duplicate_order,55.27,0
R007235,O041613,C0004727,201,defective,22.03,0
R007236,O041622,C0004729,82,duplicate_order,31.84,0
R007237,O041626,C0004729,170,size_fit,12.36,0
R007238,O041628,C0004729,203,size_fit,30.91,0
R007239,O041629,C0004730,24,size_fit,16.57,0
R007240,O041640,C0004730,202,duplicate_order,27.61,0
R007241,O041656,C0004732,145,defective,12.6,0
R007242,O041671,C0004733,172,other,33.72,0
R007243,O041696,C0004736,110,changed_mind,35.95,1
R007244,O041697,C0004736,115,changed_mind,12.97,1
R007245,O041702,C0004737,73,changed_mind,14.94,1
R007246,O041705,C0004737,137,other,27.61,1
R007247,O041709,C0004737,193,other,18.64,1
R007248,O041720,C0004739,82,defective,22.76,0
R007249,O041743,C0004740,167,changed_mind,10.74,0
R007250,O041748,C0004740,188,changed_mind,47.16,0
R007251,O041756,C0004741,182,defective,41.36,0
R007252,O041780,C0004745,43,defective,26.72,1
R007253,O041781,C0004745,53,changed_mind,71.6,1
R007254,O041783,C0004745,107,duplicate_order,12.26,1
R007255,O041784,C0004745,139,other,73.86,1
R007256,O041785,C0004745,140,changed_mind,10.48,1
R007257,O041786,C0004745,206,changed_mind,33.72,1
R007258,O041791,C0004746,209,changed_mind,19.22,0
R007259,O041809,C0004748,189,defective,79.09,0
R007260,O041812,C0004749,43,defective,20.82,0
R007261,O041822,C0004750,89,size_fit,8.46,0
R007262,O041824,C0004750,132,other,12.26,0
R007263,O041826,C0004750,142,defective,35.86,0
R007264,O041829,C0004751,21,other,19.16,1
R007265,O041830,C0004751,46,size_fit,35.57,1
R007266,O041831,C0004751,91,other,18.51,1
R007267,O041833,C0004751,171,size_fit,13.57,1
R007268,O041852,C0004754,135,duplicate_order,23.65,0
R007269,O041854,C0004755,41,changed_mind,5.47,1
R007270,O041855,C0004755,49,changed_mind,13.39,1
R007271,O041856,C0004755,50,changed_mind,20.66,1
R007272,O041857,C0004755,54,changed_mind,35.25,1
R007273,O041865,C0004756,57,not_as_described,18.64,1
R007274,O041870,C0004757,90,other,7.43,0
R007275,O041872,C0004757,155,other,20.66,0
R007276,O041891,C0004759,160,not_as_described,42.82,0
R007277,O041897,C0004760,79,changed_mind,28.96,1
R007278,O041899,C0004760,117,changed_mind,22.31,1
R007279,O041900,C0004760,155,changed_mind,30.25,1
R007280,O041901,C0004760,158,changed_mind,17.86,1
R007281,O041902,C0004760,179,changed_mind,21.24,1
R007282,O041904,C0004761,95,changed_mind,28.05,1
R007283,O041905,C0004761,115,defective,41.36,1
R007284,O041908,C0004761,177,changed_mind,24.5,1
R007285,O041909,C0004761,180,changed_mind,38.62,1
R007286,O041915,C0004762,137,changed_mind,19.24,1
R007287,O041917,C0004762,150,changed_mind,38.88,1
R007288,O041918,C0004762,165,changed_mind,32.7,1
R007289,O041920,C0004762,194,size_fit,24.51,1
R007290,O041925,C0004763,131,changed_mind,37.37,0
R007291,O041930,C0004763,196,duplicate_order,30.88,0
R007292,O041931,C0004763,209,changed_mind,23.18,0
R007293,O041949,C0004765,193,size_fit,10.3,0
R007294,O041966,C0004767,176,not_as_described,21.48,0
R007295,O041973,C0004768,190,duplicate_order,17.52,0
R007296,O041983,C0004770,154,other,31.93,1
R007297,O041984,C0004770,164,changed_mind,18.63,1
R007298,O041985,C0004770,176,size_fit,20.66,1
R007299,O041987,C0004770,200,changed_mind,15.23,1
R007300,O041988,C0004770,206,changed_mind,21.06,1
R007301,O041993,C0004771,177,changed_mind,9.62,0
R007302,O041996,C0004771,195,duplicate_order,7.94,0
R007303,O042003,C0004772,152,not_as_described,32.09,1
R007304,O042005,C0004772,153,changed_mind,10.8,1
R007305,O042006,C0004772,160,changed_mind,51.92,1
R007306,O042012,C0004773,131,changed_mind,21.74,0
R007307,O042014,C0004773,146,other,43.86,0
R007308,O042023,C0004774,128,changed_mind,15.62,0
R007309,O042024,C0004774,131,duplicate_order,33.72,0
R007310,O042028,C0004774,200,not_as_described,13.3,0
R007311,O042048,C0004776,209,duplicate_order,21.03,0
R007312,O042053,C0004777,185,defective,32.07,0
R007313,O042063,C0004780,88,defective,10.48,1
R007314,O042064,C0004780,101,changed_mind,27.85,1
R007315,O042066,C0004780,185,changed_mind,16.71,1
R007316,O042067,C0004780,206,defective,21.92,1
R007317,O042071,C0004781,70,duplicate_order,9.38,0
R007318,O042073,C0004781,109,other,39.78,0
R007319,O042076,C0004781,124,defective,20.29,0
R007320,O042080,C0004781,176,duplicate_order,41.36,0
R007321,O042085,C0004781,204,duplicate_order,9.62,0
R007322,O042090,C0004783,40,changed_mind,13.83,1
R007323,O042091,C0004783,41,size_fit,12.26,1
R007324,O042095,C0004783,71,changed_mind,20.02,1
R007325,O042096,C0004783,93,changed_mind,32.7,1
R007326,O042097,C0004783,104,changed_mind,30.17,1
R007327,O042098,C0004783,110,changed_mind,18.51,1
R007328,O042099,C0004783,132,duplicate_order,31.4,1
R007329,O042109,C0004784,75,changed_mind,10.75,1
R007330,O042110,C0004784,77,size_fit,17.52,1
R007331,O042111,C0004784,83,changed_mind,23.26,1
R007332,O042112,C0004784,86,changed_mind,22.4,1
R007333,O042113,C0004784,124,changed_mind,28.9,1
R007334,O042115,C0004784,138,changed_mind,8.92,1
R007335,O042116,C0004784,153,changed_mind,31.02,1
R007336,O042119,C0004784,188,changed_mind,37.66,1
R007337,O042129,C0004786,93,changed_mind,22.37,1
R007338,O042130,C0004786,110,changed_mind,21.48,1
R007339,O042131,C0004786,119,duplicate_order,23.55,1
R007340,O042132,C0004786,152,changed_mind,28.21,1
R007341,O042133,C0004786,164,changed_mind,16.16,1
R007342,O042134,C0004786,180,duplicate_order,38.23,1
R007343,O042137,C0004786,209,changed_mind,58.29,1
R007344,O042139,C0004787,119,changed_mind,9.31,1
R007345,O042140,C0004787,154,not_as_described,60.28,1
R007346,O042142,C0004787,170,changed_mind,70.86,1
R007347,O042145,C0004787,203,other,14.7,1
R007348,O042146,C0004788,101,changed_mind,46.54,1
R007349,O042148,C0004788,140,changed_mind,41.98,1
R007350,O042149,C0004788,144,changed_mind,19.22,1
R007351,O042150,C0004788,175,other,62.73,1
R007352,O042151,C0004788,198,changed_mind,31.93,1
R007353,O042154,C0004789,161,changed_mind,53.52,0
R007354,O042166,C0004791,10,changed_mind,19.16,1
R007355,O042170,C0004791,64,defective,24.55,1
R007356,O042171,C0004791,89,changed_mind,38.86,1
R007357,O042173,C0004791,104,changed_mind,17.94,1
R007358,O042174,C0004791,146,changed_mind,40.22,1
R007359,O042179,C0004791,209,duplicate_order,22.54,1
R007360,O042190,C0004793,70,size_fit,12.26,0
R007361,O042209,C0004794,194,size_fit,28.74,0
R007362,O042210,C0004794,209,changed_mind,38.23,0
R007363,O042215,C0004795,153,defective,50.83,0
R007364,O042224,C0004796,147,duplicate_order,39.49,0
R007365,O042227,C0004796,209,duplicate_order,6.2,0
R007366,O042228,C0004796,209,other,45.04,0
R007367,O042229,C0004797,14,changed_mind,29.62,1
R007368,O042237,C0004798,101,duplicate_order,14.39,1
R007369,O042238,C0004798,103,duplicate_order,33.72,1
R007370,O042239,C0004798,107,changed_mind,23.31,1
R007371,O042240,C0004798,118,duplicate_order,20.29,1
R007372,O042241,C0004798,115,not_as_described,15.12,1
R007373,O042242,C0004798,125,changed_mind,9.45,1
R007374,O042244,C0004798,133,other,23.39,1
R007375,O042246,C0004798,149,changed_mind,20.86,1
R007376,O042247,C0004798,153,changed_mind,23.27,1
R007377,O042253,C0004798,206,size_fit,12.91,1
R007378,O042254,C0004799,44,size_fit,9.99,1
R007379,O042255,C0004799,51,changed_mind,32.07,1
R007380,O042256,C0004799,60,changed_mind,12.36,1
R007381,O042257,C0004799,61,changed_mind,37.31,1
R007382,O042259,C0004799,68,changed_mind,62.73,1
R007383,O042261,C0004799,94,changed_mind,14.39,1
R007384,O042262,C0004799,98,changed_mind,21.08,1
R007385,O042264,C0004799,171,other,22.55,1
R007386,O042268,C0004799,183,size_fit,40.35,1
R007387,O042270,C0004799,208,duplicate_order,40.22,1
R007388,O042276,C0004800,209,duplicate_order,40.57,0
R007389,O042294,C0004803,172,size_fit,10.25,0
R007390,O042305,C0004805,40,other,6.2,0
R007391,O042306,C0004805,46,other,21.62,0
R007392,O042307,C0004805,53,other,16.89,0
R007393,O042309,C0004805,55,not_as_described,5.83,0
R007394,O042311,C0004805,77,changed_mind,33.54,0
R007395,O042312,C0004805,81,not_as_described,4.14,0
R007396,O042315,C0004805,130,defective,70.86,0
R007397,O042316,C0004805,139,changed_mind,32.02,0
R007398,O042319,C0004805,158,defective,6.35,0
R007399,O042320,C0004805,153,changed_mind,21.06,0
R007400,O042322,C0004805,176,duplicate_order,35.57,0
R007401,O042324,C0004805,209,size_fit,31.02,0
R007402,O042325,C0004806,104,size_fit,22.31,1
R007403,O042332,C0004806,209,defective,23.26,1
R007404,O042334,C0004806,209,duplicate_order,13.55,1
R007405,O042337,C0004807,111,changed_mind,25.3,0
R007406,O042340,C0004807,177,changed_mind,35.51,0
R007407,O042360,C0004810,94,not_as_described,37.02,0
R007408,O042363,C0004810,130,changed_mind,2.75,0
R007409,O042367,C0004810,204,defective,23.65,0
R007410,O042382,C0004813,89,duplicate_order,29.58,0
R007411,O042387,C0004814,142,changed_mind,14.98,0
R007412,O042394,C0004815,99,duplicate_order,30.39,1
R007413,O042396,C0004815,131,changed_mind,15.23,1
R007414,O042397,C0004815,133,duplicate_order,20.08,1
R007415,O042398,C0004815,153,changed_mind,6.35,1
R007416,O042399,C0004815,173,changed_mind,37.37,1
R007417,O042400,C0004815,179,changed_mind,31.93,1
R007418,O042403,C0004815,209,not_as_described,21.03,1
R007419,O042428,C0004821,112,changed_mind,6.63,1
R007420,O042429,C0004821,119,changed_mind,26.09,1
R007421,O042430,C0004821,121,changed_mind,9.31,1
R007422,O042432,C0004821,135,size_fit,19.67,1
R007423,O042435,C0004821,143,changed_mind,28.25,1
R007424,O042436,C0004821,145,changed_mind,53.99,1
R007425,O042442,C0004821,204,changed_mind,62.73,1
R007426,O042446,C0004822,110,size_fit,13.71,1
R007427,O042447,C0004822,144,changed_mind,13.3,1
R007428,O042454,C0004823,165,changed_mind,11.76,0
R007429,O042464,C0004825,41,defective,19.51,0
R007430,O042467,C0004825,83,other,16.23,0
R007431,O042493,C0004827,195,duplicate_order,21.19,0
R007432,O042497,C0004828,126,changed_mind,32.62,1
R007433,O042499,C0004828,132,defective,14.98,1
R007434,O042501,C0004828,141,other,21.48,1
R007435,O042502,C0004828,156,changed_mind,14.61,1
R007436,O042503,C0004828,157,changed_mind,21.87,1
R007437,O042504,C0004828,171,size_fit,38.46,1
R007438,O042515,C0004829,192,changed_mind,20.7,0
R007439,O042521,C0004830,209,duplicate_order,25.44,0
R007440,O042529,C0004831,163,changed_mind,31.84,0
R007441,O042543,C0004833,0,other,21.62,1
R007442,O042551,C0004833,195,changed_mind,33.72,1
R007443,O042559,C0004834,108,changed_mind,18.64,0
R007444,O042567,C0004835,89,other,20.7,0
R007445,O042571,C0004835,117,changed_mind,14.01,0
R007446,O042576,C0004835,209,defective,45.94,0
R007447,O042587,C0004837,22,duplicate_order,15.23,1
R007448,O042591,C0004837,147,not_as_described,20.82,1
R007449,O042592,C0004837,151,changed_mind,19.22,1
R007450,O042594,C0004837,166,changed_mind,42.32,1
R007451,O042596,C0004837,187,changed_mind,10.15,1
R007452,O042597,C0004837,191,changed_mind,31.85,1
R007453,O042603,C0004838,209,changed_mind,22.37,0
R007454,O042632,C0004841,203,other,5.77,0
R007455,O042635,C0004842,100,changed_mind,26.82,1
R007456,O042643,C0004842,160,changed_mind,10.15,1
R007457,O042650,C0004842,206,changed_mind,35.51,1
R007458,O042656,C0004844,46,size_fit,62.73,0
R007459,O042658,C0004844,90,duplicate_order,5.47,0
R007460,O042684,C0004847,107,changed_mind,59.89,0
R007461,O042689,C0004848,103,other,13.56,1
R007462,O042692,C0004848,157,not_as_described,18.17,1
R007463,O042703,C0004849,209,duplicate_order,23.16,0
R007464,O042718,C0004851,95,other,28.05,0
R007465,O042731,C0004852,168,defective,21.62,0
R007466,O042773,C0004857,65,changed_mind,10.56,1
R007467,O042774,C0004857,67,changed_mind,27.99,1
R007468,O042775,C0004857,68,defective,59.89,1
R007469,O042776,C0004857,73,not_as_described,13.3,1
R007470,O042778,C0004857,87,changed_mind,29.18,1
R007471,O042779,C0004857,103,changed_mind,58.08,1
R007472,O042781,C0004857,118,other,18.83,1
R007473,O042785,C0004857,188,other,48.43,1
R007474,O042798,C0004859,169,size_fit,10.74,0
R007475,O042800,C0004859,209,duplicate_order,79.54,0
R007476,O042808,C0004860,209,size_fit,20.66,0
R007477,O042823,C0004862,201,other,13.71,0
R007478,O042826,C0004863,90,duplicate_order,12.43,0
R007479,O042844,C0004865,28,not_as_described,24.7,1
R007480,O042845,C0004865,46,changed_mind,26.72,1
R007481,O042849,C0004865,175,changed_mind,40.05,1
R007482,O042853,C0004866,90,duplicate_order,23.55,1
R007483,O042855,C0004866,160,duplicate_order,30.91,1
R007484,O042858,C0004867,126,changed_mind,23.26,0
R007485,O042865,C0004868,65,changed_mind,31.57,1
R007486,O042866,C0004868,76,changed_mind,30.91,1
R007487,O042872,C0004868,193,not_as_described,13.57,1
R007488,O042873,C0004869,78,changed_mind,22.37,1
R007489,O042875,C0004869,102,changed_mind,75.89,1
R007490,O042878,C0004869,109,duplicate_order,25.48,1
R007491,O042882,C0004869,158,changed_mind,27.61,1
R007492,O042883,C0004869,167,not_as_described,38.23,1
R007493,O042895,C0004870,201,other,16.71,0
R007494,O042903,C0004872,52,other,19.63,0
R007495,O042906,C0004872,127,other,28.2,0
R007496,O042917,C0004873,138,changed_mind,19.03,0
R007497,O042937,C0004876,76,changed_mind,25.11,1
R007498,O042940,C0004876,109,changed_mind,27.61,1
R007499,O042941,C0004876,109,changed_mind,38.03,1
R007500,O042943,C0004876,112,size_fit,18.63,1
R007501,O042944,C0004876,118,changed_mind,23.55,1
R007502,O042957,C0004878,90,not_as_described,11.4,0
R007503,O042959,C0004878,120,defective,12.14,0
R007504,O042962,C0004878,176,not_as_described,35.46,0
R007505,O042963,C0004878,179,changed_mind,37.02,0
R007506,O042977,C0004881,63,duplicate_order,39.78,1
R007507,O042978,C0004881,86,duplicate_order,15.72,1
R007508,O042981,C0004881,130,changed_mind,18.17,1
R007509,O042982,C0004881,133,changed_mind,76.94,1
R007510,O042983,C0004881,149,changed_mind,23.55,1
R007511,O042984,C0004881,200,changed_mind,8.89,1
R007512,O042997,C0004883,196,defective,39.78,0
R007513,O042999,C0004883,209,changed_mind,6.63,0
R007514,O043031,C0004888,69,defective,30.25,0
R007515,O043050,C0004889,209,size_fit,29.18,0
R007516,O043059,C0004890,189,not_as_described,83.18,0
R007517,O043064,C0004891,64,defective,14.39,0
R007518,O043118,C0004899,36,changed_mind,23.06,1
R007519,O043119,C0004899,66,size_fit,6.1,1
R007520,O043144,C0004902,114,duplicate_order,53.52,0
R007521,O043145,C0004902,117,not_as_described,21.71,0
R007522,O043161,C0004905,50,defective,51.92,0
R007523,O043185,C0004907,209,duplicate_order,35.86,0
R007524,O043200,C0004909,144,other,10.33,0
R007525,O043207,C0004909,209,duplicate_order,18.35,0
R007526,O043214,C0004910,109,defective,38.86,0
R007527,O043218,C0004911,58,size_fit,19.22,1
R007528,O043219,C0004911,62,changed_mind,40.65,1
R007529,O043220,C0004911,91,changed_mind,23.31,1
R007530,O043221,C0004911,109,changed_mind,52.7,1
R007531,O043225,C0004911,196,other,19.24,1
R007532,O043236,C0004913,56,changed_mind,26.35,1
R007533,O043237,C0004913,58,changed_mind,17.21,1
R007534,O043239,C0004913,107,changed_mind,7.67,1
R007535,O043241,C0004913,115,changed_mind,28.96,1
R007536,O043242,C0004913,125,changed_mind,19.16,1
R007537,O043243,C0004913,168,changed_mind,10.56,1
R007538,O043245,C0004913,194,changed_mind,22.03,1
R007539,O043246,C0004914,104,other,27.01,0
R007540,O043247,C0004914,127,duplicate_order,44.59,0
R007541,O043248,C0004914,130,size_fit,41.36,0
R007542,O043250,C0004914,151,duplicate_order,40.35,0
R007543,O043254,C0004914,205,other,31.93,0
R007544,O043256,C0004914,209,other,11.4,0
R007545,O043279,C0004918,82,duplicate_order,23.56,0
R007546,O043306,C0004921,105,other,41.05,0
R007547,O043307,C0004921,120,changed_mind,42.32,0
R007548,O043313,C0004922,63,changed_mind,39.78,1
R007549,O043315,C0004922,76,changed_mind,32.02,1
R007550,O043316,C0004922,80,changed_mind,53.99,1
R007551,O043317,C0004922,82,not_as_described,19.51,1
R007552,O043319,C0004922,87,not_as_described,20.02,1
R007553,O043370,C0004927,23,changed_mind,7.94,1
R007554,O043376,C0004927,209,not_as_described,31.84,1
R007555,O043383,C0004928,151,duplicate_order,14.65,0
R007556,O043416,C0004933,19,changed_mind,21.25,1
R007557,O043418,C0004933,65,changed_mind,27.85,1
R007558,O043419,C0004933,72,changed_mind,34.09,1
R007559,O043420,C0004933,85,changed_mind,12.14,1
R007560,O043438,C0004935,141,defective,46.54,0
R007561,O043455,C0004938,93,duplicate_order,21.07,1
R007562,O043456,C0004938,92,changed_mind,40.35,1
R007563,O043457,C0004938,94,changed_mind,20.66,1
R007564,O043459,C0004938,168,size_fit,9.45,1
R007565,O043463,C0004938,197,size_fit,71.6,1
R007566,O043469,C0004939,151,defective,38.86,0
R007567,O043487,C0004941,79,not_as_described,23.06,0
R007568,O043511,C0004945,66,changed_mind,9.99,1
R007569,O043512,C0004945,125,size_fit,26.65,1
R007570,O043514,C0004945,147,changed_mind,20.04,1
R007571,O043515,C0004945,183,changed_mind,20.86,1
R007572,O043518,C0004946,118,defective,26.98,0
R007573,O043524,C0004946,199,defective,19.24,0
R007574,O043527,C0004947,159,duplicate_order,4.14,0
R007575,O043537,C0004948,129,other,13.3,0
R007576,O043546,C0004949,99,not_as_described,35.95,0
R007577,O043556,C0004949,209,defective,34.76,0
R007578,O043562,C0004950,69,not_as_described,21.07,0
R007579,O043573,C0004951,109,duplicate_order,28.2,0
R007580,O043576,C0004951,145,other,18.64,0
R007581,O043593,C0004953,97,changed_mind,28.55,1
R007582,O043595,C0004953,130,not_as_described,15.52,1
R007583,O043596,C0004953,153,defective,12.65,1
R007584,O043597,C0004953,163,changed_mind,5.27,1
R007585,O043604,C0004954,134,other,23.2,0
R007586,O043609,C0004955,142,not_as_described,5.83,0
R007587,O043631,C0004958,111,size_fit,13.3,0
R007588,O043639,C0004958,154,not_as_described,71.6,0
R007589,O043658,C0004960,143,size_fit,26.65,0
R007590,O043670,C0004962,108,changed_mind,24.55,1
R007591,O043672,C0004962,180,duplicate_order,17.25,1
R007592,O043693,C0004965,69,size_fit,35.86,0
R007593,O043711,C0004967,183,duplicate_order,5.47,0
R007594,O043720,C0004968,177,defective,33.54,0
R007595,O043721,C0004968,203,defective,30.91,0
R007596,O043724,C0004968,209,other,15.72,0
R007597,O043726,C0004969,143,defective,21.48,0
R007598,O043746,C0004972,98,other,24.7,1
R007599,O043747,C0004972,103,changed_mind,32.1,1
R007600,O043748,C0004972,113,other,21.07,1
R007601,O043750,C0004972,136,other,28.15,1
R007602,O043752,C0004972,157,changed_mind,6.35,1
R007603,O043754,C0004972,209,defective,33.54,1
R007604,O043755,C0004973,114,other,28.55,0
R007605,O043764,C0004974,92,defective,13.56,0
R007606,O043766,C0004974,105,changed_mind,16.14,0
R007607,O043771,C0004974,145,defective,19.51,0
R007608,O043772,C0004974,142,changed_mind,43.01,0
R007609,O043773,C0004974,163,size_fit,9.99,0
R007610,O043776,C0004974,209,changed_mind,9.45,0
R007611,O043783,C0004975,133,changed_mind,26.65,0
R007612,O043791,C0004977,78,duplicate_order,23.39,0
R007613,O043823,C0004982,97,other,14.79,0
R007614,O043850,C0004985,178,not_as_described,32.7,0
R007615,O043856,C0004986,125,other,20.82,0
R007616,O043869,C0004988,79,changed_mind,27.27,0
R007617,O043876,C0004989,80,other,16.57,0
R007618,O043892,C0004990,201,defective,26.82,0
R007619,O043901,C0004992,93,size_fit,32.7,0
R007620,O043909,C0004993,37,defective,35.96,1
R007621,O043910,C0004993,38,size_fit,48.39,1
R007622,O043911,C0004993,37,changed_mind,20.66,1
R007623,O043912,C0004993,88,not_as_described,22.37,1
R007624,O043916,C0004993,116,changed_mind,63.27,1
R007625,O043921,C0004993,198,duplicate_order,31.85,1
R007626,O043933,C0004995,99,changed_mind,32.22,1
R007627,O043936,C0004995,121,other,39.78,1
R007628,O043937,C0004995,122,changed_mind,8.55,1
R007629,O043938,C0004995,132,changed_mind,22.66,1
R007630,O043939,C0004995,135,changed_mind,18.64,1
R007631,O043940,C0004995,158,changed_mind,10.25,1
R007632,O043941,C0004995,159,changed_mind,26.54,1
R007633,O043942,C0004995,163,defective,27.61,1
R007634,O043943,C0004995,166,changed_mind,6.1,1
R007635,O043944,C0004995,168,changed_mind,42.88,1
R007636,O043946,C0004995,181,other,15.63,1
R007637,O043948,C0004995,192,changed_mind,12.97,1
R007638,O043950,C0004995,193,other,30.91,1
R007639,O043951,C0004995,195,changed_mind,62.61,1
R007640,O043952,C0004995,200,duplicate_order,22.54,1
R007641,O043954,C0004996,109,defective,21.07,0
R007642,O043970,C0004998,159,duplicate_order,59.32,0
R007643,O043994,C0005001,132,other,20.86,1
R007644,O043995,C0005001,142,other,7.43,1
R007645,O043996,C0005001,142,other,23.26,1
R007646,O043997,C0005001,148,not_as_described,29.62,1
R007647,O043999,C0005001,181,changed_mind,21.9,1
R007648,O044000,C0005001,192,changed_mind,23.39,1
R007649,O044001,C0005001,204,changed_mind,27.05,1
R007650,O044002,C0005001,206,size_fit,26.35,1
R007651,O044004,C0005002,90,changed_mind,28.36,0
R007652,O044008,C0005002,172,changed_mind,52.7,0
R007653,O044016,C0005003,125,defective,16.57,0
R007654,O044019,C0005003,146,defective,23.18,0
R007655,O044039,C0005006,95,size_fit,13.22,0
R007656,O044042,C0005006,154,size_fit,7.94,0
R007657,O044075,C0005008,199,duplicate_order,20.7,0
R007658,O044077,C0005009,56,changed_mind,39.49,1
R007659,O044080,C0005009,101,changed_mind,17.95,1
R007660,O044086,C0005009,195,defective,28.2,1
R007661,O044091,C0005010,63,changed_mind,13.55,1
R007662,O044100,C0005011,150,not_as_described,18.32,0
R007663,O044105,C0005012,70,size_fit,44.0,0
R007664,O044110,C0005013,67,not_as_described,25.11,1
R007665,O044112,C0005013,97,changed_mind,15.99,1
R007666,O044113,C0005013,174,changed_mind,37.02,1
R007667,O044124,C0005014,131,changed_mind,24.12,0
R007668,O044125,C0005014,198,size_fit,20.02,0
R007669,O044128,C0005015,103,size_fit,27.71,0
R007670,O044142,C0005017,73,changed_mind,27.61,1
R007671,O044145,C0005017,112,changed_mind,60.28,1
R007672,O044150,C0005018,95,changed_mind,14.7,1
R007673,O044151,C0005018,110,changed_mind,35.57,1
R007674,O044152,C0005018,115,changed_mind,74.34,1
R007675,O044155,C0005018,154,defective,26.65,1
R007676,O044165,C0005020,84,not_as_described,18.83,0
R007677,O044181,C0005022,136,other,14.98,0
R007678,O044182,C0005022,167,other,25.11,0
R007679,O044186,C0005023,83,changed_mind,59.8,1
R007680,O044191,C0005023,149,changed_mind,13.57,1
R007681,O044192,C0005023,150,changed_mind,23.26,1
R007682,O044193,C0005023,155,defective,61.65,1
R007683,O044195,C0005023,172,duplicate_order,6.63,1
R007684,O044197,C0005024,125,not_as_described,17.16,0
R007685,O044214,C0005026,114,changed_mind,26.09,0
R007686,O044219,C0005026,204,duplicate_order,21.72,0
R007687,O044230,C0005028,58,changed_mind,22.31,1
R007688,O044231,C0005028,100,changed_mind,22.37,1
R007689,O044232,C0005028,139,changed_mind,22.54,1
R007690,O044233,C0005028,160,defective,21.92,1
R007691,O044237,C0005028,200,changed_mind,40.22,1
R007692,O044238,C0005028,205,changed_mind,31.84,1
R007693,O044247,C0005030,48,changed_mind,21.25,1
R007694,O044248,C0005030,89,changed_mind,35.86,1
R007695,O044251,C0005030,102,changed_mind,58.08,1
R007696,O044255,C0005030,196,changed_mind,20.86,1
R007697,O044256,C0005030,209,duplicate_order,40.22,1
R007698,O044258,C0005031,29,duplicate_order,28.55,0
R007699,O044285,C0005034,161,other,17.21,0
R007700,O044339,C0005040,180,duplicate_order,38.86,0
R007701,O044342,C0005041,41,size_fit,37.37,0
R007702,O044344,C0005041,80,not_as_described,28.36,0
R007703,O044346,C0005041,89,other,27.01,0
R007704,O044347,C0005041,96,other,14.7,0
R007705,O044348,C0005041,99,other,10.3,0
R007706,O044349,C0005041,99,other,37.32,0
R007707,O044352,C0005041,137,duplicate_order,12.97,0
R007708,O044379,C0005044,191,duplicate_order,12.43,0
R007709,O044388,C0005045,157,defective,10.33,0
R007710,O044398,C0005046,142,other,33.54,0
R007711,O044405,C0005047,86,changed_mind,24.74,1
R007712,O044406,C0005047,128,changed_mind,24.51,1
R007713,O044407,C0005047,139,duplicate_order,9.62,1
R007714,O044408,C0005047,146,not_as_described,20.86,1
R007715,O044409,C0005047,166,changed_mind,28.15,1
R007716,O044410,C0005047,195,changed_mind,62.73,1
R007717,O044411,C0005047,196,changed_mind,8.89,1
R007718,O044412,C0005047,201,other,41.98,1
R007719,O044426,C0005050,89,changed_mind,35.96,1
R007720,O044427,C0005050,109,defective,18.18,1
R007721,O044428,C0005050,110,changed_mind,18.18,1
R007722,O044432,C0005050,190,size_fit,16.56,1
R007723,O044436,C0005050,209,changed_mind,22.55,1
R007724,O044445,C0005052,60,other,42.32,1
R007725,O044447,C0005052,65,changed_mind,27.85,1
R007726,O044448,C0005052,68,other,10.7,1
R007727,O044449,C0005052,71,changed_mind,20.35,1
R007728,O044452,C0005052,153,changed_mind,35.57,1
R007729,O044454,C0005052,178,changed_mind,25.11,1
R007730,O044456,C0005052,186,changed_mind,23.65,1
R007731,O044457,C0005052,192,changed_mind,5.47,1
R007732,O044458,C0005052,207,changed_mind,8.89,1
R007733,O044476,C0005054,102,other,12.59,1
R007734,O044477,C0005054,116,changed_mind,23.39,1
R007735,O044478,C0005054,117,duplicate_order,31.85,1
R007736,O044481,C0005054,167,size_fit,18.17,1
R007737,O044488,C0005055,59,changed_mind,55.83,1
R007738,O044490,C0005055,90,changed_mind,12.36,1
R007739,O044494,C0005055,146,duplicate_order,24.75,1
R007740,O044495,C0005055,155,size_fit,33.94,1
R007741,O044497,C0005055,180,other,12.65,1
R007742,O044501,C0005056,59,changed_mind,83.18,1
R007743,O044502,C0005056,60,not_as_described,28.05,1
R007744,O044503,C0005056,92,changed_mind,47.64,1
R007745,O044505,C0005056,173,changed_mind,32.22,1
R007746,O044507,C0005056,171,changed_mind,17.17,1
R007747,O044532,C0005059,102,changed_mind,61.65,1
R007748,O044533,C0005059,106,changed_mind,25.44,1
R007749,O044534,C0005059,119,size_fit,30.39,1
R007750,O044535,C0005059,142,changed_mind,13.66,1
R007751,O044538,C0005059,159,size_fit,11.76,1
R007752,O044539,C0005059,172,defective,20.7,1
R007753,O044541,C0005059,189,duplicate_order,26.09,1
R007754,O044543,C0005059,202,changed_mind,30.88,1
R007755,O044544,C0005059,206,changed_mind,9.77,1
R007756,O044545,C0005059,207,not_as_described,38.03,1
R007757,O044546,C0005060,86,changed_mind,50.83,0
R007758,O044567,C0005062,41,other,17.56,1
R007759,O044568,C0005062,48,changed_mind,20.66,1
R007760,O044569,C0005062,64,size_fit,33.54,1
R007761,O044572,C0005062,109,defective,13.22,1
R007762,O044577,C0005062,146,size_fit,28.05,1
R007763,O044578,C0005062,162,size_fit,37.32,1
R007764,O044582,C0005062,202,changed_mind,39.49,1
R007765,O044584,C0005063,74,other,27.71,0
R007766,O044604,C0005065,79,not_as_described,35.57,0
R007767,O044608,C0005066,120,changed_mind,5.83,0
R007768,O044615,C0005067,50,other,39.78,0
R007769,O044620,C0005067,118,changed_mind,22.54,0
R007770,O044648,C0005069,209,defective,22.55,0
R007771,O044650,C0005070,99,duplicate_order,59.48,1
R007772,O044651,C0005070,123,changed_mind,18.48,1
R007773,O044652,C0005070,130,changed_mind,6.37,1
R007774,O044653,C0005070,162,defective,5.47,1
R007775,O044654,C0005070,206,changed_mind,28.96,1
R007776,O044655,C0005071,45,duplicate_order,18.17,0
R007777,O044661,C0005072,43,duplicate_order,24.7,0
R007778,O044670,C0005073,149,defective,31.45,0
R007779,O044680,C0005074,63,changed_mind,83.18,1
R007780,O044681,C0005074,100,duplicate_order,47.64,1
R007781,O044682,C0005074,122,not_as_described,32.02,1
R007782,O044683,C0005074,153,changed_mind,28.05,1
R007783,O044684,C0005074,173,size_fit,34.76,1
R007784,O044685,C0005074,195,changed_mind,38.86,1
R007785,O044687,C0005074,204,duplicate_order,21.9,1
R007786,O044702,C0005076,88,other,35.25,0
R007787,O044708,C0005077,135,not_as_described,15.06,0
R007788,O044710,C0005077,209,other,60.28,0
R007789,O044717,C0005078,132,changed_mind,19.03,0
R007790,O044720,C0005079,106,other,27.61,0
R007791,O044733,C0005080,149,changed_mind,13.56,0
R007792,O044734,C0005080,157,duplicate_order,12.14,0
R007793,O044735,C0005080,153,not_as_described,15.23,0
R007794,O044737,C0005080,166,other,38.46,0
R007795,O044756,C0005083,88,not_as_described,16.71,0
R007796,O044765,C0005084,198,not_as_described,23.55,0
R007797,O044766,C0005084,195,other,61.65,0
R007798,O044770,C0005085,74,changed_mind,29.18,1
R007799,O044771,C0005085,82,changed_mind,28.05,1
R007800,O044772,C0005085,96,changed_mind,21.62,1
R007801,O044773,C0005085,113,changed_mind,44.59,1
R007802,O044774,C0005085,118,changed_mind,15.68,1
R007803,O044775,C0005085,135,duplicate_order,83.18,1
R007804,O044776,C0005085,146,changed_mind,32.22,1
R007805,O044777,C0005085,169,duplicate_order,14.39,1
R007806,O044778,C0005085,175,changed_mind,26.98,1
R007807,O044779,C0005085,184,changed_mind,28.21,1
R007808,O044780,C0005085,198,changed_mind,18.48,1
R007809,O044781,C0005086,72,defective,44.59,0
R007810,O044791,C0005087,111,size_fit,38.88,0
R007811,O044810,C0005089,54,changed_mind,9.62,1
R007812,O044812,C0005089,74,changed_mind,25.11,1
R007813,O044813,C0005089,77,size_fit,40.57,1
R007814,O044814,C0005089,86,changed_mind,30.39,1
R007815,O044815,C0005089,115,changed_mind,29.12,1
R007816,O044816,C0005089,158,changed_mind,26.65,1
R007817,O044818,C0005089,178,not_as_described,31.85,1
R007818,O044819,C0005089,182,defective,51.92,1
R007819,O044820,C0005089,191,changed_mind,27.05,1
R007820,O044843,C0005092,127,defective,39.49,0
R007821,O044845,C0005092,176,size_fit,13.22,0
R007822,O044848,C0005093,93,not_as_described,21.24,0
R007823,O044858,C0005094,82,changed_mind,23.16,1
R007824,O044859,C0005094,84,changed_mind,28.59,1
R007825,O044861,C0005094,103,changed_mind,16.18,1
R007826,O044862,C0005094,112,not_as_described,18.48,1
R007827,O044863,C0005094,119,size_fit,31.93,1
R007828,O044866,C0005094,209,not_as_described,45.04,1
R007829,O044878,C0005095,206,other,19.17,0
R007830,O044890,C0005097,39,not_as_described,59.8,0
R007831,O044929,C0005102,168,other,21.74,0
R007832,O044932,C0005102,201,size_fit,73.86,0
R007833,O044933,C0005102,209,not_as_described,22.4,0
R007834,O044934,C0005103,74,changed_mind,31.4,1
R007835,O044935,C0005103,98,other,9.11,1
R007836,O044938,C0005103,115,changed_mind,27.85,1
R007837,O044940,C0005103,153,duplicate_order,5.77,1
R007838,O044941,C0005103,166,not_as_described,29.54,1
R007839,O044942,C0005103,170,changed_mind,24.99,1
R007840,O044947,C0005104,92,size_fit,19.67,1
R007841,O044948,C0005104,96,changed_mind,9.11,1
R007842,O044949,C0005104,117,other,59.32,1
R007843,O044950,C0005104,119,changed_mind,19.22,1
R007844,O044956,C0005105,10,changed_mind,39.78,1
R007845,O044958,C0005105,56,changed_mind,44.0,1
R007846,O044960,C0005105,92,changed_mind,59.89,1
R007847,O044961,C0005105,131,changed_mind,11.4,1
R007848,O044962,C0005105,138,changed_mind,22.03,1
R007849,O044968,C0005106,125,duplicate_order,28.2,0
R007850,O044979,C0005107,199,other,45.94,0
R007851,O044989,C0005109,18,changed_mind,45.94,1
R007852,O044990,C0005109,27,size_fit,58.13,1
R007853,O044991,C0005109,41,changed_mind,62.73,1
R007854,O044992,C0005109,72,not_as_described,33.94,1
R007855,O044993,C0005109,79,changed_mind,9.62,1
R007856,O044995,C0005109,99,changed_mind,20.08,1
R007857,O044996,C0005109,110,changed_mind,37.37,1
R007858,O044999,C0005109,148,other,10.74,1
R007859,O045001,C0005109,209,not_as_described,29.57,1
R007860,O045004,C0005110,81,not_as_described,18.64,0
R007861,O045007,C0005110,139,duplicate_order,23.27,0
R007862,O045010,C0005110,160,duplicate_order,30.91,0
R007863,O045011,C0005110,167,changed_mind,40.22,0
R007864,O045013,C0005110,197,changed_mind,37.02,0
R007865,O045018,C0005111,132,duplicate_order,10.33,0
R007866,O045037,C0005112,209,duplicate_order,18.63,0
R007867,O045039,C0005113,124,changed_mind,34.76,0
R007868,O045052,C0005114,81,defective,47.64,1
R007869,O045053,C0005114,95,changed_mind,34.09,1
R007870,O045056,C0005114,147,defective,11.4,1
R007871,O045068,C0005116,109,not_as_described,17.86,0
R007872,O045079,C0005117,97,changed_mind,34.09,0
R007873,O045084,C0005117,164,changed_mind,19.16,0
R007874,O045101,C0005118,209,duplicate_order,31.84,0
R007875,O045102,C0005119,80,defective,34.09,0
R007876,O045110,C0005120,101,changed_mind,23.42,1
R007877,O045111,C0005120,104,changed_mind,21.38,1
R007878,O045112,C0005120,105,changed_mind,25.44,1
R007879,O045123,C0005120,209,changed_mind,19.13,1
R007880,O045127,C0005121,167,size_fit,21.24,0
R007881,O045131,C0005122,42,defective,40.56,0
R007882,O045166,C0005127,106,changed_mind,15.99,1
R007883,O045169,C0005127,121,size_fit,18.63,1
R007884,O045170,C0005127,139,defective,29.12,1
R007885,O045172,C0005127,145,size_fit,16.89,1
R007886,O045173,C0005127,148,duplicate_order,30.08,1
R007887,O045176,C0005127,178,changed_mind,22.76,1
R007888,O045177,C0005127,196,defective,67.3,1
R007889,O045189,C0005129,125,other,28.05,0
R007890,O045191,C0005129,146,other,24.51,0
R007891,O045204,C0005130,134,duplicate_order,23.65,0
R007892,O045223,C0005133,49,changed_mind,53.52,1
R007893,O045224,C0005133,54,changed_mind,24.7,1
R007894,O045225,C0005133,60,duplicate_order,46.54,1
R007895,O045227,C0005133,87,changed_mind,15.64,1
R007896,O045228,C0005133,97,changed_mind,28.96,1
R007897,O045229,C0005133,101,changed_mind,63.27,1
R007898,O045230,C0005133,116,changed_mind,18.35,1
R007899,O045232,C0005133,187,changed_mind,23.55,1
R007900,O045233,C0005133,190,changed_mind,59.89,1
R007901,O045247,C0005135,31,changed_mind,13.3,1
R007902,O045248,C0005135,41,changed_mind,25.3,1
R007903,O045249,C0005135,47,changed_mind,22.55,1
R007904,O045251,C0005135,70,changed_mind,21.92,1
R007905,O045252,C0005135,82,changed_mind,30.88,1
R007906,O045255,C0005135,172,size_fit,15.72,1
R007907,O045258,C0005135,186,changed_mind,18.17,1
R007908,O045275,C0005137,163,size_fit,10.75,0
R007909,O045276,C0005137,187,other,34.09,0
R007910,O045282,C0005138,88,not_as_described,37.66,0
R007911,O045292,C0005140,124,changed_mind,45.94,1
R007912,O045293,C0005140,125,changed_mind,26.72,1
R007913,O045296,C0005140,149,changed_mind,41.05,1
R007914,O045298,C0005140,162,other,23.55,1
R007915,O045324,C0005144,110,changed_mind,165.23,1
R007916,O045325,C0005144,146,changed_mind,46.54,1
R007917,O045326,C0005144,155,changed_mind,10.56,1
R007918,O045328,C0005144,195,size_fit,70.86,1
R007919,O045329,C0005144,208,other,33.94,1
R007920,O045330,C0005145,133,duplicate_order,27.61,0
R007921,O045337,C0005146,75,duplicate_order,21.92,0
R007922,O045357,C0005148,99,defective,29.12,1
R007923,O045358,C0005148,107,changed_mind,4.14,1
R007924,O045359,C0005148,112,changed_mind,12.65,1
R007925,O045360,C0005148,132,changed_mind,32.27,1
R007926,O045361,C0005148,144,changed_mind,17.56,1
R007927,O045362,C0005148,146,defective,38.86,1
R007928,O045365,C0005148,166,other,16.23,1
R007929,O045367,C0005148,171,changed_mind,7.43,1
R007930,O045370,C0005148,201,changed_mind,23.06,1
R007931,O045374,C0005149,127,not_as_described,40.32,0
R007932,O045386,C0005151,115,size_fit,47.64,1
R007933,O045395,C0005152,197,duplicate_order,83.18,0
R007934,O045404,C0005153,209,duplicate_order,12.63,0
R007935,O045414,C0005155,172,size_fit,23.18,0
R007936,O045415,C0005155,195,defective,51.92,0
R007937,O045423,C0005157,84,duplicate_order,33.54,0
R007938,O045425,C0005157,160,defective,6.63,0
R007939,O045432,C0005158,63,size_fit,21.92,0
R007940,O045475,C0005162,69,changed_mind,24.01,1
R007941,O045481,C0005162,130,defective,53.99,1
R007942,O045485,C0005162,198,defective,22.31,1
R007943,O045490,C0005163,163,duplicate_order,47.6,0
R007944,O045501,C0005164,177,size_fit,13.22,0
R007945,O045503,C0005164,209,changed_mind,79.54,0
R007946,O045530,C0005167,150,duplicate_order,26.82,0
R007947,O045544,C0005169,43,changed_mind,26.82,1
R007948,O045546,C0005169,60,changed_mind,15.68,1
R007949,O045547,C0005169,99,duplicate_order,21.07,1
R007950,O045553,C0005169,201,duplicate_order,20.95,1
R007951,O045565,C0005171,181,defective,27.61,0
R007952,O045571,C0005172,138,changed_mind,8.92,0
R007953,O045572,C0005172,145,changed_mind,60.28,0
R007954,O045583,C0005173,155,changed_mind,47.16,0
R007955,O045608,C0005177,85,changed_mind,16.89,0
R007956,O045614,C0005178,76,size_fit,18.51,0
R007957,O045620,C0005179,42,other,13.39,0
R007958,O045635,C0005180,146,other,35.52,0
R007959,O045639,C0005181,139,changed_mind,39.49,1
R007960,O045641,C0005181,155,changed_mind,45.94,1
R007961,O045643,C0005181,187,changed_mind,21.92,1
R007962,O045647,C0005182,155,changed_mind,26.72,0
R007963,O045649,C0005182,156,defective,17.21,0
R007964,O045654,C0005183,209,duplicate_order,44.0,0
R007965,O045663,C0005185,49,other,17.21,0
R007966,O045666,C0005185,75,other,12.7,0
R007967,O045685,C0005186,141,duplicate_order,15.88,0
R007968,O045694,C0005187,176,duplicate_order,13.1,0
R007969,O045763,C0005194,205,size_fit,18.48,0
R007970,O045775,C0005196,94,duplicate_order,27.27,1
R007971,O045776,C0005196,105,changed_mind,31.02,1
R007972,O045777,C0005196,145,not_as_described,83.18,1
R007973,O045788,C0005198,35,defective,30.88,0
R007974,O045811,C0005201,17,changed_mind,40.35,1
R007975,O045813,C0005201,34,changed_mind,15.23,1
R007976,O045832,C0005204,81,defective,33.72,1
R007977,O045833,C0005204,93,size_fit,21.38,1
R007978,O045834,C0005204,115,size_fit,21.19,1
R007979,O045835,C0005204,117,size_fit,21.69,1
R007980,O045836,C0005204,140,defective,21.03,1
R007981,O045840,C0005205,70,changed_mind,21.71,1
R007982,O045841,C0005205,115,duplicate_order,44.59,1
R007983,O045842,C0005205,119,changed_mind,28.11,1
R007984,O045843,C0005205,148,changed_mind,9.77,1
R007985,O045844,C0005205,164,other,38.23,1
R007986,O045845,C0005205,162,changed_mind,17.95,1
R007987,O045846,C0005205,164,changed_mind,47.6,1
R007988,O045848,C0005206,83,changed_mind,37.66,1
R007989,O045849,C0005206,108,changed_mind,30.09,1
R007990,O045851,C0005206,137,changed_mind,37.37,1
R007991,O045854,C0005206,179,not_as_described,13.39,1
R007992,O045856,C0005206,195,changed_mind,26.65,1
R007993,O045864,C0005207,209,duplicate_order,6.63,0
R007994,O045874,C0005209,141,size_fit,11.11,0
R007995,O045876,C0005209,175,size_fit,24.12,0
R007996,O045881,C0005210,155,defective,4.14,0
R007997,O045883,C0005210,178,changed_mind,24.51,0
R007998,O045885,C0005210,197,other,26.09,0
R007999,O045900,C0005212,79,changed_mind,26.35,0
R008000,O045902,C0005212,145,defective,10.48,0
R008001,O045903,C0005212,162,duplicate_order,18.64,0
R008002,O045904,C0005212,167,defective,23.56,0
R008003,O045905,C0005212,192,defective,55.27,0
R008004,O045941,C0005219,97,not_as_described,12.36,0
R008005,O045943,C0005219,123,not_as_described,29.57,0
R008006,O045946,C0005220,31,not_as_described,25.3,0
R008007,O045947,C0005220,52,changed_mind,14.94,0
R008008,O045948,C0005220,70,other,17.21,0
R008009,O045950,C0005220,98,changed_mind,32.22,0
R008010,O045951,C0005220,101,other,38.62,0
R008011,O045952,C0005220,141,not_as_described,23.55,0
R008012,O045953,C0005220,125,other,27.71,0
R008013,O045956,C0005220,169,changed_mind,39.78,0
R008014,O045959,C0005220,190,other,7.43,0
R008015,O045967,C0005221,187,defective,29.62,0
R008016,O045975,C0005222,94,changed_mind,23.55,0
R008017,O046000,C0005223,183,other,41.05,0
R008018,O046010,C0005224,209,size_fit,21.92,0
R008019,O046017,C0005225,94,other,23.55,0
R008020,O046021,C0005225,121,size_fit,38.23,0
R008021,O046022,C0005225,120,other,21.9,0
R008022,O046025,C0005225,137,duplicate_order,42.32,0
R008023,O046028,C0005225,147,duplicate_order,20.82,0
R008024,O046030,C0005225,193,size_fit,12.36,0
R008025,O046031,C0005226,58,changed_mind,41.05,0
R008026,O046040,C0005227,95,changed_mind,13.57,0
R008027,O046046,C0005228,100,defective,23.65,1
R008028,O046047,C0005228,106,size_fit,24.55,1
R008029,O046049,C0005228,143,changed_mind,30.01,1
R008030,O046051,C0005228,160,defective,76.94,1
R008031,O046052,C0005228,176,changed_mind,16.89,1
R008032,O046053,C0005228,209,duplicate_order,40.57,1
R008033,O046059,C0005229,125,duplicate_order,22.54,0
R008034,O046067,C0005230,134,size_fit,19.48,0
R008035,O046068,C0005230,144,other,39.12,0
R008036,O046076,C0005231,91,changed_mind,18.32,1
R008037,O046084,C0005232,19,changed_mind,51.92,1
R008038,O046086,C0005232,92,defective,30.88,1
R008039,O046087,C0005232,100,duplicate_order,40.57,1
R008040,O046088,C0005232,117,changed_mind,20.29,1
R008041,O046094,C0005232,170,duplicate_order,88.02,1
R008042,O046095,C0005232,173,changed_mind,39.12,1
R008043,O046096,C0005232,209,changed_mind,16.71,1
R008044,O046100,C0005233,108,not_as_described,14.84,0
R008045,O046116,C0005235,7,changed_mind,8.92,1
R008046,O046118,C0005235,23,changed_mind,6.35,1
R008047,O046119,C0005235,83,defective,10.48,1
R008048,O046120,C0005235,101,changed_mind,8.68,1
R008049,O046139,C0005238,60,other,27.61,0
R008050,O046148,C0005239,91,duplicate_order,12.59,0
R008051,O046155,C0005239,154,size_fit,16.23,0
R008052,O046157,C0005239,209,defective,19.16,0
R008053,O046166,C0005240,206,other,58.08,0
R008054,O046182,C0005242,45,not_as_described,43.01,0
R008055,O046186,C0005242,90,size_fit,28.96,0
R008056,O046190,C0005242,113,defective,23.18,0
R008057,O046205,C0005243,128,not_as_described,37.66,0
R008058,O046216,C0005244,170,size_fit,38.23,0
R008059,O046219,C0005245,54,duplicate_order,8.55,1
R008060,O046222,C0005245,86,defective,10.3,1
R008061,O046223,C0005245,143,changed_mind,58.13,1
R008062,O046236,C0005247,42,changed_mind,27.61,1
R008063,O046237,C0005247,43,duplicate_order,6.1,1
R008064,O046238,C0005247,47,not_as_described,15.61,1
R008065,O046240,C0005247,86,size_fit,24.75,1
R008066,O046241,C0005247,89,changed_mind,32.22,1
R008067,O046242,C0005247,92,size_fit,38.62,1
R008068,O046249,C0005248,28,defective,35.46,1
R008069,O046250,C0005248,30,changed_mind,20.35,1
R008070,O046252,C0005248,52,changed_mind,28.21,1
R008071,O046253,C0005248,68,changed_mind,9.77,1
R008072,O046254,C0005248,76,duplicate_order,15.23,1
R008073,O046256,C0005248,130,changed_mind,15.68,1
R008074,O046257,C0005248,177,changed_mind,35.57,1
R008075,O046258,C0005248,184,other,24.35,1
R008076,O046268,C0005249,203,changed_mind,35.86,0
R008077,O046273,C0005250,65,duplicate_order,9.31,0
R008078,O046288,C0005251,156,duplicate_order,14.39,0
R008079,O046294,C0005252,6,changed_mind,26.72,1
R008080,O046295,C0005252,42,changed_mind,12.43,1
R008081,O046296,C0005252,55,defective,18.64,1
R008082,O046297,C0005252,74,changed_mind,19.67,1
R008083,O046298,C0005252,98,changed_mind,39.78,1
R008084,O046299,C0005252,98,changed_mind,59.89,1
R008085,O046300,C0005252,125,duplicate_order,38.62,1
R008086,O046310,C0005255,85,changed_mind,29.96,1
R008087,O046313,C0005255,122,changed_mind,16.57,1
R008088,O046314,C0005255,129,changed_mind,29.62,1
R008089,O046316,C0005255,149,changed_mind,35.86,1
R008090,O046317,C0005255,152,defective,21.69,1
R008091,O046319,C0005255,181,changed_mind,35.46,1
R008092,O046320,C0005255,188,changed_mind,71.6,1
R008093,O046321,C0005255,189,changed_mind,16.57,1
R008094,O046325,C0005256,120,duplicate_order,15.06,0
R008095,O046328,C0005257,79,not_as_described,11.11,1
R008096,O046330,C0005257,131,changed_mind,25.3,1
R008097,O046331,C0005257,136,changed_mind,26.72,1
R008098,O046332,C0005257,143,changed_mind,25.02,1
R008099,O046334,C0005257,167,defective,83.18,1
R008100,O046335,C0005257,170,changed_mind,54.18,1
R008101,O046366,C0005260,145,duplicate_order,21.74,0
R008102,O046385,C0005262,112,defective,25.48,0
R008103,O046387,C0005262,129,size_fit,59.32,0
R008104,O046391,C0005263,119,changed_mind,43.01,1
R008105,O046402,C0005263,186,other,23.31,1
R008106,O046419,C0005264,204,other,14.56,0
R008107,O046427,C0005266,106,changed_mind,44.59,1
R008108,O046428,C0005266,107,changed_mind,27.27,1
R008109,O046430,C0005267,129,defective,17.17,0
R008110,O046432,C0005267,140,defective,9.11,0
R008111,O046433,C0005267,150,changed_mind,14.01,0
R008112,O046435,C0005267,165,size_fit,22.55,0
R008113,O046440,C0005267,206,changed_mind,23.55,0
R008114,O046447,C0005269,82,changed_mind,18.74,1
R008115,O046449,C0005269,108,changed_mind,73.86,1
R008116,O046486,C0005273,192,changed_mind,25.44,0
R008117,O046487,C0005273,185,defective,25.44,0
R008118,O046498,C0005274,185,other,40.65,0
R008119,O046518,C0005276,101,size_fit,19.48,0
R008120,O046520,C0005276,157,not_as_described,35.46,0
R008121,O046535,C0005278,141,not_as_described,21.19,0
R008122,O046538,C0005278,193,duplicate_order,39.49,0
R008123,O046550,C0005279,201,defective,25.44,0
R008124,O046575,C0005283,45,changed_mind,10.48,1
R008125,O046577,C0005283,65,size_fit,21.19,1
R008126,O046578,C0005283,76,changed_mind,28.2,1
R008127,O046579,C0005283,80,changed_mind,44.59,1
R008128,O046582,C0005283,118,changed_mind,22.76,1
R008129,O046603,C0005284,191,not_as_described,28.55,0
R008130,O046608,C0005285,103,duplicate_order,19.51,0
R008131,O046609,C0005285,129,other,79.54,0
R008132,O046617,C0005286,181,size_fit,19.22,0
R008133,O046625,C0005288,60,changed_mind,15.23,1
R008134,O046626,C0005288,99,changed_mind,23.2,1
R008135,O046627,C0005288,111,changed_mind,17.95,1
R008136,O046635,C0005289,106,not_as_described,37.31,0
R008137,O046645,C0005291,82,size_fit,30.39,0
R008138,O046648,C0005291,119,changed_mind,21.72,0
R008139,O046673,C0005294,45,changed_mind,20.7,1
R008140,O046676,C0005294,65,size_fit,32.67,1
R008141,O046678,C0005294,99,changed_mind,12.97,1
R008142,O046682,C0005294,140,changed_mind,15.23,1
R008143,O046695,C0005295,166,other,21.92,0
R008144,O046701,C0005296,123,defective,70.86,0
R008145,O046712,C0005297,194,defective,13.57,0
R008146,O046714,C0005298,83,defective,11.4,0
R008147,O046738,C0005300,42,duplicate_order,19.16,0
R008148,O046753,C0005301,205,defective,24.7,0
R008149,O046756,C0005302,85,duplicate_order,6.63,0
R008150,O046757,C0005302,87,defective,28.05,0
R008151,O046760,C0005302,133,not_as_described,20.02,0
R008152,O046764,C0005302,171,not_as_described,25.11,0
R008153,O046765,C0005302,195,duplicate_order,19.22,0
R008154,O046768,C0005303,15,changed_mind,8.68,1
R008155,O046770,C0005303,52,changed_mind,18.17,1
R008156,O046771,C0005303,56,changed_mind,26.98,1
R008157,O046772,C0005303,58,changed_mind,83.18,1
R008158,O046773,C0005303,80,changed_mind,18.48,1
R008159,O046774,C0005303,90,changed_mind,20.86,1
R008160,O046776,C0005303,108,duplicate_order,27.71,1
R008161,O046777,C0005303,134,changed_mind,19.79,1
R008162,O046778,C0005303,150,changed_mind,40.32,1
R008163,O046779,C0005303,153,other,30.17,1
R008164,O046781,C0005303,161,changed_mind,58.73,1
R008165,O046783,C0005303,170,changed_mind,16.23,1
R008166,O046790,C0005305,22,changed_mind,10.56,1
R008167,O046791,C0005305,59,changed_mind,25.3,1
R008168,O046793,C0005305,92,defective,23.26,1
R008169,O046794,C0005305,154,duplicate_order,32.1,1
R008170,O046816,C0005308,74,changed_mind,165.23,1
R008171,O046817,C0005308,93,changed_mind,5.27,1
R008172,O046818,C0005308,98,other,37.31,1
R008173,O046819,C0005308,102,changed_mind,17.52,1
R008174,O046820,C0005308,125,size_fit,79.09,1
R008175,O046821,C0005308,146,not_as_described,32.7,1
R008176,O046823,C0005308,166,changed_mind,14.64,1
R008177,O046824,C0005308,167,changed_mind,16.56,1
R008178,O046837,C0005311,75,duplicate_order,8.92,0
R008179,O046845,C0005311,187,not_as_described,10.25,0
R008180,O046855,C0005312,153,changed_mind,46.54,0
R008181,O046861,C0005313,38,size_fit,25.02,1
R008182,O046863,C0005313,61,changed_mind,24.12,1
R008183,O046864,C0005313,73,changed_mind,41.98,1
R008184,O046865,C0005313,87,not_as_described,5.27,1
R008185,O046866,C0005313,88,changed_mind,10.74,1
R008186,O046871,C0005313,183,changed_mind,27.34,1
R008187,O046872,C0005313,198,changed_mind,40.32,1
R008188,O046882,C0005315,64,changed_mind,50.83,1
R008189,O046887,C0005315,94,changed_mind,18.17,1
R008190,O046891,C0005315,104,changed_mind,12.65,1
R008191,O046893,C0005315,105,defective,19.24,1
R008192,O046894,C0005315,113,changed_mind,20.35,1
R008193,O046895,C0005315,115,duplicate_order,19.16,1
R008194,O046896,C0005315,136,other,22.76,1
R008195,O046897,C0005315,162,changed_mind,59.8,1
R008196,O046898,C0005315,165,changed_mind,23.42,1
R008197,O046919,C0005318,143,other,12.43,0
R008198,O046921,C0005319,77,changed_mind,23.3,1
R008199,O046922,C0005319,83,changed_mind,47.64,1
R008200,O046923,C0005319,112,changed_mind,39.49,1
R008201,O046924,C0005319,118,changed_mind,15.23,1
R008202,O046927,C0005319,171,not_as_described,12.6,1
R008203,O046938,C0005321,121,changed_mind,13.56,1
R008204,O046941,C0005321,153,changed_mind,12.43,1
R008205,O046942,C0005321,166,changed_mind,12.36,1
R008206,O046944,C0005321,199,not_as_described,28.21,1
R008207,O046963,C0005323,209,other,21.9,0
R008208,O046988,C0005326,73,duplicate_order,21.62,1
R008209,O046989,C0005326,83,changed_mind,10.75,1
R008210,O046990,C0005326,118,changed_mind,38.23,1
R008211,O046994,C0005326,209,not_as_described,13.1,1
R008212,O047016,C0005329,110,defective,11.78,0
R008213,O047030,C0005332,16,changed_mind,29.66,1
R008214,O047031,C0005332,20,changed_mind,23.18,1
R008215,O047032,C0005332,40,not_as_described,33.72,1
R008216,O047033,C0005332,77,changed_mind,58.73,1
R008217,O047034,C0005332,105,changed_mind,13.66,1
R008218,O047036,C0005332,124,changed_mind,4.14,1
R008219,O047038,C0005332,149,changed_mind,14.65,1
R008220,O047039,C0005332,152,duplicate_order,12.59,1
R008221,O047050,C0005334,209,not_as_described,37.02,0
R008222,O047058,C0005335,151,not_as_described,23.18,0
R008223,O047090,C0005340,79,not_as_described,29.54,0
R008224,O047091,C0005340,80,changed_mind,30.09,0
R008225,O047092,C0005340,95,not_as_described,17.52,0
R008226,O047093,C0005340,92,duplicate_order,53.15,0
R008227,O047095,C0005340,129,defective,27.95,0
R008228,O047096,C0005340,147,other,15.23,0
R008229,O047099,C0005340,179,other,33.54,0
R008230,O047101,C0005340,205,defective,21.25,0
R008231,O047102,C0005341,68,changed_mind,24.5,1
R008232,O047106,C0005341,132,changed_mind,5.83,1
R008233,O047107,C0005341,149,duplicate_order,34.73,1
R008234,O047109,C0005341,182,changed_mind,28.15,1
R008235,O047111,C0005341,209,changed_mind,79.54,1
R008236,O047113,C0005342,61,defective,13.22,1
R008237,O047114,C0005342,70,changed_mind,31.18,1
R008238,O047116,C0005342,78,size_fit,7.94,1
R008239,O047117,C0005342,87,size_fit,43.86,1
R008240,O047118,C0005342,89,changed_mind,18.83,1
R008241,O047123,C0005343,94,changed_mind,30.04,1
R008242,O047124,C0005343,101,changed_mind,23.42,1
R008243,O047125,C0005343,104,changed_mind,17.86,1
R008244,O047126,C0005343,152,changed_mind,18.48,1
R008245,O047127,C0005343,156,changed_mind,45.94,1
R008246,O047128,C0005343,165,defective,43.88,1
R008247,O047129,C0005343,173,changed_mind,15.88,1
R008248,O047143,C0005345,111,defective,34.09,0
R008249,O047150,C0005346,108,size_fit,5.27,0
R008250,O047159,C0005347,137,defective,24.35,0
R008251,O047185,C0005350,173,duplicate_order,24.75,1
R008252,O047189,C0005351,92,changed_mind,14.39,1
R008253,O047191,C0005351,121,size_fit,37.02,1
R008254,O047193,C0005351,157,changed_mind,13.71,1
R008255,O047205,C0005353,93,duplicate_order,20.04,0
R008256,O047206,C0005353,117,size_fit,59.32,0
R008257,O047209,C0005354,106,other,23.39,0
R008258,O047213,C0005354,191,other,53.99,0
R008259,O047223,C0005356,67,changed_mind,51.92,1
R008260,O047224,C0005356,72,changed_mind,15.61,1
R008261,O047225,C0005356,75,changed_mind,39.78,1
R008262,O047227,C0005356,90,changed_mind,42.88,1
R008263,O047229,C0005356,135,changed_mind,20.04,1
R008264,O047232,C0005356,168,changed_mind,32.7,1
R008265,O047233,C0005356,181,changed_mind,83.18,1
R008266,O047235,C0005356,197,defective,52.7,1
R008267,O047241,C0005357,143,other,6.35,1
R008268,O047251,C0005359,47,size_fit,10.48,0
R008269,O047252,C0005359,124,duplicate_order,28.9,0
R008270,O047254,C0005359,155,not_as_described,14.39,0
R008271,O047258,C0005360,14,not_as_described,79.54,0
R008272,O047278,C0005362,178,other,70.86,0
R008273,O047281,C0005362,184,size_fit,40.32,0
R008274,O047311,C0005365,150,duplicate_order,31.4,0
R008275,O047314,C0005366,69,not_as_described,55.27,0
R008276,O047321,C0005367,101,duplicate_order,74.34,0
R008277,O047325,C0005367,149,other,73.86,0
R008278,O047326,C0005367,159,other,49.54,0
R008279,O047327,C0005367,149,changed_mind,9.62,0
R008280,O047331,C0005367,182,duplicate_order,40.65,0
R008281,O047332,C0005367,179,duplicate_order,12.7,0
R008282,O047340,C0005369,35,changed_mind,7.43,1
R008283,O047341,C0005369,44,other,14.01,1
R008284,O047343,C0005369,159,duplicate_order,9.31,1
R008285,O047345,C0005369,189,changed_mind,19.03,1
R008286,O047346,C0005369,198,changed_mind,35.96,1
R008287,O047354,C0005370,178,other,10.3,0
R008288,O047363,C0005371,194,size_fit,23.39,0
R008289,O047368,C0005372,128,size_fit,27.85,0
R008290,O047373,C0005372,176,other,21.06,0
R008291,O047376,C0005373,75,size_fit,21.92,0
R008292,O047385,C0005373,175,other,25.44,0
R008293,O047397,C0005375,120,size_fit,36.57,0
R008294,O047411,C0005377,88,changed_mind,21.08,1
R008295,O047412,C0005377,88,changed_mind,59.48,1
R008296,O047413,C0005377,100,changed_mind,23.26,1
R008297,O047428,C0005378,167,defective,34.76,0
R008298,O047429,C0005378,200,not_as_described,30.08,0
R008299,O047437,C0005379,209,duplicate_order,21.08,0
R008300,O047441,C0005380,44,other,47.64,1
R008301,O047442,C0005380,51,changed_mind,30.08,1
R008302,O047443,C0005380,73,not_as_described,18.17,1
R008303,O047444,C0005380,77,changed_mind,17.52,1
R008304,O047445,C0005380,75,other,20.66,1
R008305,O047446,C0005380,94,duplicate_order,32.07,1
R008306,O047448,C0005380,139,changed_mind,40.56,1
R008307,O047449,C0005380,152,changed_mind,32.62,1
R008308,O047451,C0005380,162,other,14.39,1
R008309,O047452,C0005380,163,changed_mind,31.57,1
R008310,O047463,C0005381,209,duplicate_order,15.23,0
R008311,O047478,C0005382,209,changed_mind,16.89,0
R008312,O047481,C0005383,93,changed_mind,12.43,1
R008313,O047482,C0005383,102,changed_mind,28.74,1
R008314,O047483,C0005383,136,defective,24.99,1
R008315,O047484,C0005383,144,changed_mind,33.54,1
R008316,O047487,C0005383,190,duplicate_order,29.12,1
R008317,O047488,C0005383,209,changed_mind,30.25,1
R008318,O047518,C0005388,73,duplicate_order,39.78,1
R008319,O047520,C0005388,85,changed_mind,14.84,1
R008320,O047521,C0005388,91,size_fit,24.5,1
R008321,O047527,C0005389,141,changed_mind,15.88,0
R008322,O047558,C0005393,55,defective,45.94,0
R008323,O047575,C0005394,141,duplicate_order,24.7,0
R008324,O047585,C0005395,34,changed_mind,16.57,1
R008325,O047586,C0005395,38,changed_mind,17.94,1
R008326,O047587,C0005395,111,changed_mind,14.64,1
R008327,O047588,C0005395,116,changed_mind,10.74,1
R008328,O047595,C0005395,201,size_fit,8.68,1
R008329,O047605,C0005397,131,defective,53.99,0
R008330,O047608,C0005397,160,duplicate_order,13.57,0
R008331,O047610,C0005397,196,defective,33.94,0
R008332,O047612,C0005397,209,size_fit,6.35,0
R008333,O047625,C0005399,113,duplicate_order,24.7,0
R008334,O047631,C0005400,72,defective,27.61,0
R008335,O047632,C0005400,88,other,21.71,0
R008336,O047633,C0005400,82,size_fit,12.26,0
R008337,O047634,C0005400,89,other,33.72,0
R008338,O047636,C0005400,176,duplicate_order,19.22,0
R008339,O047637,C0005400,186,defective,7.67,0
R008340,O047668,C0005404,87,changed_mind,14.65,1
R008341,O047669,C0005404,87,changed_mind,18.17,1
R008342,O047677,C0005404,170,not_as_described,33.88,1
R008343,O047678,C0005404,209,size_fit,67.3,1
R008344,O047697,C0005408,64,defective,9.77,0
R008345,O047700,C0005408,84,not_as_described,39.49,0
R008346,O047726,C0005411,81,changed_mind,16.91,1
R008347,O047727,C0005411,82,changed_mind,18.17,1
R008348,O047728,C0005411,99,changed_mind,27.61,1
R008349,O047729,C0005411,129,not_as_described,19.13,1
R008350,O047730,C0005411,132,defective,13.83,1
R008351,O047731,C0005411,144,other,39.23,1
R008352,O047733,C0005411,209,size_fit,11.11,1
R008353,O047750,C0005414,76,changed_mind,6.35,1
R008354,O047753,C0005414,121,size_fit,19.22,1
R008355,O047755,C0005414,132,other,8.92,1
R008356,O047765,C0005415,176,not_as_described,22.76,0
R008357,O047771,C0005416,168,other,17.86,0
R008358,O047794,C0005420,92,changed_mind,13.22,1
R008359,O047795,C0005420,103,changed_mind,9.45,1
R008360,O047796,C0005420,104,size_fit,17.56,1
R008361,O047797,C0005420,106,changed_mind,24.96,1
R008362,O047798,C0005420,111,changed_mind,40.05,1
R008363,O047823,C0005422,166,size_fit,9.99,0
R008364,O047832,C0005424,83,changed_mind,16.18,1
R008365,O047833,C0005424,87,changed_mind,32.02,1
R008366,O047834,C0005424,109,changed_mind,20.5,1
R008367,O047835,C0005424,110,changed_mind,24.01,1
R008368,O047837,C0005424,132,changed_mind,7.43,1
R008369,O047839,C0005424,166,not_as_described,30.08,1
R008370,O047840,C0005424,185,size_fit,28.05,1
R008371,O047841,C0005424,189,changed_mind,15.68,1
R008372,O047850,C0005425,209,duplicate_order,13.56,0
R008373,O047853,C0005426,90,not_as_described,21.07,1
R008374,O047855,C0005426,96,changed_mind,32.72,1
R008375,O047856,C0005426,104,other,17.21,1
R008376,O047857,C0005426,126,changed_mind,20.08,1
R008377,O047859,C0005426,207,changed_mind,24.5,1
R008378,O047877,C0005428,209,other,19.36,0
R008379,O047878,C0005429,62,not_as_described,28.36,1
R008380,O047879,C0005429,69,not_as_described,15.68,1
R008381,O047880,C0005429,76,changed_mind,34.09,1
R008382,O047881,C0005429,87,changed_mind,6.35,1
R008383,O047884,C0005429,139,changed_mind,25.48,1
R008384,O047885,C0005429,163,not_as_described,15.68,1
R008385,O047886,C0005429,171,size_fit,14.01,1
R008386,O047887,C0005429,179,changed_mind,62.61,1
R008387,O047888,C0005429,193,changed_mind,15.88,1
R008388,O047890,C0005429,198,not_as_described,20.66,1
R008389,O047898,C0005430,112,changed_mind,18.74,0
R008390,O047906,C0005431,150,duplicate_order,9.38,0
R008391,O047907,C0005431,144,duplicate_order,33.94,0
R008392,O047911,C0005432,74,changed_mind,12.89,1
R008393,O047915,C0005432,138,size_fit,41.05,1
R008394,O047918,C0005432,172,not_as_described,42.88,1
R008395,O047919,C0005432,198,defective,10.33,1
R008396,O047928,C0005434,101,not_as_described,33.72,0
R008397,O047946,C0005436,175,changed_mind,14.64,0
R008398,O047957,C0005438,197,not_as_described,60.28,0
R008399,O047970,C0005440,80,changed_mind,10.33,1
R008400,O047971,C0005440,83,changed_mind,28.15,1
R008401,O047972,C0005440,89,changed_mind,165.23,1
R008402,O047974,C0005440,113,changed_mind,31.45,1
R008403,O047975,C0005440,176,duplicate_order,33.72,1
R008404,O047991,C0005443,195,defective,76.94,0
R008405,O047994,C0005444,40,defective,33.54,1
R008406,O047995,C0005444,46,changed_mind,13.3,1
R008407,O047997,C0005444,82,changed_mind,35.96,1
R008408,O047998,C0005444,101,changed_mind,18.48,1
R008409,O047999,C0005444,123,duplicate_order,18.35,1
R008410,O048011,C0005446,95,other,22.4,1
R008411,O048014,C0005446,110,other,24.01,1
R008412,O048017,C0005446,174,changed_mind,8.68,1
R008413,O048018,C0005446,174,other,26.65,1
R008414,O048019,C0005446,194,changed_mind,27.4,1
R008415,O048031,C0005447,204,size_fit,9.99,0
R008416,O048048,C0005449,110,defective,12.22,1
R008417,O048052,C0005449,158,not_as_described,35.86,1
R008418,O048054,C0005449,163,not_as_described,19.17,1
R008419,O048060,C0005450,87,changed_mind,15.61,1
R008420,O048061,C0005450,104,changed_mind,20.02,1
R008421,O048062,C0005450,108,changed_mind,34.09,1
R008422,O048064,C0005450,113,changed_mind,11.11,1
R008423,O048065,C0005450,133,changed_mind,20.7,1
R008424,O048066,C0005450,139,changed_mind,34.76,1
R008425,O048069,C0005450,184,changed_mind,15.06,1
R008426,O048072,C0005450,194,changed_mind,15.23,1
R008427,O048090,C0005453,75,other,59.89,0
R008428,O048099,C0005454,83,not_as_described,12.7,0
R008429,O048108,C0005455,91,other,20.82,1
R008430,O048109,C0005455,102,changed_mind,37.37,1
R008431,O048110,C0005455,109,changed_mind,15.23,1
R008432,O048111,C0005455,130,changed_mind,59.32,1
R008433,O048112,C0005455,155,changed_mind,24.99,1
R008434,O048114,C0005456,46,defective,45.94,1
R008435,O048115,C0005456,72,changed_mind,10.15,1
R008436,O048117,C0005456,93,size_fit,30.17,1
R008437,O048119,C0005456,129,duplicate_order,28.13,1
R008438,O048120,C0005456,182,other,20.95,1
R008439,O048159,C0005461,69,defective,28.13,0
R008440,O048167,C0005461,164,not_as_described,38.88,0
R008441,O048172,C0005463,209,not_as_described,35.57,0
R008442,O048190,C0005465,108,changed_mind,24.7,1
R008443,O048192,C0005465,119,changed_mind,20.86,1
R008444,O048228,C0005469,82,not_as_described,75.89,0
R008445,O048232,C0005469,163,other,62.73,0
R008446,O048236,C0005470,98,not_as_described,34.09,0
R008447,O048245,C0005470,209,other,20.7,0
R008448,O048246,C0005471,14,defective,13.39,0
R008449,O048260,C0005472,83,size_fit,12.91,0
R008450,O048268,C0005472,209,other,15.63,0
R008451,O048278,C0005473,209,size_fit,15.64,0
R008452,O048280,C0005474,108,changed_mind,9.99,1
R008453,O048282,C0005474,149,changed_mind,44.0,1
R008454,O048283,C0005474,164,changed_mind,52.7,1
R008455,O048284,C0005474,182,changed_mind,30.08,1
R008456,O048286,C0005474,206,changed_mind,28.25,1
R008457,O048287,C0005475,119,defective,8.46,0
R008458,O048307,C0005477,186,not_as_described,8.89,0
R008459,O048309,C0005478,97,changed_mind,11.4,1
R008460,O048310,C0005478,103,changed_mind,19.22,1
R008461,O048311,C0005478,112,changed_mind,6.35,1
R008462,O048313,C0005478,129,changed_mind,45.94,1
R008463,O048314,C0005478,132,defective,19.48,1
R008464,O048315,C0005478,138,changed_mind,21.06,1
R008465,O048316,C0005478,139,changed_mind,40.56,1
R008466,O048317,C0005478,147,changed_mind,20.82,1
R008467,O048318,C0005478,163,changed_mind,58.13,1
R008468,O048319,C0005478,170,changed_mind,12.36,1
R008469,O048325,C0005479,138,changed_mind,6.63,0
R008470,O048334,C0005480,147,changed_mind,31.84,1
R008471,O048338,C0005480,183,changed_mind,26.09,1
R008472,O048339,C0005481,58,not_as_described,17.17,0
R008473,O048379,C0005485,154,size_fit,15.12,0
R008474,O048391,C0005486,190,defective,19.98,0
R008475,O048393,C0005486,209,defective,43.01,0
R008476,O048418,C0005490,167,other,20.29,0
R008477,O048421,C0005491,96,duplicate_order,21.92,0
R008478,O048426,C0005491,180,duplicate_order,25.44,0
R008479,O048429,C0005492,129,size_fit,14.61,0
R008480,O048435,C0005493,81,not_as_described,15.23,1
R008481,O048436,C0005493,106,duplicate_order,7.94,1
R008482,O048437,C0005493,128,changed_mind,26.09,1
R008483,O048440,C0005493,169,other,38.03,1
R008484,O048443,C0005493,178,changed_mind,18.32,1
R008485,O048444,C0005493,208,changed_mind,8.46,1
R008486,O048447,C0005494,153,other,16.89,0
R008487,O048449,C0005495,74,changed_mind,21.48,1
R008488,O048450,C0005495,82,changed_mind,27.4,1
R008489,O048451,C0005495,102,changed_mind,44.59,1
R008490,O048452,C0005495,121,other,12.91,1
R008491,O048454,C0005495,164,changed_mind,74.34,1
R008492,O048455,C0005495,169,changed_mind,20.29,1
R008493,O048456,C0005495,184,changed_mind,28.25,1
R008494,O048471,C0005497,98,size_fit,15.23,0
R008495,O048482,C0005498,149,other,28.55,1
R008496,O048484,C0005498,162,not_as_described,22.37,1
R008497,O048485,C0005498,175,other,42.82,1
R008498,O048487,C0005498,196,not_as_described,18.35,1
R008499,O048492,C0005499,190,duplicate_order,28.21,0
R008500,O048494,C0005499,209,not_as_described,14.64,0
R008501,O048496,C0005500,76,size_fit,25.79,0
R008502,O048500,C0005500,129,not_as_described,11.11,0
R008503,O048504,C0005500,162,not_as_described,18.17,0
R008504,O048511,C0005501,124,defective,10.25,0
R008505,O048514,C0005501,152,other,59.8,0
R008506,O048525,C0005503,111,other,62.61,0
R008507,O048532,C0005504,123,size_fit,35.86,0
R008508,O048535,C0005504,177,duplicate_order,59.32,0
R008509,O048550,C0005507,84,duplicate_order,10.7,0
R008510,O048551,C0005507,146,other,22.76,0
R008511,O048556,C0005508,101,duplicate_order,21.69,0
R008512,O048564,C0005509,167,changed_mind,61.65,0
R008513,O048578,C0005512,61,defective,13.39,0
R008514,O048582,C0005512,94,not_as_described,13.39,0
R008515,O048588,C0005512,166,duplicate_order,58.29,0
R008516,O048590,C0005512,170,duplicate_order,75.89,0
R008517,O048591,C0005512,184,other,20.35,0
R008518,O048621,C0005515,176,other,21.08,0
R008519,O048629,C0005516,78,changed_mind,28.74,1
R008520,O048630,C0005516,110,changed_mind,6.2,1
R008521,O048642,C0005517,130,defective,15.23,0
R008522,O048653,C0005518,139,defective,34.09,0
R008523,O048665,C0005519,202,defective,25.02,0
R008524,O048667,C0005520,27,changed_mind,14.01,1
R008525,O048670,C0005520,67,changed_mind,19.79,1
R008526,O048671,C0005520,103,changed_mind,48.43,1
R008527,O048673,C0005520,156,changed_mind,17.21,1
R008528,O048675,C0005520,195,changed_mind,40.65,1
R008529,O048689,C0005522,190,not_as_described,21.19,0
R008530,O048700,C0005524,81,not_as_described,39.78,0
R008531,O048704,C0005524,157,not_as_described,50.41,0
R008532,O048711,C0005525,82,changed_mind,32.07,1
R008533,O048712,C0005525,103,changed_mind,29.18,1
R008534,O048741,C0005529,89,not_as_described,21.38,1
R008535,O048743,C0005529,101,not_as_described,18.32,1
R008536,O048745,C0005529,119,other,27.4,1
R008537,O048746,C0005529,148,changed_mind,8.89,1
R008538,O048747,C0005529,170,changed_mind,9.99,1
R008539,O048748,C0005529,174,not_as_described,6.1,1
R008540,O048749,C0005529,174,changed_mind,22.55,1
R008541,O048750,C0005529,182,changed_mind,23.55,1
R008542,O048751,C0005529,187,changed_mind,10.75,1
R008543,O048752,C0005529,194,other,8.89,1
R008544,O048753,C0005529,207,duplicate_order,28.55,1
R008545,O048760,C0005531,114,changed_mind,31.45,1
R008546,O048763,C0005531,146,changed_mind,18.89,1
R008547,O048770,C0005532,155,not_as_described,31.85,0
R008548,O048813,C0005537,182,other,22.54,0
R008549,O048815,C0005537,190,duplicate_order,30.88,0
R008550,O048819,C0005538,88,other,19.36,0
R008551,O048820,C0005538,93,changed_mind,26.35,0
R008552,O048831,C0005539,209,changed_mind,30.91,0
R008553,O048867,C0005542,209,changed_mind,26.35,0
R008554,O048870,C0005543,115,not_as_described,86.13,0
R008555,O048885,C0005545,108,duplicate_order,23.31,0
R008556,O048887,C0005545,145,duplicate_order,55.83,0
R008557,O048908,C0005548,71,changed_mind,17.94,0
R008558,O048929,C0005550,40,other,21.03,0
R008559,O048956,C0005552,100,changed_mind,19.48,1
R008560,O048957,C0005552,111,changed_mind,28.55,1
R008561,O048958,C0005552,150,changed_mind,39.78,1
R008562,O048959,C0005552,164,changed_mind,34.73,1
R008563,O048960,C0005552,164,other,37.32,1
R008564,O048961,C0005552,196,changed_mind,23.39,1
R008565,O048968,C0005554,40,not_as_described,40.32,0
R008566,O048999,C0005557,120,duplicate_order,24.01,0
R008567,O049005,C0005558,176,defective,17.94,0
R008568,O049014,C0005559,68,not_as_described,63.27,0
R008569,O049022,C0005559,147,other,40.57,0
R008570,O049030,C0005561,106,size_fit,30.91,0
R008571,O049037,C0005561,162,other,18.35,0
R008572,O049062,C0005564,204,size_fit,32.7,0
R008573,O049070,C0005565,171,other,18.32,0
R008574,O049089,C0005567,112,changed_mind,21.74,1
R008575,O049091,C0005567,122,changed_mind,35.57,1
R008576,O049094,C0005567,184,changed_mind,17.86,1
R008577,O049095,C0005567,188,size_fit,40.32,1
R008578,O049096,C0005567,189,not_as_described,13.57,1
R008579,O049104,C0005568,129,not_as_described,25.44,0
R008580,O049106,C0005568,141,size_fit,21.92,0
R008581,O049107,C0005568,143,changed_mind,21.92,0
R008582,O049113,C0005568,187,size_fit,25.44,0
R008583,O049119,C0005569,79,not_as_described,27.34,0
R008584,O049120,C0005569,155,other,4.14,0
R008585,O049122,C0005569,179,defective,21.72,0
R008586,O049124,C0005570,63,changed_mind,16.57,1
R008587,O049125,C0005570,78,changed_mind,24.01,1
R008588,O049126,C0005570,98,not_as_described,23.31,1
R008589,O049127,C0005570,119,changed_mind,34.76,1
R008590,O049128,C0005570,118,defective,30.88,1
R008591,O049135,C0005570,209,size_fit,14.7,1
R008592,O049147,C0005572,112,not_as_described,11.76,0
R008593,O049174,C0005575,209,other,45.94,0
R008594,O049176,C0005576,59,duplicate_order,55.27,0
R008595,O049179,C0005576,124,size_fit,24.96,0
R008596,O049191,C0005578,82,changed_mind,15.06,0
R008597,O049199,C0005578,209,defective,59.89,0
R008598,O049217,C0005581,114,defective,15.52,0
R008599,O049221,C0005581,209,size_fit,24.5,0
R008600,O049222,C0005582,37,changed_mind,25.79,1
R008601,O049223,C0005582,41,changed_mind,10.48,1
R008602,O049225,C0005582,45,changed_mind,23.18,1
R008603,O049230,C0005582,81,changed_mind,28.55,1
R008604,O049249,C0005584,75,changed_mind,17.86,1
R008605,O049251,C0005584,78,changed_mind,13.57,1
R008606,O049252,C0005584,78,not_as_described,23.39,1
R008607,O049254,C0005584,97,changed_mind,28.05,1
R008608,O049259,C0005584,164,defective,28.59,1
R008609,O049261,C0005585,102,size_fit,25.48,0
R008610,O049281,C0005587,68,changed_mind,23.39,0
R008611,O049286,C0005587,151,size_fit,13.22,0
R008612,O049287,C0005587,161,not_as_described,32.72,0
R008613,O049289,C0005587,180,duplicate_order,10.33,0
R008614,O049302,C0005589,209,changed_mind,35.57,0
R008615,O049304,C0005590,89,changed_mind,40.57,1
R008616,O049306,C0005590,124,changed_mind,23.06,1
R008617,O049307,C0005590,127,not_as_described,29.96,1
R008618,O049308,C0005590,164,duplicate_order,15.23,1
R008619,O049309,C0005590,170,duplicate_order,29.12,1
R008620,O049310,C0005590,173,defective,19.63,1
R008621,O049323,C0005592,96,not_as_described,14.84,0
R008622,O049329,C0005592,145,not_as_described,28.25,0
R008623,O049344,C0005594,209,defective,17.86,0
R008624,O049353,C0005595,149,changed_mind,10.3,0
R008625,O049362,C0005596,62,duplicate_order,17.25,1
R008626,O049364,C0005596,103,changed_mind,23.3,1
R008627,O049375,C0005597,123,defective,33.72,0
R008628,O049393,C0005599,180,not_as_described,76.94,0
R008629,O049406,C0005602,104,changed_mind,33.54,1
R008630,O049408,C0005602,111,changed_mind,9.31,1
R008631,O049411,C0005602,163,changed_mind,40.05,1
R008632,O049412,C0005602,171,size_fit,25.33,1
R008633,O049413,C0005602,173,changed_mind,55.27,1
R008634,O049429,C0005604,150,other,15.99,1
R008635,O049441,C0005605,126,duplicate_order,16.16,0
R008636,O049444,C0005605,183,not_as_described,22.55,0
R008637,O049455,C0005606,148,not_as_described,7.67,0
R008638,O049459,C0005606,203,size_fit,27.85,0
R008639,O049469,C0005608,157,other,40.57,0
R008640,O049473,C0005609,112,changed_mind,22.4,0
R008641,O049489,C0005611,126,duplicate_order,60.28,0
R008642,O049497,C0005612,102,changed_mind,32.09,1
R008643,O049498,C0005612,109,changed_mind,14.7,1
R008644,O049499,C0005612,119,not_as_described,27.4,1
R008645,O049502,C0005612,161,not_as_described,39.12,1
R008646,O049503,C0005612,163,size_fit,23.3,1
R008647,O049505,C0005613,30,changed_mind,26.21,1
R008648,O049507,C0005613,48,defective,21.38,1
R008649,O049508,C0005613,58,defective,15.37,1
R008650,O049509,C0005613,59,changed_mind,19.22,1
R008651,O049510,C0005613,59,changed_mind,71.6,1
R008652,O049511,C0005613,61,changed_mind,32.02,1
R008653,O049512,C0005613,63,changed_mind,8.68,1
R008654,O049513,C0005613,85,not_as_described,12.14,1
R008655,O049515,C0005613,106,duplicate_order,37.32,1
R008656,O049517,C0005613,142,size_fit,29.96,1
R008657,O049528,C0005615,72,other,58.73,0
R008658,O049530,C0005615,88,changed_mind,26.72,0
R008659,O049532,C0005615,101,not_as_described,27.27,0
R008660,O049534,C0005615,148,other,22.03,0
R008661,O049535,C0005615,151,duplicate_order,5.27,0
R008662,O049536,C0005615,149,defective,18.63,0
R008663,O049537,C0005615,167,size_fit,16.89,0
R008664,O049538,C0005615,184,other,83.18,0
R008665,O049546,C0005616,142,changed_mind,27.05,0
R008666,O049549,C0005616,184,other,9.31,0
R008667,O049555,C0005617,36,not_as_described,14.39,0
R008668,O049562,C0005617,159,not_as_described,63.27,0
R008669,O049567,C0005617,209,other,22.54,0
R008670,O049570,C0005618,85,size_fit,18.17,0
R008671,O049576,C0005618,209,duplicate_order,37.37,0
R008672,O049578,C0005619,92,defective,23.3,0
R008673,O049579,C0005619,100,duplicate_order,14.94,0
R008674,O049583,C0005619,185,not_as_described,21.71,0
R008675,O049598,C0005621,122,other,75.89,0
R008676,O049614,C0005622,208,duplicate_order,29.18,0
R008677,O049629,C0005624,115,other,12.97,1
R008678,O049636,C0005624,200,duplicate_order,19.22,1
R008679,O049637,C0005624,204,duplicate_order,14.56,1
R008680,O049656,C0005627,120,not_as_described,20.82,0
R008681,O049661,C0005628,158,defective,40.56,0
R008682,O049675,C0005630,166,changed_mind,53.15,0
R008683,O049699,C0005634,126,other,15.99,0
R008684,O049706,C0005634,197,duplicate_order,25.33,0
R008685,O049715,C0005635,209,changed_mind,28.96,0
R008686,O049732,C0005637,209,defective,27.61,0
R008687,O049733,C0005638,74,not_as_described,23.42,0
R008688,O049791,C0005645,126,changed_mind,17.25,0
R008689,O049798,C0005646,98,size_fit,16.89,1
R008690,O049799,C0005646,97,changed_mind,29.0,1
R008691,O049802,C0005646,134,other,40.05,1
R008692,O049803,C0005646,167,changed_mind,19.67,1
R008693,O049804,C0005646,169,not_as_described,17.17,1
R008694,O049805,C0005646,180,changed_mind,19.36,1
R008695,O049806,C0005646,181,changed_mind,26.98,1
R008696,O049808,C0005646,192,other,17.42,1
R008697,O049810,C0005647,58,defective,59.8,1
R008698,O049813,C0005647,85,changed_mind,23.06,1
R008699,O049814,C0005647,93,changed_mind,12.7,1
R008700,O049815,C0005647,108,changed_mind,24.51,1
R008701,O049816,C0005647,110,changed_mind,33.72,1
R008702,O049823,C0005648,78,changed_mind,18.48,1
R008703,O049824,C0005648,80,changed_mind,14.84,1
R008704,O049828,C0005648,114,changed_mind,31.45,1
R008705,O049830,C0005648,141,size_fit,18.17,1
R008706,O049831,C0005648,183,defective,25.79,1
R008707,O049847,C0005650,128,duplicate_order,33.72,0
R008708,O049864,C0005652,126,defective,46.54,0
R008709,O049875,C0005654,98,other,21.07,0
R008710,O049889,C0005655,183,size_fit,13.66,0
R008711,O049919,C0005659,95,changed_mind,34.09,1
R008712,O049921,C0005659,109,other,22.76,1
R008713,O049923,C0005659,177,changed_mind,24.55,1
R008714,O049929,C0005660,203,other,32.67,0
R008715,O049937,C0005662,93,changed_mind,18.17,1
R008716,O049938,C0005662,139,other,10.33,1
R008717,O049962,C0005666,97,size_fit,63.27,0
R008718,O049977,C0005668,44,defective,28.2,1
R008719,O049978,C0005668,79,not_as_described,21.38,1
R008720,O049979,C0005668,95,other,18.64,1
R008721,O049980,C0005668,131,changed_mind,27.27,1
R008722,O049985,C0005669,108,size_fit,28.9,0
R008723,O049986,C0005669,115,other,29.58,0
R008724,O049988,C0005669,130,duplicate_order,23.27,0
R008725,O049989,C0005669,147,changed_mind,17.86,0
R008726,O049990,C0005669,175,changed_mind,27.05,0
R008727,O049991,C0005669,176,defective,27.95,0
R008728,O049994,C0005669,209,not_as_described,28.36,0
R008729,O049996,C0005670,11,defective,73.86,1
R008730,O049997,C0005670,59,changed_mind,10.3,1
R008731,O049998,C0005670,86,changed_mind,70.86,1
R008732,O050000,C0005670,180,changed_mind,17.21,1
R008733,O050002,C0005671,32,defective,74.34,1
R008734,O050003,C0005671,33,defective,10.48,1
R008735,O050004,C0005671,55,changed_mind,15.46,1
R008736,O050005,C0005671,62,duplicate_order,29.0,1
R008737,O050008,C0005671,167,not_as_described,43.86,1
R008738,O050019,C0005672,86,size_fit,28.55,0
R008739,O050025,C0005672,158,changed_mind,30.91,0
R008740,O050029,C0005673,75,size_fit,32.27,0
R008741,O050030,C0005673,83,duplicate_order,23.56,0
R008742,O050033,C0005673,115,not_as_described,40.22,0
R008743,O050036,C0005673,126,size_fit,30.88,0
R008744,O050037,C0005673,137,changed_mind,23.16,0
R008745,O050038,C0005673,143,not_as_described,38.86,0
R008746,O050049,C0005675,76,duplicate_order,30.25,0
R008747,O050054,C0005676,55,not_as_described,20.08,0
R008748,O050062,C0005676,179,duplicate_order,27.71,0
R008749,O050063,C0005676,197,size_fit,43.88,0
R008750,O050065,C0005676,209,duplicate_order,39.78,0
R008751,O050074,C0005678,62,changed_mind,12.22,1
R008752,O050076,C0005678,79,not_as_described,35.96,1
R008753,O050079,C0005678,124,changed_mind,18.64,1
R008754,O050080,C0005678,140,other,53.52,1
R008755,O050081,C0005678,154,changed_mind,32.02,1
R008756,O050085,C0005679,82,defective,46.54,0
R008757,O050086,C0005679,100,size_fit,25.11,0
R008758,O050122,C0005683,188,not_as_described,31.57,0
R008759,O050123,C0005683,205,size_fit,10.25,0
R008760,O050124,C0005684,61,not_as_described,8.92,0
R008761,O050125,C0005684,81,not_as_described,79.54,0
R008762,O050127,C0005684,107,not_as_described,24.12,0
R008763,O050132,C0005684,187,duplicate_order,12.14,0
R008764,O050143,C0005685,179,size_fit,10.25,0
R008765,O050150,C0005686,112,not_as_described,33.54,0
R008766,O050174,C0005689,174,not_as_described,16.23,0
R008767,O050177,C0005689,197,defective,13.22,0
R008768,O050178,C0005690,26,changed_mind,15.23,1
R008769,O050180,C0005690,50,changed_mind,18.48,1
R008770,O050181,C0005690,56,not_as_described,30.09,1
R008771,O050183,C0005690,98,changed_mind,15.62,1
R008772,O050184,C0005690,107,duplicate_order,79.09,1
R008773,O050197,C0005692,107,changed_mind,88.02,1
R008774,O050199,C0005692,113,changed_mind,24.99,1
R008775,O050201,C0005692,146,other,16.16,1
R008776,O050203,C0005692,196,defective,7.43,1
R008777,O050211,C0005693,143,defective,31.84,0
R008778,O050213,C0005693,190,other,34.76,0
R008779,O050218,C0005694,94,changed_mind,38.23,0
R008780,O050224,C0005694,184,not_as_described,23.26,0
R008781,O050242,C0005696,195,not_as_described,16.89,0
R008782,O050258,C0005698,139,other,21.62,0
R008783,O050261,C0005698,199,changed_mind,6.1,0
R008784,O050262,C0005698,209,duplicate_order,40.65,0
R008785,O050263,C0005699,81,changed_mind,48.39,1
R008786,O050264,C0005699,93,changed_mind,12.43,1
R008787,O050272,C0005699,182,size_fit,50.41,1
R008788,O050278,C0005700,145,not_as_described,39.78,0
R008789,O050307,C0005703,53,duplicate_order,31.85,0
R008790,O050310,C0005703,137,other,21.48,0
R008791,O050311,C0005703,198,changed_mind,21.87,0
R008792,O050314,C0005704,178,size_fit,26.98,0
R008793,O050315,C0005704,184,size_fit,38.46,0
R008794,O050316,C0005705,56,not_as_described,41.05,0
R008795,O050332,C0005707,138,other,15.06,0
R008796,O050335,C0005708,79,not_as_described,30.88,0
R008797,O050337,C0005708,137,other,13.57,0
R008798,O050339,C0005708,151,size_fit,79.09,0
R008799,O050340,C0005708,167,other,47.64,0
R008800,O050342,C0005708,164,other,28.21,0
R008801,O050345,C0005709,59,size_fit,47.6,0
R008802,O050349,C0005709,135,changed_mind,33.72,0
R008803,O050355,C0005709,208,defective,6.63,0
R008804,O050360,C0005710,73,other,14.84,0
R008805,O050384,C0005711,198,defective,21.92,0
R008806,O050389,C0005712,99,changed_mind,27.61,1
R008807,O050391,C0005712,107,changed_mind,23.18,1
R008808,O050393,C0005712,129,changed_mind,24.51,1
R008809,O050394,C0005712,133,changed_mind,31.4,1
R008810,O050396,C0005712,155,changed_mind,15.12,1
R008811,O050397,C0005712,186,changed_mind,23.18,1
R008812,O050406,C0005714,61,not_as_described,35.25,1
R008813,O050407,C0005714,82,changed_mind,19.03,1
R008814,O050408,C0005714,88,changed_mind,14.98,1
R008815,O050409,C0005714,92,changed_mind,30.09,1
R008816,O050413,C0005714,176,duplicate_order,28.96,1
R008817,O050415,C0005714,199,defective,15.37,1
R008818,O050425,C0005715,202,size_fit,9.99,0
R008819,O050434,C0005717,102,other,19.63,0
R008820,O050437,C0005717,134,changed_mind,40.98,0
R008821,O050441,C0005717,203,defective,13.3,0
R008822,O050470,C0005720,120,changed_mind,15.64,0
R008823,O050480,C0005721,196,defective,32.07,0
R008824,O050483,C0005722,52,changed_mind,34.76,1
R008825,O050485,C0005722,57,changed_mind,57.77,1
R008826,O050488,C0005722,87,changed_mind,44.59,1
R008827,O050490,C0005722,108,changed_mind,17.94,1
R008828,O050499,C0005723,121,duplicate_order,20.66,0
R008829,O050525,C0005726,81,not_as_described,27.05,0
R008830,O050534,C0005727,118,duplicate_order,23.2,0
R008831,O050539,C0005727,167,changed_mind,53.15,0
R008832,O050542,C0005727,205,duplicate_order,44.59,0
R008833,O050543,C0005727,209,other,9.38,0
R008834,O050547,C0005728,164,not_as_described,10.8,0
R008835,O050554,C0005729,180,defective,21.62,0
R008836,O050555,C0005729,179,other,6.35,0
R008837,O050556,C0005729,194,defective,21.24,0
R008838,O050570,C0005731,133,size_fit,35.96,0
R008839,O050572,C0005731,179,duplicate_order,53.52,0
R008840,O050573,C0005731,185,changed_mind,15.88,0
R008841,O050578,C0005732,101,duplicate_order,23.18,0
R008842,O050587,C0005732,209,defective,13.66,0
R008843,O050604,C0005734,143,not_as_described,20.35,0
R008844,O050606,C0005734,178,other,15.06,0
R008845,O050617,C0005735,209,other,32.67,0
R008846,O050621,C0005736,77,changed_mind,30.17,1
R008847,O050622,C0005736,111,changed_mind,19.03,1
R008848,O050626,C0005736,207,not_as_described,16.89,1
R008849,O050627,C0005736,209,not_as_described,18.32,1
R008850,O050630,C0005737,128,size_fit,10.48,0
R008851,O050638,C0005737,187,duplicate_order,26.65,0
R008852,O050639,C0005737,199,changed_mind,47.6,0
R008853,O050651,C0005739,160,not_as_described,62.73,1
R008854,O050652,C0005739,163,duplicate_order,18.64,1
R008855,O050653,C0005739,187,changed_mind,19.48,1
R008856,O050683,C0005742,112,not_as_described,8.92,0
R008857,O050688,C0005743,56,changed_mind,5.47,1
R008858,O050691,C0005743,178,duplicate_order,15.52,1
R008859,O050694,C0005744,47,changed_mind,24.96,1
R008860,O050696,C0005744,101,changed_mind,15.23,1
R008861,O050697,C0005744,118,changed_mind,23.31,1
R008862,O050698,C0005744,128,other,30.01,1
R008863,O050702,C0005744,193,changed_mind,20.82,1
R008864,O050703,C0005744,205,duplicate_order,14.56,1
R008865,O050724,C0005746,166,not_as_described,62.73,0
R008866,O050737,C0005748,137,changed_mind,10.8,0
R008867,O050770,C0005753,96,not_as_described,18.18,0
R008868,O050778,C0005753,195,size_fit,31.57,0
R008869,O050790,C0005755,85,changed_mind,15.61,1
R008870,O050793,C0005755,113,changed_mind,58.29,1
R008871,O050797,C0005755,158,defective,22.31,1
R008872,O050799,C0005755,177,defective,26.65,1
R008873,O050803,C0005755,194,size_fit,29.12,1
R008874,O050807,C0005756,101,duplicate_order,17.95,0
R008875,O050813,C0005757,125,defective,7.81,0
R008876,O050816,C0005757,185,size_fit,15.23,0
R008877,O050821,C0005758,7,changed_mind,27.71,1
R008878,O050823,C0005758,131,changed_mind,10.75,1
R008879,O050835,C0005759,169,not_as_described,31.93,0
R008880,O050844,C0005761,82,defective,13.56,1
R008881,O050845,C0005761,101,duplicate_order,27.27,1
R008882,O050848,C0005762,104,other,37.32,0
R008883,O050855,C0005763,176,size_fit,24.7,0
R008884,O050859,C0005764,40,changed_mind,60.28,1
R008885,O050860,C0005764,48,changed_mind,70.86,1
R008886,O050861,C0005764,52,changed_mind,31.85,1
R008887,O050867,C0005764,209,other,21.71,1
R008888,O050868,C0005765,36,defective,24.7,0
R008889,O050877,C0005765,199,not_as_described,14.01,0
R008890,O050883,C0005766,187,defective,25.44,0
R008891,O050888,C0005767,91,defective,40.32,1
R008892,O050890,C0005767,150,other,11.76,1
R008893,O050891,C0005767,163,changed_mind,14.64,1
R008894,O050896,C0005769,105,changed_mind,25.44,1
R008895,O050899,C0005769,128,changed_mind,23.3,1
R008896,O050901,C0005769,154,size_fit,19.22,1
R008897,O050902,C0005769,155,changed_mind,21.25,1
R008898,O050905,C0005769,172,duplicate_order,19.79,1
R008899,O050907,C0005769,200,changed_mind,20.82,1
R008900,O050908,C0005769,204,changed_mind,6.63,1
R008901,O050916,C0005771,133,not_as_described,23.55,0
R008902,O050926,C0005773,51,duplicate_order,9.45,0
R008903,O050934,C0005774,60,changed_mind,21.08,1
R008904,O050936,C0005774,103,changed_mind,35.57,1
R008905,O050947,C0005775,113,defective,18.17,0
R008906,O050952,C0005776,91,defective,37.32,0
R008907,O050953,C0005776,98,size_fit,8.89,0
R008908,O050954,C0005776,106,defective,6.37,0
R008909,O050959,C0005776,157,changed_mind,14.98,0
R008910,O050961,C0005776,176,changed_mind,18.18,0
R008911,O050962,C0005776,189,defective,46.54,0
R008912,O050999,C0005781,72,defective,15.99,0
R008913,O051019,C0005783,81,other,79.54,1
R008914,O051021,C0005783,85,changed_mind,21.07,1
R008915,O051023,C0005783,97,changed_mind,17.86,1
R008916,O051025,C0005783,102,changed_mind,29.62,1
R008917,O051026,C0005783,121,changed_mind,16.16,1
R008918,O051027,C0005783,125,defective,26.72,1
R008919,O051035,C0005784,104,size_fit,15.23,1
R008920,O051038,C0005784,185,defective,19.67,1
R008921,O051072,C0005788,206,other,20.66,0
R008922,O051096,C0005792,49,changed_mind,23.18,1
R008923,O051097,C0005792,52,changed_mind,14.56,1
R008924,O051099,C0005792,90,defective,23.39,1
R008925,O051100,C0005792,93,size_fit,27.34,1
R008926,O051101,C0005792,99,changed_mind,15.62,1
R008927,O051104,C0005792,151,changed_mind,28.25,1
R008928,O051105,C0005792,169,not_as_described,14.84,1
R008929,O051107,C0005792,184,changed_mind,16.91,1
R008930,O051109,C0005793,74,changed_mind,15.68,0
R008931,O051118,C0005794,127,changed_mind,23.39,0
R008932,O051162,C0005799,177,duplicate_order,14.84,0
R008933,O051167,C0005800,126,defective,21.92,0
R008934,O051176,C0005800,209,size_fit,25.44,0
R008935,O051181,C0005801,99,changed_mind,38.23,1
R008936,O051182,C0005801,137,changed_mind,31.85,1
R008937,O051183,C0005801,151,changed_mind,28.74,1
R008938,O051185,C0005801,192,changed_mind,48.39,1
R008939,O051187,C0005801,207,changed_mind,30.91,1
R008940,O051188,C0005801,208,changed_mind,23.56,1
R008941,O051189,C0005802,46,changed_mind,13.55,1
R008942,O051191,C0005802,67,changed_mind,10.33,1
R008943,O051193,C0005802,78,changed_mind,29.0,1
R008944,O051194,C0005802,93,other,10.3,1
R008945,O051196,C0005802,116,changed_mind,13.55,1
R008946,O051198,C0005802,138,size_fit,37.66,1
R008947,O051206,C0005803,134,other,33.54,0
R008948,O051207,C0005803,146,duplicate_order,10.33,0
R008949,O051216,C0005805,161,size_fit,11.11,0
R008950,O051223,C0005806,183,other,11.11,0
R008951,O051229,C0005807,17,not_as_described,39.78,1
R008952,O051230,C0005807,17,changed_mind,39.78,1
R008953,O051232,C0005807,37,changed_mind,14.39,1
R008954,O051233,C0005807,48,changed_mind,21.24,1
R008955,O051235,C0005807,80,changed_mind,23.06,1
R008956,O051236,C0005807,83,other,20.66,1
R008957,O051240,C0005807,142,not_as_described,5.47,1
R008958,O051244,C0005807,192,not_as_described,21.92,1
R008959,O051245,C0005808,44,other,17.21,1
R008960,O051246,C0005808,78,changed_mind,46.54,1
R008961,O051247,C0005808,96,changed_mind,40.98,1
R008962,O051250,C0005808,206,not_as_described,16.23,1
R008963,O051262,C0005809,196,changed_mind,23.2,0
R008964,O051314,C0005816,123,size_fit,23.31,0
R008965,O051341,C0005819,122,changed_mind,16.71,1
R008966,O051342,C0005819,128,defective,8.92,1
R008967,O051346,C0005819,177,other,22.55,1
R008968,O051347,C0005820,88,duplicate_order,35.96,0
R008969,O051349,C0005820,98,duplicate_order,14.65,0
R008970,O051362,C0005821,169,not_as_described,38.86,0
R008971,O051372,C0005822,188,not_as_described,17.86,0
R008972,O051381,C0005824,121,not_as_described,14.56,0
R008973,O051393,C0005825,206,changed_mind,79.54,0
R008974,O051422,C0005828,33,other,21.38,1
R008975,O051423,C0005828,83,changed_mind,35.57,1
R008976,O051425,C0005828,149,other,22.4,1
R008977,O051427,C0005828,202,changed_mind,32.07,1
R008978,O051428,C0005828,204,size_fit,15.88,1
R008979,O051430,C0005829,49,defective,31.57,0
R008980,O051431,C0005829,49,changed_mind,27.4,0
R008981,O051435,C0005829,89,changed_mind,35.51,0
R008982,O051436,C0005829,156,duplicate_order,34.09,0
R008983,O051438,C0005829,201,not_as_described,26.54,0
R008984,O051439,C0005830,19,changed_mind,12.89,1
R008985,O051442,C0005830,32,changed_mind,10.48,1
R008986,O051443,C0005830,35,changed_mind,20.82,1
R008987,O051444,C0005830,75,changed_mind,18.48,1
R008988,O051445,C0005830,91,defective,22.37,1
R008989,O051446,C0005830,106,changed_mind,40.32,1
R008990,O051450,C0005830,203,duplicate_order,23.18,1
R008991,O051452,C0005830,209,other,24.96,1
R008992,O051472,C0005832,209,defective,28.05,0
R008993,O051503,C0005837,115,size_fit,19.16,0
R008994,O051504,C0005837,114,defective,26.82,0
R008995,O051509,C0005837,134,duplicate_order,59.8,0
R008996,O051520,C0005838,100,other,19.98,0
R008997,O051533,C0005839,33,duplicate_order,32.67,0
R008998,O051539,C0005839,170,defective,19.22,0
R008999,O051541,C0005840,57,changed_mind,14.7,1
R009000,O051543,C0005840,72,changed_mind,70.86,1
R009001,O051544,C0005840,95,changed_mind,13.83,1
R009002,O051546,C0005840,130,changed_mind,9.99,1
R009003,O051547,C0005840,154,other,35.86,1
R009004,O051555,C0005840,209,changed_mind,30.25,1
R009005,O051558,C0005841,123,changed_mind,86.13,0
R009006,O051567,C0005841,209,changed_mind,14.65,0
R009007,O051568,C0005842,102,changed_mind,40.57,1
R009008,O051569,C0005842,112,changed_mind,13.22,1
R009009,O051574,C0005842,199,changed_mind,9.45,1
R009010,O051579,C0005843,79,changed_mind,38.23,1
R009011,O051580,C0005843,108,changed_mind,33.72,1
R009012,O051582,C0005843,116,changed_mind,11.78,1
R009013,O051585,C0005843,139,changed_mind,6.63,1
R009014,O051586,C0005843,142,other,10.3,1
R009015,O051587,C0005843,165,changed_mind,21.48,1
R009016,O051589,C0005843,201,size_fit,12.97,1
R009017,O051590,C0005843,204,duplicate_order,24.7,1
R009018,O051592,C0005844,56,changed_mind,74.34,1
R009019,O051595,C0005844,80,changed_mind,39.23,1
R009020,O051596,C0005844,80,changed_mind,19.13,1
R009021,O051598,C0005844,86,changed_mind,12.36,1
R009022,O051600,C0005844,108,other,15.99,1
R009023,O051601,C0005844,109,changed_mind,8.92,1
R009024,O051602,C0005844,112,changed_mind,44.0,1
R009025,O051603,C0005844,112,size_fit,24.75,1
R009026,O051605,C0005844,136,changed_mind,18.35,1
R009027,O051607,C0005844,163,changed_mind,13.56,1
R009028,O051609,C0005844,181,changed_mind,5.83,1
R009029,O051610,C0005844,187,changed_mind,23.16,1
R009030,O051611,C0005844,198,changed_mind,7.67,1
R009031,O051612,C0005844,200,changed_mind,29.96,1
R009032,O051625,C0005847,54,changed_mind,31.93,0
R009033,O051633,C0005847,209,other,15.68,0
R009034,O051634,C0005848,102,defective,45.94,0
R009035,O051635,C0005848,104,size_fit,11.4,0
R009036,O051637,C0005848,116,other,22.55,0
R009037,O051638,C0005848,125,not_as_described,20.66,0
R009038,O051643,C0005848,199,not_as_described,20.04,0
R009039,O051646,C0005849,64,other,27.05,0
R009040,O051690,C0005854,189,not_as_described,18.64,0
R009041,O051692,C0005855,106,changed_mind,21.06,1
R009042,O051693,C0005855,118,other,12.65,1
R009043,O051694,C0005855,119,other,21.74,1
R009044,O051696,C0005855,129,changed_mind,35.96,1
R009045,O051697,C0005855,133,changed_mind,24.75,1
R009046,O051699,C0005855,143,changed_mind,165.23,1
R009047,O051700,C0005855,148,other,24.7,1
R009048,O051701,C0005855,151,size_fit,14.01,1
R009049,O051706,C0005855,201,changed_mind,24.51,1
R009050,O051708,C0005856,103,changed_mind,22.76,0
R009051,O051715,C0005856,209,not_as_described,15.06,0
R009052,O051718,C0005857,173,duplicate_order,21.24,0
R009053,O051732,C0005858,185,changed_mind,13.39,0
R009054,O051737,C0005859,138,duplicate_order,14.79,0
R009055,O051744,C0005860,47,changed_mind,16.18,0
R009056,O051763,C0005861,170,size_fit,28.21,0
R009057,O051771,C0005862,150,defective,37.37,0
R009058,O051777,C0005863,102,size_fit,32.67,0
R009059,O051796,C0005865,179,other,27.4,0
R009060,O051812,C0005869,81,defective,34.09,0
R009061,O051817,C0005869,207,defective,29.54,0
R009062,O051821,C0005871,131,size_fit,27.27,0
R009063,O051838,C0005873,48,changed_mind,31.84,1
R009064,O051839,C0005873,52,changed_mind,21.72,1
R009065,O051840,C0005873,68,changed_mind,26.72,1
R009066,O051841,C0005873,75,not_as_described,10.74,1
R009067,O051842,C0005873,151,duplicate_order,10.8,1
R009068,O051856,C0005874,209,changed_mind,10.15,0
R009069,O051872,C0005876,145,duplicate_order,10.48,0
R009070,O051878,C0005877,125,changed_mind,59.32,1
R009071,O051880,C0005877,142,changed_mind,37.66,1
R009072,O051883,C0005877,166,size_fit,8.55,1
R009073,O051884,C0005877,177,changed_mind,27.05,1
R009074,O051885,C0005877,189,changed_mind,20.5,1
R009075,O051887,C0005878,94,duplicate_order,31.02,1
R009076,O051890,C0005878,127,changed_mind,39.78,1
R009077,O051892,C0005878,170,size_fit,22.31,1
R009078,O051898,C0005879,136,changed_mind,21.87,0
R009079,O051917,C0005882,137,defective,26.21,0
R009080,O051926,C0005882,209,other,37.02,0
R009081,O051933,C0005884,66,defective,22.54,0
R009082,O051936,C0005884,184,other,32.7,0
R009083,O051938,C0005885,17,size_fit,22.76,1
R009084,O051940,C0005885,34,not_as_described,13.56,1
R009085,O051941,C0005885,38,not_as_described,31.57,1
R009086,O051942,C0005885,51,changed_mind,20.66,1
R009087,O051943,C0005885,73,not_as_described,47.64,1
R009088,O051948,C0005886,66,changed_mind,18.89,1
R009089,O051949,C0005886,102,changed_mind,9.62,1
R009090,O051950,C0005886,110,changed_mind,35.51,1
R009091,O051954,C0005886,171,changed_mind,60.28,1
R009092,O051955,C0005886,182,other,13.55,1
R009093,O051956,C0005887,35,changed_mind,8.55,0
R009094,O051960,C0005887,136,size_fit,18.63,0
R009095,O051961,C0005887,141,not_as_described,29.96,0
R009096,O051966,C0005888,70,changed_mind,21.72,1
R009097,O051968,C0005888,109,defective,15.61,1
R009098,O051971,C0005888,168,duplicate_order,19.51,1
R009099,O051973,C0005888,209,other,42.32,1
R009100,O051979,C0005889,150,duplicate_order,15.06,0
R009101,O051994,C0005891,81,changed_mind,24.7,1
R009102,O051995,C0005891,89,changed_mind,19.51,1
R009103,O051996,C0005891,102,defective,39.12,1
R009104,O051997,C0005891,118,changed_mind,43.01,1
R009105,O051998,C0005891,124,changed_mind,28.55,1
R009106,O051999,C0005891,137,changed_mind,8.46,1
R009107,O052002,C0005891,179,not_as_described,20.29,1
R009108,O052005,C0005892,71,other,15.72,0
R009109,O052040,C0005897,77,changed_mind,30.01,0
R009110,O052042,C0005897,124,not_as_described,15.12,0
R009111,O052050,C0005898,106,size_fit,26.72,0
R009112,O052051,C0005898,171,changed_mind,32.27,0
R009113,O052054,C0005899,103,other,59.48,0
R009114,O052058,C0005899,153,other,28.74,0
R009115,O052075,C0005901,52,changed_mind,79.54,0
R009116,O052099,C0005903,142,changed_mind,17.52,0
R009117,O052104,C0005904,74,not_as_described,25.33,0
R009118,O052125,C0005905,199,duplicate_order,21.92,0
R009119,O052135,C0005906,163,not_as_described,18.17,0
R009120,O052137,C0005906,208,not_as_described,24.7,0
R009121,O052139,C0005907,93,changed_mind,21.48,1
R009122,O052140,C0005907,96,changed_mind,29.66,1
R009123,O052142,C0005907,115,changed_mind,14.61,1
R009124,O052143,C0005907,154,not_as_described,30.09,1
R009125,O052144,C0005907,173,changed_mind,21.06,1
R009126,O052145,C0005907,179,size_fit,14.98,1
R009127,O052146,C0005907,187,changed_mind,14.61,1
R009128,O052147,C0005907,197,size_fit,53.15,1
R009129,O052154,C0005908,122,other,31.45,0
R009130,O052167,C0005909,167,size_fit,13.71,0
R009131,O052174,C0005910,116,changed_mind,25.44,0
R009132,O052175,C0005910,115,changed_mind,25.44,0
R009133,O052180,C0005910,141,size_fit,21.92,0
R009134,O052200,C0005912,104,size_fit,19.13,0
R009135,O052204,C0005912,164,defective,6.63,0
R009136,O052217,C0005914,111,duplicate_order,38.03,0
R009137,O052218,C0005914,114,changed_mind,35.57,0
R009138,O052219,C0005914,136,size_fit,10.8,0
R009139,O052220,C0005914,146,other,18.89,0
R009140,O052222,C0005914,142,not_as_described,7.67,0
R009141,O052223,C0005914,164,other,23.55,0
R009142,O052224,C0005914,164,duplicate_order,59.32,0
R009143,O052226,C0005914,169,size_fit,20.08,0
R009144,O052231,C0005915,97,changed_mind,31.84,1
R009145,O052232,C0005915,110,changed_mind,15.61,1
R009146,O052241,C0005916,206,defective,39.23,0
R009147,O052243,C0005917,51,changed_mind,12.14,1
R009148,O052244,C0005917,66,duplicate_order,14.79,1
R009149,O052246,C0005917,116,size_fit,25.3,1
R009150,O052247,C0005917,118,changed_mind,16.16,1
R009151,O052249,C0005917,148,defective,22.54,1
R009152,O052250,C0005917,164,changed_mind,14.56,1
R009153,O052252,C0005918,36,changed_mind,40.22,0
R009154,O052254,C0005918,74,not_as_described,14.98,0
R009155,O052256,C0005918,86,other,26.21,0
R009156,O052263,C0005919,112,changed_mind,31.84,1
R009157,O052264,C0005919,126,changed_mind,5.83,1
R009158,O052265,C0005919,150,changed_mind,28.2,1
R009159,O052268,C0005919,184,defective,33.54,1
R009160,O052269,C0005919,190,changed_mind,37.32,1
R009161,O052271,C0005919,209,changed_mind,8.92,1
R009162,O052272,C0005920,72,changed_mind,30.25,1
R009163,O052274,C0005920,97,duplicate_order,13.57,1
R009164,O052275,C0005920,111,changed_mind,21.19,1
R009165,O052277,C0005920,164,changed_mind,39.78,1
R009166,O052279,C0005920,170,not_as_described,53.52,1
R009167,O052281,C0005920,187,duplicate_order,15.37,1
R009168,O052282,C0005920,208,not_as_described,32.72,1
R009169,O052285,C0005920,209,defective,38.03,1
R009170,O052302,C0005923,166,other,25.33,0
R009171,O052303,C0005923,204,duplicate_order,34.09,0
R009172,O052308,C0005924,121,duplicate_order,17.95,0
R009173,O052315,C0005925,84,defective,9.38,0
R009174,O052326,C0005926,156,other,30.08,0
R009175,O052327,C0005926,153,defective,51.92,0
R009176,O052329,C0005926,182,changed_mind,19.16,0
R009177,O052330,C0005926,190,changed_mind,19.22,0
R009178,O052331,C0005926,209,changed_mind,25.48,0
R009179,O052332,C0005926,209,not_as_described,6.1,0
R009180,O052335,C0005927,65,changed_mind,39.78,1
R009181,O052336,C0005927,102,duplicate_order,10.56,1
R009182,O052337,C0005927,120,changed_mind,8.46,1
R009183,O052340,C0005927,165,changed_mind,19.63,1
R009184,O052343,C0005927,195,size_fit,22.55,1
R009185,O052368,C0005931,120,other,11.11,0
R009186,O052383,C0005932,209,duplicate_order,18.51,0
R009187,O052395,C0005933,129,size_fit,55.27,0
R009188,O052398,C0005934,60,not_as_described,45.04,0
R009189,O052407,C0005935,104,duplicate_order,25.79,0
R009190,O052409,C0005935,112,duplicate_order,67.3,0
R009191,O052413,C0005935,150,other,38.88,0
R009192,O052419,C0005935,209,not_as_described,38.88,0
R009193,O052423,C0005936,126,not_as_described,24.7,0
R009194,O052434,C0005938,209,other,24.5,0
R009195,O052438,C0005939,209,other,21.08,0
R009196,O052440,C0005940,96,not_as_described,25.3,1
R009197,O052441,C0005940,99,changed_mind,35.57,1
R009198,O052444,C0005940,146,duplicate_order,35.96,1
R009199,O052447,C0005940,209,defective,11.78,1
R009200,O052449,C0005941,78,changed_mind,13.71,1
R009201,O052450,C0005941,82,defective,9.31,1
R009202,O052451,C0005941,98,changed_mind,30.91,1
R009203,O052452,C0005941,99,changed_mind,27.61,1
R009204,O052456,C0005941,168,other,29.62,1
R009205,O052459,C0005941,203,duplicate_order,15.61,1
R009206,O052460,C0005941,204,defective,24.35,1
R009207,O052463,C0005942,171,defective,12.7,0
R009208,O052477,C0005944,121,size_fit,28.59,0
R009209,O052484,C0005944,209,not_as_described,16.18,0
R009210,O052494,C0005946,102,other,73.86,0
R009211,O052497,C0005946,161,other,36.57,0
R009212,O052499,C0005947,114,other,44.59,0
R009213,O052520,C0005951,151,size_fit,38.23,0
R009214,O052538,C0005953,174,defective,12.97,0
R009215,O052548,C0005954,145,changed_mind,28.25,0
R009216,O052550,C0005954,168,changed_mind,14.64,0
R009217,O052563,C0005956,165,changed_mind,17.56,0
R009218,O052568,C0005957,15,defective,26.21,0
R009219,O052581,C0005958,38,changed_mind,22.66,1
R009220,O052583,C0005958,54,changed_mind,30.01,1
R009221,O052584,C0005958,75,changed_mind,24.74,1
R009222,O052586,C0005958,83,changed_mind,30.39,1
R009223,O052588,C0005958,100,other,12.97,1
R009224,O052589,C0005958,114,changed_mind,33.72,1
R009225,O052592,C0005958,202,defective,88.02,1
R009226,O052594,C0005959,120,size_fit,10.33,0
R009227,O052596,C0005959,149,size_fit,14.64,0
R009228,O052599,C0005960,28,not_as_described,18.74,1
R009229,O052600,C0005960,51,size_fit,18.83,1
R009230,O052601,C0005960,62,changed_mind,10.15,1
R009231,O052602,C0005960,67,duplicate_order,10.08,1
R009232,O052603,C0005960,82,changed_mind,30.09,1
R009233,O052605,C0005960,95,size_fit,5.83,1
R009234,O052606,C0005960,127,changed_mind,19.79,1
R009235,O052607,C0005960,166,changed_mind,34.09,1
R009236,O052620,C0005961,150,other,31.85,0
R009237,O052624,C0005961,173,duplicate_order,24.55,0
R009238,O052639,C0005962,187,size_fit,15.23,0
R009239,O052663,C0005965,132,changed_mind,18.17,0
R009240,O052669,C0005966,96,changed_mind,9.38,1
R009241,O052671,C0005966,137,changed_mind,17.21,1
R009242,O052678,C0005966,209,not_as_described,5.83,1
R009243,O052703,C0005970,51,defective,24.55,0
R009244,O052737,C0005974,55,duplicate_order,19.63,0
R009245,O052767,C0005977,102,other,21.19,1
R009246,O052768,C0005977,117,changed_mind,13.22,1
R009247,O052771,C0005977,194,changed_mind,20.7,1
R009248,O052777,C0005978,95,not_as_described,48.43,0
R009249,O052778,C0005978,118,changed_mind,88.02,0
R009250,O052784,C0005979,111,defective,43.01,0
R009251,O052793,C0005979,197,defective,14.84,0
R009252,O052795,C0005979,209,duplicate_order,23.56,0
R009253,O052796,C0005980,88,other,27.61,0
R009254,O052798,C0005980,106,other,21.06,0
R009255,O052802,C0005980,194,changed_mind,25.48,0
R009256,O052803,C0005980,195,other,16.89,0
R009257,O052815,C0005981,191,other,18.64,0
R009258,O052820,C0005982,165,other,16.14,0
R009259,O052835,C0005984,182,defective,18.17,0
R009260,O052864,C0005988,80,duplicate_order,16.16,0
R009261,O052875,C0005989,44,size_fit,22.03,0
R009262,O052886,C0005989,209,duplicate_order,12.26,0
R009263,O052894,C0005991,95,duplicate_order,16.89,0
R009264,O052900,C0005992,27,changed_mind,14.39,1
R009265,O052901,C0005992,48,defective,16.89,1
R009266,O052930,C0005995,156,defective,50.41,0
R009267,O052933,C0005995,195,changed_mind,14.98,0
R009268,O052937,C0005996,106,changed_mind,59.89,0
R009269,O052945,C0005996,202,changed_mind,45.94,0
R009270,O052946,C0005996,209,defective,10.56,0
R009271,O052951,C0005997,164,size_fit,15.68,0
R009272,O052956,C0005998,102,defective,18.63,0
R009273,O052957,C0005998,111,other,15.88,0
R009274,O052959,C0005998,144,changed_mind,27.85,0
