customer_id,cluster_id,split
C0000000,C0000000,train
C0000001,C0000001,train
C0000002,C0000002,train
C0000003,C0005133,train
C0000004,C0000004,train
C0000005,C0000005,val
C0000006,C0000006,train
C0000007,C0000007,train
C0000008,C0000008,train
C0000009,C0000009,test
C0000010,C0000010,test
C0000011,C0003902,train
C0000012,C0005755,train
C0000013,C0000013,train
C0000014,C0000014,train
C0000015,C0000015,train
C0000016,C0000016,test
C0000017,C0000017,train
C0000018,C0004452,test
C0000019,C0000019,train
C0000020,C0005133,train
C0000021,C0000021,train
C0000022,C0005414,test
C0000023,C0000023,test
C0000024,C0000024,test
C0000025,C0000025,train
C0000026,C0003545,train
C0000027,C0000027,train
C0000028,C0004865,val
C0000029,C0000029,train
C0000030,C0004069,test
C0000031,C0000031,train
C0000032,C0000032,train
C0000033,C0005151,train
C0000034,C0000034,train
C0000035,C0000035,train
C0000036,C0000036,train
C0000037,C0000037,train
C0000038,C0000038,train
C0000039,C0000039,train
C0000040,C0000040,train
C0000041,C0005844,train
C0000042,C0000042,train
C0000043,C0000043,test
C0000044,C0000044,train
C0000045,C0000045,train
C0000046,C0000046,val
C0000047,C0005842,val
C0000048,C0004045,test
C0000049,C0000049,train
C0000050,C0000050,train
C0000051,C0000051,test
C0000052,C0000052,train
C0000053,C0000053,train
C0000054,C0000054,train
C0000055,C0000055,train
C0000056,C0000056,train
C0000057,C0000057,train
C0000058,C0000058,train
C0000059,C0000059,val
C0000060,C0000060,train
C0000061,C0000061,train
C0000062,C0000062,test
C0000063,C0000063,train
C0000064,C0000064,train
C0000065,C0000065,train
C0000066,C0000066,val
C0000067,C0003624,train
C0000068,C0002545,test
C0000069,C0000069,train
C0000070,C0000070,train
C0000071,C0000071,train
C0000072,C0000072,val
C0000073,C0000073,train
C0000074,C0005420,test
C0000075,C0000075,train
C0000076,C0000076,test
C0000077,C0000077,train
C0000078,C0000078,train
C0000079,C0000079,train
C0000080,C0000080,train
C0000081,C0000081,train
C0000082,C0005315,train
C0000083,C0000083,train
C0000084,C0000084,train
C0000085,C0000085,train
C0000086,C0000086,train
C0000087,C0000087,train
C0000088,C0005308,train
C0000089,C0000089,test
C0000090,C0000090,train
C0000091,C0000091,train
C0000092,C0000092,val
C0000093,C0002457,train
C0000094,C0000094,train
C0000095,C0000095,test
C0000096,C0002640,train
C0000097,C0005873,test
C0000098,C0004546,train
C0000099,C0000099,train
C0000100,C0000100,test
C0000101,C0001911,train
C0000102,C0000102,train
C0000103,C0000103,test
C0000104,C0005878,train
C0000105,C0000105,train
C0000106,C0000106,train
C0000107,C0000147,train
C0000108,C0000108,train
C0000109,C0000109,val
C0000110,C0000110,train
C0000111,C0000111,test
C0000112,C0000112,train
C0000113,C0000113,train
C0000114,C0004913,train
C0000115,C0000115,test
C0000116,C0000116,train
C0000117,C0003603,test
C0000118,C0000118,test
C0000119,C0000119,train
C0000120,C0000120,train
C0000121,C0000121,train
C0000122,C0000122,test
C0000123,C0000123,train
C0000124,C0000124,test
C0000125,C0000125,train
C0000126,C0000126,train
C0000127,C0000127,train
C0000128,C0000128,train
C0000129,C0000129,train
C0000130,C0000130,train
C0000131,C0000131,train
C0000132,C0000132,train
C0000133,C0000133,test
C0000134,C0003365,val
C0000135,C0000135,test
C0000136,C0001336,train
C0000137,C0005377,train
C0000138,C0000138,train
C0000139,C0000139,test
C0000140,C0004788,val
C0000141,C0000141,train
C0000142,C0000142,train
C0000143,C0000143,train
C0000144,C0000144,test
C0000145,C0000145,train
C0000146,C0003783,train
C0000147,C0000147,train
C0000148,C0000148,test
C0000149,C0000149,test
C0000150,C0000150,train
C0000151,C0005104,test
C0000152,C0000152,train
C0000153,C0005176,train
C0000154,C0003648,train
C0000155,C0000155,train
C0000156,C0000156,train
C0000157,C0005248,test
C0000158,C0000158,train
C0000159,C0000159,val
C0000160,C0004755,val
C0000161,C0000161,train
C0000162,C0000162,val
C0000163,C0000163,train
C0000164,C0000164,train
C0000165,C0001456,train
C0000166,C0000166,train
C0000167,C0000167,train
C0000168,C0000168,train
C0000169,C0005873,test
C0000170,C0000170,test
C0000171,C0003451,train
C0000172,C0000172,train
C0000173,C0004663,train
C0000174,C0000174,val
C0000175,C0003254,test
C0000176,C0002066,test
C0000177,C0000177,train
C0000178,C0000178,train
C0000179,C0000179,test
C0000180,C0000180,train
C0000181,C0003418,train
C0000182,C0000182,test
C0000183,C0002763,test
C0000184,C0000184,train
C0000185,C0000185,test
C0000186,C0000186,train
C0000187,C0000187,test
C0000188,C0000188,test
C0000189,C0000189,train
C0000190,C0000190,val
C0000191,C0003765,val
C0000192,C0000192,val
C0000193,C0001413,train
C0000194,C0000194,train
C0000195,C0000195,val
C0000196,C0000196,train
C0000197,C0000197,train
C0000198,C0001797,train
C0000199,C0000199,train
C0000200,C0000200,train
C0000201,C0004511,val
C0000202,C0005784,train
C0000203,C0000203,train
C0000204,C0000204,train
C0000205,C0000205,train
C0000206,C0000206,train
C0000207,C0000207,train
C0000208,C0000208,train
C0000209,C0004090,train
C0000210,C0000210,train
C0000211,C0000211,train
C0000212,C0000212,train
C0000213,C0002817,train
C0000214,C0000214,train
C0000215,C0000215,train
C0000216,C0004524,train
C0000217,C0000217,train
C0000218,C0000218,train
C0000219,C0000219,train
C0000220,C0000220,train
C0000221,C0003092,train
C0000222,C0000222,train
C0000223,C0004895,train
C0000224,C0000224,train
C0000225,C0000225,train
C0000226,C0000226,train
C0000227,C0000227,test
C0000228,C0000228,train
C0000229,C0000229,train
C0000230,C0000230,test
C0000231,C0000231,train
C0000232,C0000232,train
C0000233,C0003892,train
C0000234,C0000234,train
C0000235,C0000235,train
C0000236,C0000236,train
C0000237,C0000237,train
C0000238,C0000238,test
C0000239,C0000239,train
C0000240,C0000240,test
C0000241,C0000241,train
C0000242,C0000242,train
C0000243,C0000243,train
C0000244,C0000244,train
C0000245,C0000245,train
C0000246,C0000246,test
C0000247,C0000247,train
C0000248,C0000248,test
C0000249,C0005018,test
C0000250,C0000250,train
C0000251,C0003254,test
C0000252,C0000252,val
C0000253,C0000253,train
C0000254,C0003418,train
C0000255,C0000255,train
C0000256,C0000256,train
C0000257,C0000257,test
C0000258,C0000258,train
C0000259,C0005369,test
C0000260,C0000260,train
C0000261,C0000261,train
C0000262,C0000262,val
C0000263,C0000263,val
C0000264,C0005196,train
C0000265,C0000265,train
C0000266,C0000266,train
C0000267,C0004691,train
C0000268,C0000268,train
C0000269,C0000269,train
C0000270,C0000270,val
C0000271,C0000271,test
C0000272,C0000272,train
C0000273,C0000273,val
C0000274,C0000274,train
C0000275,C0000275,train
C0000276,C0005168,test
C0000277,C0005792,train
C0000278,C0000278,test
C0000279,C0000279,train
C0000280,C0002640,train
C0000281,C0000281,train
C0000282,C0000282,train
C0000283,C0000283,train
C0000284,C0000284,train
C0000285,C0005531,test
C0000286,C0000286,train
C0000287,C0005222,train
C0000288,C0000288,train
C0000289,C0000289,train
C0000290,C0000290,train
C0000291,C0000291,val
C0000292,C0000292,train
C0000293,C0000293,train
C0000294,C0000294,val
C0000295,C0000295,val
C0000296,C0000296,test
C0000297,C0000297,train
C0000298,C0000298,test
C0000299,C0005759,train
C0000300,C0000300,val
C0000301,C0003567,train
C0000302,C0000302,train
C0000303,C0004691,train
C0000304,C0000304,test
C0000305,C0000305,train
C0000306,C0000306,val
C0000307,C0000307,train
C0000308,C0000308,train
C0000309,C0000309,train
C0000310,C0000310,train
C0000311,C0000311,train
C0000312,C0000312,train
C0000313,C0000313,train
C0000314,C0000314,train
C0000315,C0000315,train
C0000316,C0000316,test
C0000317,C0000317,train
C0000318,C0000318,train
C0000319,C0004438,train
C0000320,C0000320,train
C0000321,C0000321,train
C0000322,C0005140,train
C0000323,C0003305,train
C0000324,C0000324,train
C0000325,C0005446,train
C0000326,C0002715,train
C0000327,C0004645,train
C0000328,C0000328,train
C0000329,C0000329,train
C0000330,C0000330,train
C0000331,C0000331,train
C0000332,C0000332,train
C0000333,C0000333,test
C0000334,C0000334,test
C0000335,C0000335,train
C0000336,C0005478,test
C0000337,C0000337,train
C0000338,C0000338,train
C0000339,C0000339,train
C0000340,C0005140,train
C0000341,C0002981,test
C0000342,C0004972,train
C0000343,C0004837,test
C0000344,C0000344,train
C0000345,C0000345,train
C0000346,C0000346,test
C0000347,C0000347,train
C0000348,C0005690,train
C0000349,C0000349,train
C0000350,C0000350,train
C0000351,C0000351,test
C0000352,C0000352,test
C0000353,C0000353,train
C0000354,C0000354,train
C0000355,C0005601,train
C0000356,C0000356,test
C0000357,C0002245,val
C0000358,C0000358,train
C0000359,C0000359,train
C0000360,C0000360,train
C0000361,C0002536,train
C0000362,C0000362,train
C0000363,C0002786,train
C0000364,C0000364,train
C0000365,C0000365,train
C0000366,C0005478,test
C0000367,C0000367,val
C0000368,C0000368,train
C0000369,C0000369,train
C0000370,C0000370,val
C0000371,C0000371,train
C0000372,C0000372,train
C0000373,C0000373,train
C0000374,C0000374,train
C0000375,C0004852,train
C0000376,C0000376,test
C0000377,C0004865,val
C0000378,C0000378,train
C0000379,C0000379,train
C0000380,C0000380,train
C0000381,C0001524,train
C0000382,C0000382,test
C0000383,C0000383,train
C0000384,C0000384,val
C0000385,C0004927,train
C0000386,C0000386,train
C0000387,C0000387,train
C0000388,C0002763,test
C0000389,C0000389,train
C0000390,C0000390,train
C0000391,C0000391,test
C0000392,C0000392,val
C0000393,C0000393,train
C0000394,C0005308,train
C0000395,C0000395,test
C0000396,C0000396,train
C0000397,C0003681,train
C0000398,C0000398,test
C0000399,C0000399,train
C0000400,C0004045,test
C0000401,C0000401,train
C0000402,C0004503,train
C0000403,C0000403,test
C0000404,C0000404,train
C0000405,C0000405,val
C0000406,C0000406,train
C0000407,C0000407,train
C0000408,C0000408,train
C0000409,C0000409,test
C0000410,C0000410,train
C0000411,C0003783,train
C0000412,C0004972,train
C0000413,C0000413,test
C0000414,C0000414,train
C0000415,C0000415,train
C0000416,C0000416,val
C0000417,C0003126,train
C0000418,C0000418,test
C0000419,C0000419,train
C0000420,C0004584,train
C0000421,C0000421,train
C0000422,C0000422,test
C0000423,C0000423,val
C0000424,C0000424,train
C0000425,C0000425,train
C0000426,C0000426,train
C0000427,C0004737,train
C0000428,C0005567,train
C0000429,C0001261,val
C0000430,C0000430,train
C0000431,C0000431,val
C0000432,C0004533,train
C0000433,C0000433,train
C0000434,C0000434,train
C0000435,C0000435,train
C0000436,C0000436,test
C0000437,C0000437,train
C0000438,C0003079,train
C0000439,C0003498,val
C0000440,C0000440,train
C0000441,C0005315,train
C0000442,C0000442,test
C0000443,C0000443,train
C0000444,C0000865,train
C0000445,C0000445,train
C0000446,C0000446,train
C0000447,C0000447,train
C0000448,C0000448,train
C0000449,C0000449,train
C0000450,C0000450,train
C0000451,C0000451,train
C0000452,C0000452,val
C0000453,C0000453,train
C0000454,C0000454,train
C0000455,C0000455,train
C0000456,C0000456,test
C0000457,C0000457,val
C0000458,C0000458,train
C0000459,C0000459,train
C0000460,C0000460,test
C0000461,C0005601,train
C0000462,C0003765,val
C0000463,C0003783,train
C0000464,C0004327,train
C0000465,C0000465,train
C0000466,C0000466,train
C0000467,C0000467,train
C0000468,C0005231,test
C0000469,C0000469,train
C0000470,C0000470,train
C0000471,C0001261,val
C0000472,C0000472,train
C0000473,C0005559,train
C0000474,C0000474,val
C0000475,C0000475,test
C0000476,C0005552,train
C0000477,C0000477,train
C0000478,C0000478,val
C0000479,C0000479,val
C0000480,C0000480,train
C0000481,C0000481,train
C0000482,C0002817,train
C0000483,C0000483,test
C0000484,C0000484,train
C0000485,C0000485,train
C0000486,C0000486,train
C0000487,C0000487,train
C0000488,C0000488,test
C0000489,C0000489,train
C0000490,C0003603,test
C0000491,C0000491,train
C0000492,C0000492,train
C0000493,C0001149,train
C0000494,C0000494,train
C0000495,C0000495,train
C0000496,C0000496,train
C0000497,C0003286,test
C0000498,C0000498,train
C0000499,C0004452,test
C0000500,C0000500,test
C0000501,C0000501,test
C0000502,C0000502,test
C0000503,C0000503,train
C0000504,C0000504,val
C0000505,C0000505,train
C0000506,C0005941,train
C0000507,C0005555,train
C0000508,C0000508,train
C0000509,C0000509,val
C0000510,C0000510,train
C0000511,C0000511,val
C0000512,C0000512,train
C0000513,C0000513,train
C0000514,C0000514,train
C0000515,C0002536,train
C0000516,C0005140,train
C0000517,C0000517,train
C0000518,C0000518,val
C0000519,C0000519,train
C0000520,C0004438,train
C0000521,C0003092,train
C0000522,C0001852,train
C0000523,C0000523,test
C0000524,C0000524,test
C0000525,C0000525,test
C0000526,C0000526,train
C0000527,C0000527,test
C0000528,C0000528,train
C0000529,C0005420,test
C0000530,C0000530,train
C0000531,C0000531,train
C0000532,C0005843,test
C0000533,C0000533,train
C0000534,C0000534,test
C0000535,C0000535,test
C0000536,C0002536,train
C0000537,C0000537,train
C0000538,C0000538,test
C0000539,C0000539,train
C0000540,C0000540,train
C0000541,C0000541,train
C0000542,C0000542,train
C0000543,C0000543,test
C0000544,C0000544,train
C0000545,C0000545,train
C0000546,C0000546,test
C0000547,C0000547,train
C0000548,C0002305,train
C0000549,C0000549,train
C0000550,C0000550,train
C0000551,C0000551,train
C0000552,C0000552,train
C0000553,C0004049,train
C0000554,C0000554,train
C0000555,C0000555,train
C0000556,C0000556,train
C0000557,C0003545,train
C0000558,C0000558,train
C0000559,C0000559,train
C0000560,C0000560,test
C0000561,C0000561,train
C0000562,C0000562,train
C0000563,C0000563,train
C0000564,C0000564,test
C0000565,C0000565,train
C0000566,C0000566,train
C0000567,C0000567,train
C0000568,C0000568,test
C0000569,C0000569,train
C0000570,C0000570,test
C0000571,C0000571,train
C0000572,C0000572,train
C0000573,C0000573,train
C0000574,C0000574,train
C0000575,C0000575,train
C0000576,C0000576,train
C0000577,C0004953,train
C0000578,C0000578,val
C0000579,C0000579,val
C0000580,C0000580,train
C0000581,C0000581,train
C0000582,C0000582,train
C0000583,C0005420,test
C0000584,C0000584,train
C0000585,C0000585,test
C0000586,C0000586,train
C0000587,C0005218,train
C0000588,C0000588,test
C0000589,C0000589,train
C0000590,C0000590,train
C0000591,C0005151,train
C0000592,C0000592,train
C0000593,C0000593,test
C0000594,C0002786,train
C0000595,C0000595,train
C0000596,C0000596,train
C0000597,C0000597,train
C0000598,C0000598,test
C0000599,C0000599,val
C0000600,C0000600,train
C0000601,C0000601,train
C0000602,C0000602,train
C0000603,C0000603,train
C0000604,C0000604,train
C0000605,C0000605,train
C0000606,C0002715,train
C0000607,C0000607,val
C0000608,C0000608,train
C0000609,C0000609,test
C0000610,C0000610,test
C0000611,C0000611,train
C0000612,C0000612,train
C0000613,C0000613,test
C0000614,C0003545,train
C0000615,C0000615,train
C0000616,C0000616,train
C0000617,C0003801,train
C0000618,C0001149,train
C0000619,C0000619,train
C0000620,C0000620,train
C0000621,C0000621,test
C0000622,C0000622,train
C0000623,C0000623,val
C0000624,C0005659,train
C0000625,C0001253,train
C0000626,C0000626,train
C0000627,C0000627,train
C0000628,C0005369,test
C0000629,C0003576,train
C0000630,C0000630,train
C0000631,C0000631,test
C0000632,C0005315,train
C0000633,C0000633,test
C0000634,C0000634,train
C0000635,C0000799,train
C0000636,C0005802,train
C0000637,C0000637,test
C0000638,C0003271,train
C0000639,C0000639,train
C0000640,C0000640,test
C0000641,C0000641,train
C0000642,C0000642,train
C0000643,C0000643,train
C0000644,C0000644,train
C0000645,C0000645,train
C0000646,C0000646,val
C0000647,C0000647,train
C0000648,C0000648,val
C0000649,C0000649,train
C0000650,C0000650,train
C0000651,C0002245,val
C0000652,C0000652,train
C0000653,C0000653,val
C0000654,C0000654,val
C0000655,C0000655,train
C0000656,C0000656,val
C0000657,C0000657,train
C0000658,C0000658,train
C0000659,C0000659,train
C0000660,C0000660,train
C0000661,C0000661,test
C0000662,C0000662,test
C0000663,C0000663,test
C0000664,C0000664,train
C0000665,C0005668,train
C0000666,C0000666,test
C0000667,C0000667,test
C0000668,C0000668,train
C0000669,C0000669,test
C0000670,C0000670,train
C0000671,C0002348,test
C0000672,C0005232,train
C0000673,C0000673,train
C0000674,C0000674,train
C0000675,C0005958,train
C0000676,C0000676,val
C0000677,C0000677,train
C0000678,C0000678,train
C0000679,C0000679,train
C0000680,C0004525,test
C0000681,C0000681,test
C0000682,C0003079,train
C0000683,C0000683,train
C0000684,C0000684,train
C0000685,C0000685,train
C0000686,C0000686,test
C0000687,C0000687,train
C0000688,C0000688,train
C0000689,C0000689,train
C0000690,C0000690,train
C0000691,C0000691,train
C0000692,C0000692,train
C0000693,C0000693,train
C0000694,C0000694,train
C0000695,C0000695,test
C0000696,C0005977,train
C0000697,C0000697,train
C0000698,C0000698,train
C0000699,C0000699,train
C0000700,C0000700,train
C0000701,C0000701,val
C0000702,C0000702,train
C0000703,C0000703,val
C0000704,C0000704,train
C0000705,C0000705,train
C0000706,C0000706,train
C0000707,C0004030,train
C0000708,C0005601,train
C0000709,C0000709,train
C0000710,C0002140,train
C0000711,C0000711,train
C0000712,C0003576,train
C0000713,C0005784,train
C0000714,C0000714,train
C0000715,C0000715,train
C0000716,C0005601,train
C0000717,C0004438,train
C0000718,C0003372,train
C0000719,C0000719,test
C0000720,C0000720,test
C0000721,C0002305,train
C0000722,C0000722,train
C0000723,C0000723,train
C0000724,C0000724,test
C0000725,C0000725,train
C0000726,C0000726,train
C0000727,C0000727,test
C0000728,C0000728,test
C0000729,C0000729,train
C0000730,C0004584,train
C0000731,C0000731,val
C0000732,C0000732,test
C0000733,C0000733,train
C0000734,C0004524,train
C0000735,C0003591,train
C0000736,C0000736,train
C0000737,C0000737,test
C0000738,C0000738,train
C0000739,C0000739,train
C0000740,C0003126,train
C0000741,C0000741,train
C0000742,C0000742,train
C0000743,C0002487,test
C0000744,C0000744,val
C0000745,C0005960,train
C0000746,C0000746,train
C0000747,C0000747,train
C0000748,C0004799,test
C0000749,C0000749,train
C0000750,C0000750,train
C0000751,C0000751,train
C0000752,C0000752,train
C0000753,C0000753,test
C0000754,C0000754,train
C0000755,C0000755,val
C0000756,C0000756,test
C0000757,C0000757,val
C0000758,C0000758,train
C0000759,C0000759,test
C0000760,C0000760,val
C0000761,C0005792,train
C0000762,C0000762,test
C0000763,C0005877,train
C0000764,C0000764,train
C0000765,C0005830,train
C0000766,C0000766,train
C0000767,C0000767,test
C0000768,C0003286,test
C0000769,C0000769,train
C0000770,C0000770,train
C0000771,C0000771,train
C0000772,C0000772,train
C0000773,C0000773,train
C0000774,C0000774,train
C0000775,C0000775,val
C0000776,C0000776,test
C0000777,C0000777,test
C0000778,C0000778,train
C0000779,C0000779,train
C0000780,C0000780,train
C0000781,C0000781,test
C0000782,C0000782,val
C0000783,C0000783,train
C0000784,C0000784,train
C0000785,C0000785,train
C0000786,C0000786,test
C0000787,C0000787,train
C0000788,C0000788,train
C0000789,C0003801,train
C0000790,C0000790,train
C0000791,C0000791,train
C0000792,C0000792,val
C0000793,C0000793,train
C0000794,C0000794,train
C0000795,C0000795,train
C0000796,C0000796,train
C0000797,C0000797,train
C0000798,C0005218,train
C0000799,C0000799,train
C0000800,C0000800,train
C0000801,C0000801,train
C0000802,C0000802,test
C0000803,C0000803,train
C0000804,C0000804,train
C0000805,C0000805,train
C0000806,C0002475,train
C0000807,C0005915,train
C0000808,C0000808,test
C0000809,C0000809,train
C0000810,C0000810,test
C0000811,C0000811,train
C0000812,C0000812,train
C0000813,C0000813,train
C0000814,C0000814,train
C0000815,C0000815,train
C0000816,C0002190,test
C0000817,C0000817,test
C0000818,C0000818,train
C0000819,C0004512,train
C0000820,C0000820,train
C0000821,C0000821,train
C0000822,C0000822,train
C0000823,C0005624,train
C0000824,C0000824,train
C0000825,C0000825,train
C0000826,C0000826,train
C0000827,C0000827,train
C0000828,C0001149,train
C0000829,C0000829,train
C0000830,C0005231,test
C0000831,C0000831,train
C0000832,C0000832,train
C0000833,C0003817,test
C0000834,C0000834,train
C0000835,C0000835,train
C0000836,C0001911,train
C0000837,C0000837,train
C0000838,C0000838,train
C0000839,C0005714,train
C0000840,C0000840,train
C0000841,C0000841,train
C0000842,C0000842,test
C0000843,C0000843,train
C0000844,C0000844,train
C0000845,C0000845,train
C0000846,C0000846,train
C0000847,C0000847,test
C0000848,C0000848,train
C0000849,C0000849,train
C0000850,C0000850,train
C0000851,C0000851,train
C0000852,C0000852,train
C0000853,C0000853,train
C0000854,C0003035,train
C0000855,C0000855,test
C0000856,C0000856,test
C0000857,C0005802,train
C0000858,C0000858,val
C0000859,C0000859,val
C0000860,C0000860,train
C0000861,C0000861,val
C0000862,C0000862,train
C0000863,C0000863,train
C0000864,C0000864,train
C0000865,C0000865,train
C0000866,C0002640,train
C0000867,C0000867,train
C0000868,C0002587,train
C0000869,C0000869,train
C0000870,C0003365,val
C0000871,C0000871,train
C0000872,C0000872,train
C0000873,C0000873,train
C0000874,C0000874,train
C0000875,C0000875,test
C0000876,C0000876,train
C0000877,C0000877,train
C0000878,C0005342,train
C0000879,C0000879,train
C0000880,C0000880,train
C0000881,C0000881,train
C0000882,C0000882,train
C0000883,C0000883,train
C0000884,C0000884,train
C0000885,C0000885,train
C0000886,C0000886,test
C0000887,C0000887,train
C0000888,C0000888,train
C0000889,C0000889,test
C0000890,C0000890,train
C0000891,C0000891,test
C0000892,C0000892,train
C0000893,C0000893,test
C0000894,C0000894,test
C0000895,C0005235,train
C0000896,C0005690,train
C0000897,C0000897,train
C0000898,C0000898,test
C0000899,C0000899,test
C0000900,C0000900,test
C0000901,C0000901,train
C0000902,C0005232,train
C0000903,C0000903,train
C0000904,C0000904,val
C0000905,C0000905,train
C0000906,C0005977,train
C0000907,C0000907,train
C0000908,C0005377,train
C0000909,C0000909,train
C0000910,C0004419,train
C0000911,C0000911,test
C0000912,C0000912,test
C0000913,C0000913,train
C0000914,C0000914,train
C0000915,C0003710,train
C0000916,C0000916,train
C0000917,C0000917,train
C0000918,C0005356,val
C0000919,C0000919,train
C0000920,C0000920,train
C0000921,C0000921,train
C0000922,C0000922,train
C0000923,C0000923,train
C0000924,C0000924,train
C0000925,C0000925,test
C0000926,C0000926,train
C0000927,C0005319,train
C0000928,C0000928,train
C0000929,C0005552,train
C0000930,C0000930,val
C0000931,C0000931,val
C0000932,C0000932,test
C0000933,C0000933,train
C0000934,C0000934,train
C0000935,C0000935,test
C0000936,C0000936,train
C0000937,C0000937,train
C0000938,C0000938,train
C0000939,C0000939,train
C0000940,C0004913,train
C0000941,C0000941,test
C0000942,C0002066,test
C0000943,C0000943,train
C0000944,C0000944,val
C0000945,C0005343,train
C0000946,C0000946,train
C0000947,C0000947,train
C0000948,C0000948,test
C0000949,C0002817,train
C0000950,C0000950,train
C0000951,C0000951,val
C0000952,C0004475,train
C0000953,C0000953,train
C0000954,C0000954,train
C0000955,C0004354,train
C0000956,C0000956,train
C0000957,C0000957,test
C0000958,C0005801,train
C0000959,C0000959,train
C0000960,C0000960,val
C0000961,C0000961,test
C0000962,C0000962,train
C0000963,C0000963,test
C0000964,C0004755,val
C0000965,C0002874,val
C0000966,C0000966,train
C0000967,C0000967,train
C0000968,C0000968,val
C0000969,C0000969,train
C0000970,C0000970,train
C0000971,C0000971,train
C0000972,C0000972,train
C0000973,C0000973,train
C0000974,C0000974,test
C0000975,C0004618,train
C0000976,C0000976,train
C0000977,C0004797,train
C0000978,C0000978,train
C0000979,C0000979,test
C0000980,C0003214,val
C0000981,C0005050,train
C0000982,C0000982,train
C0000983,C0000983,train
C0000984,C0000984,train
C0000985,C0000985,train
C0000986,C0000986,test
C0000987,C0005891,train
C0000988,C0000988,train
C0000989,C0003933,train
C0000990,C0000990,test
C0000991,C0000991,test
C0000992,C0000992,train
C0000993,C0000993,test
C0000994,C0000994,train
C0000995,C0000995,train
C0000996,C0004498,val
C0000997,C0001985,val
C0000998,C0005315,train
C0000999,C0000999,train
C0001000,C0001000,train
C0001001,C0001001,train
C0001002,C0001002,train
C0001003,C0001003,train
C0001004,C0001004,train
C0001005,C0001005,train
C0001006,C0001006,train
C0001007,C0001007,train
C0001008,C0001008,val
C0001009,C0001009,train
C0001010,C0001010,val
C0001011,C0001011,train
C0001012,C0001012,train
C0001013,C0001013,train
C0001014,C0001014,train
C0001015,C0001015,train
C0001016,C0001016,train
C0001017,C0005151,train
C0001018,C0001018,train
C0001019,C0004069,test
C0001020,C0003765,val
C0001021,C0001021,train
C0001022,C0001022,train
C0001023,C0001023,train
C0001024,C0003892,train
C0001025,C0001025,test
C0001026,C0001026,train
C0001027,C0001027,train
C0001028,C0001028,test
C0001029,C0001029,train
C0001030,C0001030,train
C0001031,C0003271,train
C0001032,C0003801,train
C0001033,C0001033,val
C0001034,C0001034,train
C0001035,C0001035,train
C0001036,C0004380,train
C0001037,C0005446,train
C0001038,C0001038,train
C0001039,C0001039,train
C0001040,C0001040,train
C0001041,C0005678,train
C0001042,C0001042,test
C0001043,C0001043,test
C0001044,C0001044,train
C0001045,C0001045,train
C0001046,C0001046,test
C0001047,C0001047,train
C0001048,C0001048,test
C0001049,C0004380,train
C0001050,C0001050,train
C0001051,C0001051,train
C0001052,C0001052,train
C0001053,C0003214,val
C0001054,C0001054,train
C0001055,C0001055,train
C0001056,C0001056,train
C0001057,C0001057,train
C0001058,C0001058,train
C0001059,C0001059,train
C0001060,C0001060,train
C0001061,C0001061,train
C0001062,C0001062,train
C0001063,C0003545,train
C0001064,C0001064,train
C0001065,C0001065,train
C0001066,C0001066,train
C0001067,C0001067,test
C0001068,C0001068,train
C0001069,C0001069,train
C0001070,C0001070,train
C0001071,C0001071,train
C0001072,C0005162,train
C0001073,C0004419,train
C0001074,C0001074,train
C0001075,C0001075,train
C0001076,C0001076,train
C0001077,C0001077,test
C0001078,C0001078,train
C0001079,C0001079,train
C0001080,C0001080,test
C0001081,C0001081,train
C0001082,C0001413,train
C0001083,C0001083,train
C0001084,C0001084,train
C0001085,C0001085,test
C0001086,C0001086,train
C0001087,C0001087,test
C0001088,C0001524,train
C0001089,C0001089,val
C0001090,C0001090,train
C0001091,C0001091,train
C0001092,C0001092,train
C0001093,C0001093,train
C0001094,C0001094,test
C0001095,C0003418,train
C0001096,C0001096,train
C0001097,C0001097,train
C0001098,C0001098,train
C0001099,C0005877,train
C0001100,C0001100,val
C0001101,C0001101,train
C0001102,C0001102,test
C0001103,C0001103,train
C0001104,C0001104,val
C0001105,C0004949,train
C0001106,C0001106,train
C0001107,C0004666,train
C0001108,C0001108,train
C0001109,C0004927,train
C0001110,C0004461,train
C0001111,C0001111,train
C0001112,C0001112,test
C0001113,C0001113,test
C0001114,C0005319,train
C0001115,C0001115,train
C0001116,C0001116,train
C0001117,C0001117,train
C0001118,C0001118,train
C0001119,C0001119,test
C0001120,C0001120,test
C0001121,C0005648,train
C0001122,C0001122,train
C0001123,C0004584,train
C0001124,C0001124,test
C0001125,C0001125,train
C0001126,C0005761,test
C0001127,C0001127,test
C0001128,C0001128,train
C0001129,C0001129,train
C0001130,C0001130,test
C0001131,C0001131,test
C0001132,C0001132,train
C0001133,C0001133,train
C0001134,C0001134,val
C0001135,C0001135,val
C0001136,C0001136,val
C0001137,C0001137,train
C0001138,C0001138,train
C0001139,C0005960,train
C0001140,C0001140,train
C0001141,C0001141,test
C0001142,C0001142,train
C0001143,C0002505,test
C0001144,C0001144,train
C0001145,C0001145,test
C0001146,C0001146,train
C0001147,C0001147,test
C0001148,C0003583,train
C0001149,C0001149,train
C0001150,C0001150,train
C0001151,C0003271,train
C0001152,C0001152,train
C0001153,C0001153,test
C0001154,C0001154,train
C0001155,C0001155,train
C0001156,C0001156,train
C0001157,C0001157,train
C0001158,C0002066,test
C0001159,C0001159,val
C0001160,C0001160,train
C0001161,C0001161,train
C0001162,C0001162,train
C0001163,C0001163,train
C0001164,C0001164,train
C0001165,C0001165,train
C0001166,C0001166,train
C0001167,C0003567,train
C0001168,C0001168,train
C0001169,C0001169,train
C0001170,C0001170,train
C0001171,C0001171,train
C0001172,C0003681,train
C0001173,C0001173,train
C0001174,C0004327,train
C0001175,C0001175,test
C0001176,C0001176,train
C0001177,C0001177,train
C0001178,C0001178,train
C0001179,C0001179,train
C0001180,C0001180,train
C0001181,C0001181,test
C0001182,C0004438,train
C0001183,C0001183,val
C0001184,C0001184,train
C0001185,C0001185,train
C0001186,C0001186,train
C0001187,C0004876,val
C0001188,C0001188,test
C0001189,C0001189,train
C0001190,C0001190,train
C0001191,C0001191,train
C0001192,C0001192,train
C0001193,C0005232,train
C0001194,C0001194,train
C0001195,C0001195,train
C0001196,C0001196,test
C0001197,C0001197,train
C0001198,C0001198,train
C0001199,C0001199,train
C0001200,C0001200,train
C0001201,C0001201,test
C0001202,C0001202,test
C0001203,C0003365,val
C0001204,C0001204,train
C0001205,C0001205,train
C0001206,C0001206,train
C0001207,C0001207,test
C0001208,C0001208,train
C0001209,C0001209,train
C0001210,C0001210,train
C0001211,C0001211,train
C0001212,C0001212,train
C0001213,C0001213,train
C0001214,C0002587,train
C0001215,C0001215,train
C0001216,C0001216,train
C0001217,C0001217,train
C0001218,C0001218,train
C0001219,C0001219,test
C0001220,C0001220,train
C0001221,C0001221,train
C0001222,C0001222,val
C0001223,C0002536,train
C0001224,C0001224,train
C0001225,C0001225,train
C0001226,C0001226,train
C0001227,C0001227,test
C0001228,C0005709,train
C0001229,C0004770,train
C0001230,C0001230,test
C0001231,C0001231,train
C0001232,C0001232,train
C0001233,C0001233,train
C0001234,C0003957,train
C0001235,C0001235,train
C0001236,C0001236,train
C0001237,C0001237,train
C0001238,C0001238,test
C0001239,C0001239,train
C0001240,C0001240,train
C0001241,C0001241,test
C0001242,C0005920,test
C0001243,C0001243,test
C0001244,C0001244,test
C0001245,C0001245,test
C0001246,C0001246,train
C0001247,C0005426,train
C0001248,C0001248,train
C0001249,C0001249,train
C0001250,C0005426,train
C0001251,C0001251,train
C0001252,C0001252,train
C0001253,C0001253,train
C0001254,C0001254,test
C0001255,C0001255,train
C0001256,C0003891,train
C0001257,C0002817,train
C0001258,C0001258,train
C0001259,C0001259,train
C0001260,C0001260,train
C0001261,C0001261,val
C0001262,C0001262,test
C0001263,C0001263,train
C0001264,C0001264,train
C0001265,C0005235,train
C0001266,C0005446,train
C0001267,C0001267,val
C0001268,C0001268,test
C0001269,C0001413,train
C0001270,C0003681,train
C0001271,C0001271,train
C0001272,C0001272,train
C0001273,C0001273,train
C0001274,C0001274,test
C0001275,C0001275,train
C0001276,C0001276,train
C0001277,C0001277,train
C0001278,C0001336,train
C0001279,C0001279,train
C0001280,C0001280,test
C0001281,C0001281,test
C0001282,C0001282,train
C0001283,C0001283,train
C0001284,C0001284,train
C0001285,C0001285,train
C0001286,C0001286,val
C0001287,C0001287,train
C0001288,C0001288,test
C0001289,C0005743,test
C0001290,C0001852,train
C0001291,C0003661,val
C0001292,C0001292,train
C0001293,C0001293,test
C0001294,C0001294,train
C0001295,C0001295,train
C0001296,C0001296,train
C0001297,C0004833,test
C0001298,C0001298,train
C0001299,C0001299,train
C0001300,C0001300,test
C0001301,C0001301,train
C0001302,C0001302,train
C0001303,C0001303,train
C0001304,C0001304,train
C0001305,C0001305,train
C0001306,C0001306,train
C0001307,C0001307,test
C0001308,C0001308,train
C0001309,C0001528,train
C0001310,C0001310,train
C0001311,C0001311,val
C0001312,C0001312,train
C0001313,C0001313,train
C0001314,C0001314,train
C0001315,C0001315,val
C0001316,C0005927,train
C0001317,C0001317,train
C0001318,C0001318,train
C0001319,C0001319,train
C0001320,C0001320,train
C0001321,C0001321,train
C0001322,C0001322,train
C0001323,C0001323,train
C0001324,C0001324,train
C0001325,C0001325,test
C0001326,C0001326,train
C0001327,C0001327,train
C0001328,C0001328,train
C0001329,C0001329,test
C0001330,C0001330,train
C0001331,C0001331,train
C0001332,C0002981,test
C0001333,C0001333,train
C0001334,C0001334,train
C0001335,C0003930,train
C0001336,C0001336,train
C0001337,C0001337,train
C0001338,C0001338,val
C0001339,C0001339,train
C0001340,C0005878,train
C0001341,C0001341,train
C0001342,C0001342,train
C0001343,C0001343,train
C0001344,C0001738,train
C0001345,C0001345,train
C0001346,C0001346,test
C0001347,C0001347,val
C0001348,C0001348,train
C0001349,C0001349,train
C0001350,C0001350,train
C0001351,C0001351,train
C0001352,C0001352,train
C0001353,C0003710,train
C0001354,C0001354,val
C0001355,C0001355,train
C0001356,C0001356,test
C0001357,C0001357,train
C0001358,C0002140,train
C0001359,C0001359,train
C0001360,C0001360,test
C0001361,C0004059,train
C0001362,C0000799,train
C0001363,C0001363,train
C0001364,C0001364,train
C0001365,C0001365,test
C0001366,C0001366,train
C0001367,C0001367,test
C0001368,C0001368,test
C0001369,C0001369,val
C0001370,C0001370,train
C0001371,C0001371,train
C0001372,C0001372,test
C0001373,C0004913,train
C0001374,C0004030,train
C0001375,C0001375,train
C0001376,C0001376,train
C0001377,C0001377,train
C0001378,C0001378,train
C0001379,C0001379,train
C0001380,C0005140,train
C0001381,C0005426,train
C0001382,C0005420,test
C0001383,C0004172,train
C0001384,C0003305,train
C0001385,C0001385,val
C0001386,C0005104,test
C0001387,C0001387,train
C0001388,C0001388,train
C0001389,C0001389,train
C0001390,C0001390,train
C0001391,C0001391,train
C0001392,C0001392,train
C0001393,C0001393,train
C0001394,C0001394,train
C0001395,C0004127,train
C0001396,C0001396,train
C0001397,C0001397,test
C0001398,C0001398,train
C0001399,C0001399,train
C0001400,C0001400,train
C0001401,C0005343,train
C0001402,C0001402,train
C0001403,C0001403,train
C0001404,C0001404,train
C0001405,C0001405,train
C0001406,C0002190,test
C0001407,C0001407,train
C0001408,C0002684,train
C0001409,C0001409,test
C0001410,C0001410,train
C0001411,C0001411,val
C0001412,C0002874,val
C0001413,C0001413,train
C0001414,C0001414,test
C0001415,C0001415,train
C0001416,C0001416,test
C0001417,C0001417,train
C0001418,C0005743,test
C0001419,C0001419,train
C0001420,C0001420,test
C0001421,C0001421,train
C0001422,C0001422,train
C0001423,C0003648,train
C0001424,C0001424,val
C0001425,C0001425,train
C0001426,C0001426,train
C0001427,C0001427,train
C0001428,C0004788,val
C0001429,C0005844,train
C0001430,C0001430,train
C0001431,C0001431,train
C0001432,C0001432,test
C0001433,C0001433,train
C0001434,C0001434,train
C0001435,C0001435,train
C0001436,C0001436,train
C0001437,C0001437,val
C0001438,C0001438,test
C0001439,C0001439,test
C0001440,C0004927,train
C0001441,C0001441,train
C0001442,C0001442,train
C0001443,C0004584,train
C0001444,C0003418,train
C0001445,C0001445,train
C0001446,C0001446,val
C0001447,C0001447,train
C0001448,C0005542,test
C0001449,C0001449,train
C0001450,C0001450,test
C0001451,C0001451,test
C0001452,C0001452,test
C0001453,C0001453,test
C0001454,C0001454,train
C0001455,C0005567,train
C0001456,C0001456,train
C0001457,C0004706,train
C0001458,C0001458,test
C0001459,C0005070,train
C0001460,C0001460,val
C0001461,C0001461,train
C0001462,C0005133,train
C0001463,C0001463,train
C0001464,C0001464,train
C0001465,C0001465,train
C0001466,C0003647,train
C0001467,C0001467,test
C0001468,C0001468,train
C0001469,C0004452,test
C0001470,C0001470,test
C0001471,C0001471,train
C0001472,C0001472,test
C0001473,C0005377,train
C0001474,C0001474,test
C0001475,C0001475,val
C0001476,C0001476,train
C0001477,C0003648,train
C0001478,C0001478,train
C0001479,C0001479,train
C0001480,C0001711,test
C0001481,C0001481,train
C0001482,C0001482,train
C0001483,C0001483,train
C0001484,C0005602,test
C0001485,C0001485,train
C0001486,C0001486,test
C0001487,C0001487,test
C0001488,C0001488,train
C0001489,C0001489,test
C0001490,C0001490,train
C0001491,C0001491,test
C0001492,C0002190,test
C0001493,C0001493,train
C0001494,C0001494,train
C0001495,C0001495,train
C0001496,C0001496,train
C0001497,C0001497,val
C0001498,C0001498,train
C0001499,C0001499,train
C0001500,C0001500,train
C0001501,C0001501,train
C0001502,C0001502,train
C0001503,C0001503,train
C0001504,C0005426,train
C0001505,C0001505,train
C0001506,C0001506,train
C0001507,C0001507,test
C0001508,C0001508,train
C0001509,C0001509,train
C0001510,C0001510,test
C0001511,C0001511,train
C0001512,C0001512,train
C0001513,C0001513,train
C0001514,C0001514,test
C0001515,C0005917,train
C0001516,C0001516,test
C0001517,C0005474,train
C0001518,C0001518,test
C0001519,C0001519,val
C0001520,C0001520,train
C0001521,C0001521,train
C0001522,C0001522,test
C0001523,C0001523,train
C0001524,C0001524,train
C0001525,C0001525,train
C0001526,C0001526,train
C0001527,C0001527,test
C0001528,C0001528,train
C0001529,C0001529,train
C0001530,C0001530,train
C0001531,C0002925,train
C0001532,C0004438,train
C0001533,C0001533,train
C0001534,C0004525,test
C0001535,C0005891,train
C0001536,C0001536,test
C0001537,C0004503,train
C0001538,C0001538,train
C0001539,C0001539,train
C0001540,C0001540,train
C0001541,C0001541,val
C0001542,C0001542,train
C0001543,C0001543,train
C0001544,C0001544,test
C0001545,C0001545,train
C0001546,C0001546,test
C0001547,C0001547,train
C0001548,C0001548,train
C0001549,C0001549,train
C0001550,C0001550,train
C0001551,C0005342,train
C0001552,C0001552,train
C0001553,C0002487,test
C0001554,C0001554,train
C0001555,C0001555,train
C0001556,C0003365,val
C0001557,C0003902,train
C0001558,C0001558,train
C0001559,C0001559,train
C0001560,C0001560,train
C0001561,C0001561,val
C0001562,C0003455,test
C0001563,C0003783,train
C0001564,C0001564,train
C0001565,C0001565,val
C0001566,C0001566,train
C0001567,C0001567,train
C0001568,C0001568,val
C0001569,C0001569,train
C0001570,C0001570,train
C0001571,C0001571,test
C0001572,C0001572,train
C0001573,C0001573,train
C0001574,C0005917,train
C0001575,C0001575,test
C0001576,C0001576,val
C0001577,C0001577,train
C0001578,C0001578,train
C0001579,C0001579,test
C0001580,C0001580,val
C0001581,C0001581,train
C0001582,C0003892,train
C0001583,C0001583,test
C0001584,C0001584,train
C0001585,C0001585,train
C0001586,C0004797,train
C0001587,C0004309,train
C0001588,C0004666,train
C0001589,C0001589,train
C0001590,C0001590,test
C0001591,C0001911,train
C0001592,C0001592,train
C0001593,C0001593,train
C0001594,C0001594,train
C0001595,C0001595,train
C0001596,C0005886,test
C0001597,C0001597,test
C0001598,C0001598,train
C0001599,C0001599,val
C0001600,C0001600,train
C0001601,C0001601,train
C0001602,C0001602,test
C0001603,C0001603,test
C0001604,C0001604,val
C0001605,C0001605,train
C0001606,C0001606,train
C0001607,C0001607,test
C0001608,C0001608,train
C0001609,C0001609,test
C0001610,C0001610,val
C0001611,C0001611,train
C0001612,C0001612,train
C0001613,C0001613,train
C0001614,C0001614,train
C0001615,C0003624,train
C0001616,C0001616,train
C0001617,C0001617,train
C0001618,C0002475,train
C0001619,C0001619,train
C0001620,C0001620,train
C0001621,C0001621,train
C0001622,C0001622,train
C0001623,C0001623,test
C0001624,C0001624,train
C0001625,C0001625,test
C0001626,C0001626,train
C0001627,C0001627,test
C0001628,C0001628,test
C0001629,C0001629,train
C0001630,C0001630,train
C0001631,C0004993,train
C0001632,C0001632,train
C0001633,C0001633,test
C0001634,C0001634,train
C0001635,C0001635,test
C0001636,C0001636,train
C0001637,C0001637,train
C0001638,C0001638,train
C0001639,C0001639,train
C0001640,C0001640,train
C0001641,C0001641,test
C0001642,C0001642,test
C0001643,C0001643,val
C0001644,C0001644,train
C0001645,C0001645,test
C0001646,C0001646,test
C0001647,C0001647,train
C0001648,C0001648,train
C0001649,C0001649,test
C0001650,C0001149,train
C0001651,C0001651,train
C0001652,C0001652,train
C0001653,C0001653,val
C0001654,C0005075,train
C0001655,C0001655,train
C0001656,C0001656,train
C0001657,C0005784,train
C0001658,C0001658,test
C0001659,C0005648,train
C0001660,C0001660,train
C0001661,C0001661,test
C0001662,C0001662,train
C0001663,C0001663,train
C0001664,C0004309,train
C0001665,C0001665,test
C0001666,C0005420,test
C0001667,C0001667,train
C0001668,C0001668,test
C0001669,C0004938,train
C0001670,C0001670,train
C0001671,C0002140,train
C0001672,C0001672,train
C0001673,C0001673,val
C0001674,C0001674,test
C0001675,C0001675,train
C0001676,C0001676,val
C0001677,C0001677,test
C0001678,C0001678,train
C0001679,C0001679,train
C0001680,C0003286,test
C0001681,C0001681,test
C0001682,C0001682,test
C0001683,C0004799,test
C0001684,C0001684,train
C0001685,C0001685,test
C0001686,C0001686,train
C0001687,C0001687,train
C0001688,C0001688,test
C0001689,C0001689,train
C0001690,C0001690,test
C0001691,C0001691,train
C0001692,C0001692,test
C0001693,C0001693,train
C0001694,C0001694,test
C0001695,C0001695,train
C0001696,C0005567,train
C0001697,C0001697,train
C0001698,C0001698,train
C0001699,C0001699,train
C0001700,C0001700,val
C0001701,C0001701,train
C0001702,C0001702,train
C0001703,C0004309,train
C0001704,C0001704,train
C0001705,C0004365,test
C0001706,C0001706,train
C0001707,C0001707,train
C0001708,C0001708,val
C0001709,C0001709,train
C0001710,C0001710,train
C0001711,C0001711,test
C0001712,C0005140,train
C0001713,C0001713,val
C0001714,C0001714,train
C0001715,C0001715,train
C0001716,C0005235,train
C0001717,C0001717,val
C0001718,C0001718,train
C0001719,C0001719,train
C0001720,C0001720,train
C0001721,C0001721,test
C0001722,C0001149,train
C0001723,C0005759,train
C0001724,C0001852,train
C0001725,C0001725,train
C0001726,C0001726,train
C0001727,C0001727,train
C0001728,C0001728,test
C0001729,C0001729,train
C0001730,C0001730,train
C0001731,C0001731,train
C0001732,C0001732,train
C0001733,C0001733,train
C0001734,C0001734,test
C0001735,C0001735,train
C0001736,C0005420,test
C0001737,C0001737,train
C0001738,C0001738,train
C0001739,C0001739,test
C0001740,C0001740,val
C0001741,C0001741,test
C0001742,C0002088,train
C0001743,C0001743,val
C0001744,C0001744,train
C0001745,C0001745,val
C0001746,C0001746,val
C0001747,C0001747,train
C0001748,C0001748,train
C0001749,C0001749,train
C0001750,C0001750,val
C0001751,C0001751,train
C0001752,C0001752,train
C0001753,C0005762,val
C0001754,C0002487,test
C0001755,C0001755,test
C0001756,C0001756,test
C0001757,C0001757,test
C0001758,C0001758,train
C0001759,C0001759,val
C0001760,C0001760,val
C0001761,C0001761,test
C0001762,C0001762,train
C0001763,C0003451,train
C0001764,C0001764,train
C0001765,C0001765,test
C0001766,C0001766,train
C0001767,C0001767,train
C0001768,C0001768,train
C0001769,C0001769,train
C0001770,C0001770,train
C0001771,C0001771,train
C0001772,C0001772,test
C0001773,C0001773,train
C0001774,C0003334,val
C0001775,C0001775,val
C0001776,C0001776,train
C0001777,C0001777,test
C0001778,C0004909,val
C0001779,C0002715,train
C0001780,C0001780,test
C0001781,C0001781,train
C0001782,C0001782,train
C0001783,C0001783,train
C0001784,C0001784,train
C0001785,C0001785,train
C0001786,C0001786,train
C0001787,C0001787,train
C0001788,C0001788,train
C0001789,C0001789,test
C0001790,C0005070,train
C0001791,C0001791,train
C0001792,C0001792,train
C0001793,C0004420,val
C0001794,C0001794,train
C0001795,C0001795,train
C0001796,C0001796,train
C0001797,C0001797,train
C0001798,C0001798,train
C0001799,C0001799,train
C0001800,C0001800,test
C0001801,C0001801,train
C0001802,C0001802,train
C0001803,C0001803,train
C0001804,C0005941,train
C0001805,C0001805,train
C0001806,C0001806,train
C0001807,C0001807,test
C0001808,C0005252,test
C0001809,C0001809,train
C0001810,C0001810,train
C0001811,C0003372,train
C0001812,C0001812,val
C0001813,C0003451,train
C0001814,C0001814,train
C0001815,C0001815,test
C0001816,C0004852,train
C0001817,C0001817,train
C0001818,C0001818,val
C0001819,C0001819,train
C0001820,C0001820,train
C0001821,C0001821,train
C0001822,C0001822,train
C0001823,C0001823,train
C0001824,C0001824,val
C0001825,C0001825,train
C0001826,C0001826,val
C0001827,C0001827,train
C0001828,C0001828,train
C0001829,C0001829,train
C0001830,C0001830,train
C0001831,C0004215,test
C0001832,C0001832,val
C0001833,C0001833,train
C0001834,C0001834,val
C0001835,C0003286,test
C0001836,C0001836,train
C0001837,C0004972,train
C0001838,C0004419,train
C0001839,C0001839,val
C0001840,C0001840,train
C0001841,C0001841,test
C0001842,C0001842,test
C0001843,C0001843,train
C0001844,C0001844,train
C0001845,C0001845,train
C0001846,C0001846,train
C0001847,C0001847,test
C0001848,C0001848,test
C0001849,C0001849,train
C0001850,C0001850,train
C0001851,C0001851,train
C0001852,C0001852,train
C0001853,C0005133,train
C0001854,C0005802,train
C0001855,C0003647,train
C0001856,C0004419,train
C0001857,C0001857,train
C0001858,C0001858,train
C0001859,C0001859,train
C0001860,C0001860,train
C0001861,C0001861,train
C0001862,C0001862,train
C0001863,C0005842,val
C0001864,C0001864,train
C0001865,C0002715,train
C0001866,C0001866,test
C0001867,C0001867,test
C0001868,C0001868,train
C0001869,C0001869,train
C0001870,C0001870,test
C0001871,C0001871,test
C0001872,C0005420,test
C0001873,C0001873,test
C0001874,C0001874,test
C0001875,C0001875,train
C0001876,C0001876,train
C0001877,C0001877,train
C0001878,C0001878,train
C0001879,C0001879,test
C0001880,C0001880,train
C0001881,C0001881,train
C0001882,C0001882,train
C0001883,C0001883,train
C0001884,C0001884,train
C0001885,C0001885,train
C0001886,C0001886,train
C0001887,C0001887,train
C0001888,C0001888,train
C0001889,C0001889,train
C0001890,C0001890,train
C0001891,C0001891,test
C0001892,C0003372,train
C0001893,C0001893,test
C0001894,C0002981,test
C0001895,C0001895,train
C0001896,C0001896,train
C0001897,C0001897,train
C0001898,C0002621,test
C0001899,C0003624,train
C0001900,C0001900,train
C0001901,C0004354,train
C0001902,C0001902,test
C0001903,C0001903,train
C0001904,C0001904,train
C0001905,C0004833,test
C0001906,C0001906,train
C0001907,C0001261,val
C0001908,C0001908,train
C0001909,C0001909,test
C0001910,C0001910,train
C0001911,C0001911,train
C0001912,C0001912,test
C0001913,C0001913,train
C0001914,C0001914,train
C0001915,C0001915,train
C0001916,C0001916,train
C0001917,C0001917,train
C0001918,C0001918,train
C0001919,C0001919,train
C0001920,C0001920,train
C0001921,C0002720,train
C0001922,C0001922,train
C0001923,C0002720,train
C0001924,C0004797,train
C0001925,C0001925,train
C0001926,C0001926,train
C0001927,C0001927,test
C0001928,C0001928,test
C0001929,C0001929,train
C0001930,C0001930,train
C0001931,C0001931,train
C0001932,C0001932,train
C0001933,C0003424,train
C0001934,C0001934,train
C0001935,C0001935,test
C0001936,C0001528,train
C0001937,C0001937,train
C0001938,C0001938,train
C0001939,C0003040,train
C0001940,C0001940,train
C0001941,C0001941,train
C0001942,C0001942,test
C0001943,C0003126,train
C0001944,C0001944,test
C0001945,C0001945,test
C0001946,C0001946,train
C0001947,C0001947,train
C0001948,C0001948,train
C0001949,C0001949,train
C0001950,C0005127,train
C0001951,C0001951,train
C0001952,C0001952,train
C0001953,C0001953,train
C0001954,C0001954,train
C0001955,C0001955,train
C0001956,C0001956,train
C0001957,C0001957,train
C0001958,C0001958,train
C0001959,C0001959,train
C0001960,C0001960,train
C0001961,C0001961,val
C0001962,C0001962,train
C0001963,C0001963,val
C0001964,C0005196,train
C0001965,C0005601,train
C0001966,C0001966,train
C0001967,C0003681,train
C0001968,C0001968,train
C0001969,C0001969,train
C0001970,C0001970,test
C0001971,C0001971,train
C0001972,C0001972,test
C0001973,C0001973,train
C0001974,C0001974,test
C0001975,C0001975,train
C0001976,C0001976,train
C0001977,C0001977,test
C0001978,C0001978,train
C0001979,C0001979,train
C0001980,C0001980,test
C0001981,C0001981,train
C0001982,C0001982,train
C0001983,C0001983,train
C0001984,C0001984,test
C0001985,C0001985,val
C0001986,C0001986,train
C0001987,C0001987,train
C0001988,C0005426,train
C0001989,C0001989,val
C0001990,C0001990,train
C0001991,C0001991,test
C0001992,C0001992,train
C0001993,C0001993,train
C0001994,C0001994,train
C0001995,C0001995,train
C0001996,C0001996,train
C0001997,C0001997,test
C0001998,C0001998,train
C0001999,C0001999,train
C0002000,C0002000,train
C0002001,C0002001,train
C0002002,C0002002,test
C0002003,C0005886,test
C0002004,C0002004,val
C0002005,C0004524,train
C0002006,C0002006,train
C0002007,C0002007,train
C0002008,C0002008,train
C0002009,C0002009,train
C0002010,C0002505,test
C0002011,C0003254,test
C0002012,C0002012,train
C0002013,C0002013,train
C0002014,C0002014,train
C0002015,C0002015,val
C0002016,C0002016,train
C0002017,C0002017,train
C0002018,C0005446,train
C0002019,C0002019,test
C0002020,C0002020,train
C0002021,C0002021,test
C0002022,C0002022,train
C0002023,C0002023,test
C0002024,C0002024,val
C0002025,C0002025,train
C0002026,C0002026,train
C0002027,C0002027,train
C0002028,C0002028,train
C0002029,C0002029,val
C0002030,C0004909,val
C0002031,C0003079,train
C0002032,C0002032,train
C0002033,C0004045,test
C0002034,C0002034,train
C0002035,C0002035,train
C0002036,C0002036,train
C0002037,C0002037,train
C0002038,C0004030,train
C0002039,C0002039,train
C0002040,C0002040,train
C0002041,C0002041,train
C0002042,C0002042,train
C0002043,C0002043,test
C0002044,C0002044,test
C0002045,C0002045,train
C0002046,C0002046,val
C0002047,C0002047,train
C0002048,C0002048,test
C0002049,C0002049,test
C0002050,C0002050,val
C0002051,C0002051,test
C0002052,C0002052,train
C0002053,C0002053,train
C0002054,C0002054,val
C0002055,C0002055,val
C0002056,C0002056,train
C0002057,C0002057,train
C0002058,C0002786,train
C0002059,C0002059,train
C0002060,C0002060,train
C0002061,C0002061,test
C0002062,C0002062,val
C0002063,C0002063,train
C0002064,C0002064,train
C0002065,C0002065,val
C0002066,C0002066,test
C0002067,C0002067,train
C0002068,C0002068,test
C0002069,C0002069,train
C0002070,C0002070,train
C0002071,C0002071,train
C0002072,C0002072,train
C0002073,C0005830,train
C0002074,C0001711,test
C0002075,C0002075,train
C0002076,C0002076,test
C0002077,C0002077,train
C0002078,C0002078,train
C0002079,C0004420,val
C0002080,C0002080,train
C0002081,C0002081,train
C0002082,C0002082,val
C0002083,C0002083,train
C0002084,C0002084,train
C0002085,C0003930,train
C0002086,C0004927,train
C0002087,C0002087,val
C0002088,C0002088,train
C0002089,C0002089,val
C0002090,C0005140,train
C0002091,C0002091,test
C0002092,C0002092,train
C0002093,C0005624,train
C0002094,C0002094,train
C0002095,C0002095,train
C0002096,C0002096,train
C0002097,C0002097,test
C0002098,C0002098,train
C0002099,C0002099,train
C0002100,C0002874,val
C0002101,C0002101,val
C0002102,C0002102,train
C0002103,C0002103,val
C0002104,C0005059,train
C0002105,C0002105,train
C0002106,C0002106,train
C0002107,C0002107,test
C0002108,C0002108,train
C0002109,C0002109,val
C0002110,C0002110,train
C0002111,C0002111,test
C0002112,C0002112,val
C0002113,C0002113,train
C0002114,C0002114,val
C0002115,C0002115,train
C0002116,C0002116,train
C0002117,C0002117,test
C0002118,C0002118,train
C0002119,C0002119,train
C0002120,C0002120,test
C0002121,C0002121,test
C0002122,C0002122,val
C0002123,C0002123,train
C0002124,C0002124,test
C0002125,C0002125,val
C0002126,C0002126,test
C0002127,C0002127,test
C0002128,C0002128,train
C0002129,C0002129,val
C0002130,C0002130,test
C0002131,C0002131,train
C0002132,C0002132,train
C0002133,C0004452,test
C0002134,C0002134,train
C0002135,C0005028,train
C0002136,C0002136,test
C0002137,C0002137,train
C0002138,C0002138,train
C0002139,C0002139,train
C0002140,C0002140,train
C0002141,C0002141,train
C0002142,C0003305,train
C0002143,C0002143,train
C0002144,C0004788,val
C0002145,C0005342,train
C0002146,C0002146,train
C0002147,C0002147,train
C0002148,C0002148,train
C0002149,C0002149,test
C0002150,C0004833,test
C0002151,C0002151,test
C0002152,C0002152,train
C0002153,C0002153,train
C0002154,C0002154,train
C0002155,C0004511,val
C0002156,C0002156,train
C0002157,C0003090,train
C0002158,C0005755,train
C0002159,C0002159,train
C0002160,C0002160,test
C0002161,C0002161,train
C0002162,C0002162,train
C0002163,C0002163,train
C0002164,C0002348,test
C0002165,C0002165,train
C0002166,C0001528,train
C0002167,C0002925,train
C0002168,C0004533,train
C0002169,C0002169,test
C0002170,C0002170,train
C0002171,C0002171,train
C0002172,C0002172,test
C0002173,C0002173,train
C0002174,C0002174,train
C0002175,C0002175,train
C0002176,C0002176,test
C0002177,C0002177,train
C0002178,C0002178,train
C0002179,C0002179,val
C0002180,C0002180,val
C0002181,C0002181,test
C0002182,C0004913,train
C0002183,C0005070,train
C0002184,C0002184,train
C0002185,C0002185,train
C0002186,C0002186,train
C0002187,C0002187,train
C0002188,C0002188,train
C0002189,C0002189,train
C0002190,C0002190,test
C0002191,C0005050,train
C0002192,C0003624,train
C0002193,C0002193,train
C0002194,C0002194,val
C0002195,C0004876,val
C0002196,C0002196,train
C0002197,C0002197,test
C0002198,C0002198,train
C0002199,C0002199,train
C0002200,C0002200,train
C0002201,C0002201,train
C0002202,C0002202,train
C0002203,C0002203,train
C0002204,C0002204,train
C0002205,C0002205,train
C0002206,C0002206,train
C0002207,C0004205,train
C0002208,C0002208,train
C0002209,C0002209,val
C0002210,C0002210,train
C0002211,C0002211,train
C0002212,C0004365,test
C0002213,C0002213,train
C0002214,C0002214,train
C0002215,C0002215,train
C0002216,C0002216,train
C0002217,C0003891,train
C0002218,C0002218,train
C0002219,C0002219,train
C0002220,C0004128,train
C0002221,C0002221,train
C0002222,C0002222,train
C0002223,C0002223,val
C0002224,C0002224,train
C0002225,C0002225,train
C0002226,C0002226,train
C0002227,C0002227,train
C0002228,C0002228,train
C0002229,C0002229,train
C0002230,C0002230,train
C0002231,C0002231,val
C0002232,C0005840,train
C0002233,C0002233,train
C0002234,C0002234,train
C0002235,C0002235,train
C0002236,C0002236,train
C0002237,C0002237,train
C0002238,C0002238,train
C0002239,C0005356,val
C0002240,C0005692,train
C0002241,C0004512,train
C0002242,C0002242,train
C0002243,C0002243,val
C0002244,C0002244,test
C0002245,C0002245,val
C0002246,C0002246,train
C0002247,C0002247,val
C0002248,C0002560,val
C0002249,C0002249,test
C0002250,C0002250,train
C0002251,C0002251,train
C0002252,C0002252,train
C0002253,C0002253,test
C0002254,C0002254,train
C0002255,C0003957,train
C0002256,C0002256,test
C0002257,C0002257,train
C0002258,C0005977,train
C0002259,C0005006,test
C0002260,C0002260,train
C0002261,C0002261,test
C0002262,C0002262,train
C0002263,C0002263,train
C0002264,C0002264,train
C0002265,C0002265,val
C0002266,C0002266,train
C0002267,C0002267,train
C0002268,C0002268,train
C0002269,C0002269,test
C0002270,C0002270,train
C0002271,C0002271,train
C0002272,C0002272,train
C0002273,C0002493,test
C0002274,C0002274,train
C0002275,C0005920,test
C0002276,C0003206,test
C0002277,C0002493,test
C0002278,C0002278,test
C0002279,C0002279,train
C0002280,C0002280,train
C0002281,C0002281,train
C0002282,C0002282,train
C0002283,C0002283,train
C0002284,C0005602,test
C0002285,C0002285,train
C0002286,C0002286,train
C0002287,C0002287,train
C0002288,C0002288,train
C0002289,C0002289,train
C0002290,C0002290,val
C0002291,C0005070,train
C0002292,C0002292,train
C0002293,C0002293,test
C0002294,C0002294,train
C0002295,C0002295,train
C0002296,C0002296,train
C0002297,C0002297,train
C0002298,C0002298,train
C0002299,C0002299,train
C0002300,C0002300,train
C0002301,C0002301,train
C0002302,C0002302,train
C0002303,C0002303,train
C0002304,C0002304,train
C0002305,C0002305,train
C0002306,C0002306,test
C0002307,C0002307,val
C0002308,C0002308,train
C0002309,C0002309,train
C0002310,C0002475,train
C0002311,C0002311,train
C0002312,C0004461,train
C0002313,C0005917,train
C0002314,C0002314,test
C0002315,C0002315,train
C0002316,C0002316,test
C0002317,C0002317,train
C0002318,C0002318,test
C0002319,C0002319,val
C0002320,C0004993,train
C0002321,C0002321,train
C0002322,C0002322,test
C0002323,C0005759,train
C0002324,C0002324,train
C0002325,C0005151,train
C0002326,C0002326,train
C0002327,C0003424,train
C0002328,C0002328,test
C0002329,C0002329,train
C0002330,C0002330,train
C0002331,C0003957,train
C0002332,C0002332,train
C0002333,C0002333,train
C0002334,C0002334,train
C0002335,C0002335,train
C0002336,C0002336,train
C0002337,C0002337,train
C0002338,C0002338,train
C0002339,C0004127,train
C0002340,C0002340,test
C0002341,C0002341,train
C0002342,C0002342,train
C0002343,C0002343,train
C0002344,C0002344,test
C0002345,C0002345,val
C0002346,C0002346,train
C0002347,C0001524,train
C0002348,C0002348,test
C0002349,C0002349,test
C0002350,C0002350,train
C0002351,C0002351,test
C0002352,C0002352,train
C0002353,C0004770,train
C0002354,C0002354,train
C0002355,C0005843,test
C0002356,C0002356,train
C0002357,C0002357,train
C0002358,C0003206,test
C0002359,C0003647,train
C0002360,C0005478,test
C0002361,C0005624,train
C0002362,C0002362,test
C0002363,C0002363,train
C0002364,C0002364,train
C0002365,C0002365,test
C0002366,C0002366,train
C0002367,C0005176,train
C0002368,C0002368,test
C0002369,C0002369,test
C0002370,C0002370,train
C0002371,C0002371,train
C0002372,C0002372,train
C0002373,C0002373,train
C0002374,C0002374,train
C0002375,C0002375,train
C0002376,C0003567,train
C0002377,C0002377,train
C0002378,C0002378,train
C0002379,C0002379,val
C0002380,C0002380,train
C0002381,C0002381,val
C0002382,C0004876,val
C0002383,C0002383,test
C0002384,C0002384,val
C0002385,C0002385,train
C0002386,C0003817,test
C0002387,C0002387,test
C0002388,C0002388,train
C0002389,C0000865,train
C0002390,C0002390,test
C0002391,C0002391,train
C0002392,C0002392,val
C0002393,C0002393,train
C0002394,C0004359,val
C0002395,C0002395,train
C0002396,C0002396,train
C0002397,C0002397,test
C0002398,C0002398,test
C0002399,C0002399,test
C0002400,C0002400,train
C0002401,C0002505,test
C0002402,C0002402,test
C0002403,C0002403,train
C0002404,C0002404,test
C0002405,C0002405,train
C0002406,C0002406,train
C0002407,C0002407,train
C0002408,C0002408,train
C0002409,C0002409,val
C0002410,C0002410,train
C0002411,C0002411,train
C0002412,C0005426,train
C0002413,C0002413,val
C0002414,C0002414,val
C0002415,C0002415,train
C0002416,C0002416,train
C0002417,C0002417,train
C0002418,C0002418,train
C0002419,C0002419,train
C0002420,C0002420,train
C0002421,C0004461,train
C0002422,C0002422,test
C0002423,C0002423,test
C0002424,C0003233,test
C0002425,C0005919,train
C0002426,C0002426,test
C0002427,C0002427,train
C0002428,C0002428,train
C0002429,C0002429,train
C0002430,C0002430,train
C0002431,C0002431,train
C0002432,C0002432,train
C0002433,C0002433,train
C0002434,C0002434,train
C0002435,C0002435,test
C0002436,C0002436,train
C0002437,C0002437,test
C0002438,C0004452,test
C0002439,C0002439,train
C0002440,C0002440,val
C0002441,C0002441,train
C0002442,C0002442,train
C0002443,C0004852,train
C0002444,C0002444,train
C0002445,C0002445,val
C0002446,C0002446,train
C0002447,C0002447,train
C0002448,C0002448,val
C0002449,C0002449,test
C0002450,C0005050,train
C0002451,C0002451,test
C0002452,C0002452,test
C0002453,C0002453,train
C0002454,C0002454,test
C0002455,C0002455,test
C0002456,C0002456,train
C0002457,C0002457,train
C0002458,C0002458,train
C0002459,C0002459,train
C0002460,C0002460,train
C0002461,C0002461,val
C0002462,C0002462,test
C0002463,C0004452,test
C0002464,C0002464,train
C0002465,C0002465,train
C0002466,C0002466,train
C0002467,C0002467,train
C0002468,C0002468,train
C0002469,C0002469,train
C0002470,C0002470,train
C0002471,C0002471,val
C0002472,C0002472,train
C0002473,C0002245,val
C0002474,C0002474,val
C0002475,C0002475,train
C0002476,C0002476,val
C0002477,C0005133,train
C0002478,C0001738,train
C0002479,C0002479,train
C0002480,C0005369,test
C0002481,C0003126,train
C0002482,C0002482,train
C0002483,C0002483,train
C0002484,C0002484,train
C0002485,C0003801,train
C0002486,C0002486,test
C0002487,C0002487,test
C0002488,C0002763,test
C0002489,C0005104,test
C0002490,C0002490,train
C0002491,C0002491,train
C0002492,C0002492,train
C0002493,C0002493,test
C0002494,C0004962,train
C0002495,C0002495,train
C0002496,C0002496,train
C0002497,C0002497,test
C0002498,C0005927,train
C0002499,C0002499,train
C0002500,C0002500,test
C0002501,C0002501,train
C0002502,C0002502,val
C0002503,C0002503,val
C0002504,C0002504,train
C0002505,C0002505,test
C0002506,C0002506,test
C0002507,C0002507,train
C0002508,C0002508,train
C0002509,C0002509,train
C0002510,C0000865,train
C0002511,C0002511,train
C0002512,C0002512,test
C0002513,C0002513,train
C0002514,C0002514,train
C0002515,C0002515,train
C0002516,C0004645,train
C0002517,C0002517,train
C0002518,C0002518,train
C0002519,C0002519,val
C0002520,C0002520,val
C0002521,C0002820,train
C0002522,C0002522,train
C0002523,C0003305,train
C0002524,C0002524,test
C0002525,C0002525,train
C0002526,C0002526,train
C0002527,C0002527,train
C0002528,C0003348,train
C0002529,C0002529,train
C0002530,C0002530,train
C0002531,C0002531,train
C0002532,C0002532,train
C0002533,C0004512,train
C0002534,C0002720,train
C0002535,C0002535,train
C0002536,C0002536,train
C0002537,C0005218,train
C0002538,C0002538,train
C0002539,C0002539,test
C0002540,C0002540,test
C0002541,C0002541,test
C0002542,C0002820,train
C0002543,C0002543,train
C0002544,C0005886,test
C0002545,C0002545,test
C0002546,C0002546,train
C0002547,C0002547,train
C0002548,C0003092,train
C0002549,C0002549,train
C0002550,C0002550,val
C0002551,C0002551,train
C0002552,C0002552,train
C0002553,C0002553,test
C0002554,C0002554,train
C0002555,C0002555,test
C0002556,C0002556,train
C0002557,C0002557,val
C0002558,C0002558,test
C0002559,C0002559,train
C0002560,C0002560,val
C0002561,C0002561,train
C0002562,C0002562,train
C0002563,C0002563,val
C0002564,C0002564,train
C0002565,C0002565,train
C0002566,C0002566,train
C0002567,C0002567,train
C0002568,C0002568,train
C0002569,C0002569,train
C0002570,C0002570,train
C0002571,C0003676,train
C0002572,C0005555,train
C0002573,C0002573,train
C0002574,C0002574,train
C0002575,C0002575,train
C0002576,C0002576,train
C0002577,C0002577,val
C0002578,C0002578,test
C0002579,C0002579,train
C0002580,C0002580,test
C0002581,C0002581,train
C0002582,C0005769,train
C0002583,C0003933,train
C0002584,C0002584,train
C0002585,C0002585,val
C0002586,C0002586,test
C0002587,C0002587,train
C0002588,C0002588,train
C0002589,C0002589,train
C0002590,C0002590,train
C0002591,C0005104,test
C0002592,C0002592,train
C0002593,C0002593,train
C0002594,C0002594,test
C0002595,C0002595,train
C0002596,C0002596,train
C0002597,C0002597,train
C0002598,C0002598,train
C0002599,C0002599,train
C0002600,C0002600,train
C0002601,C0002601,train
C0002602,C0002602,train
C0002603,C0002603,train
C0002604,C0002604,train
C0002605,C0002605,test
C0002606,C0002606,train
C0002607,C0001852,train
C0002608,C0002608,train
C0002609,C0002609,test
C0002610,C0002610,val
C0002611,C0002611,train
C0002612,C0002612,train
C0002613,C0002613,train
C0002614,C0002614,train
C0002615,C0002615,train
C0002616,C0002616,train
C0002617,C0002617,test
C0002618,C0002618,train
C0002619,C0004228,train
C0002620,C0002620,train
C0002621,C0002621,test
C0002622,C0002622,train
C0002623,C0002623,test
C0002624,C0002624,train
C0002625,C0002625,train
C0002626,C0002626,train
C0002627,C0001528,train
C0002628,C0002628,train
C0002629,C0002629,train
C0002630,C0002630,train
C0002631,C0002631,train
C0002632,C0002632,train
C0002633,C0002633,val
C0002634,C0002634,train
C0002635,C0002635,train
C0002636,C0002636,train
C0002637,C0003126,train
C0002638,C0002638,test
C0002639,C0002639,train
C0002640,C0002640,train
C0002641,C0002641,test
C0002642,C0002642,train
C0002643,C0002643,train
C0002644,C0005414,test
C0002645,C0002645,train
C0002646,C0002646,train
C0002647,C0002715,train
C0002648,C0002648,val
C0002649,C0004755,val
C0002650,C0005886,test
C0002651,C0004755,val
C0002652,C0002652,train
C0002653,C0002653,test
C0002654,C0002654,train
C0002655,C0002655,test
C0002656,C0002656,test
C0002657,C0004833,test
C0002658,C0002658,train
C0002659,C0002659,train
C0002660,C0002660,test
C0002661,C0002661,train
C0002662,C0002662,test
C0002663,C0002663,train
C0002664,C0005343,train
C0002665,C0002665,train
C0002666,C0002666,val
C0002667,C0002667,test
C0002668,C0002668,train
C0002669,C0004663,train
C0002670,C0005843,test
C0002671,C0002671,train
C0002672,C0004837,test
C0002673,C0002673,test
C0002674,C0002674,train
C0002675,C0005761,test
C0002676,C0002676,train
C0002677,C0002677,train
C0002678,C0002678,train
C0002679,C0002679,train
C0002680,C0002680,train
C0002681,C0002681,train
C0002682,C0002682,train
C0002683,C0002683,train
C0002684,C0002684,train
C0002685,C0002685,train
C0002686,C0004069,test
C0002687,C0002687,val
C0002688,C0002688,train
C0002689,C0002689,test
C0002690,C0003040,train
C0002691,C0002691,train
C0002692,C0001711,test
C0002693,C0002693,train
C0002694,C0002694,val
C0002695,C0002695,train
C0002696,C0002696,train
C0002697,C0002697,train
C0002698,C0002698,val
C0002699,C0002699,train
C0002700,C0002700,train
C0002701,C0002701,train
C0002702,C0002702,train
C0002703,C0002703,train
C0002704,C0002704,test
C0002705,C0002705,test
C0002706,C0002706,train
C0002707,C0002707,train
C0002708,C0004365,test
C0002709,C0002709,train
C0002710,C0002710,val
C0002711,C0003222,train
C0002712,C0002712,test
C0002713,C0002713,val
C0002714,C0004359,val
C0002715,C0002715,train
C0002716,C0002716,train
C0002717,C0002717,train
C0002718,C0002718,train
C0002719,C0004938,train
C0002720,C0002720,train
C0002721,C0002721,train
C0002722,C0002722,train
C0002723,C0002723,val
C0002724,C0002724,train
C0002725,C0002725,train
C0002726,C0002726,train
C0002727,C0002727,train
C0002728,C0002728,train
C0002729,C0002729,train
C0002730,C0002730,train
C0002731,C0002731,test
C0002732,C0002732,train
C0002733,C0000799,train
C0002734,C0002734,train
C0002735,C0002735,train
C0002736,C0002736,val
C0002737,C0002737,train
C0002738,C0002738,val
C0002739,C0002739,val
C0002740,C0002740,train
C0002741,C0002741,train
C0002742,C0002742,train
C0002743,C0002743,train
C0002744,C0002744,train
C0002745,C0002745,train
C0002746,C0002746,train
C0002747,C0002747,train
C0002748,C0002748,val
C0002749,C0002749,train
C0002750,C0002750,train
C0002751,C0004737,train
C0002752,C0001797,train
C0002753,C0004419,train
C0002754,C0002754,train
C0002755,C0002755,train
C0002756,C0002756,train
C0002757,C0002757,train
C0002758,C0002758,train
C0002759,C0002759,train
C0002760,C0002760,test
C0002761,C0002761,train
C0002762,C0002762,train
C0002763,C0002763,test
C0002764,C0002764,train
C0002765,C0004546,train
C0002766,C0002766,train
C0002767,C0002767,train
C0002768,C0002768,train
C0002769,C0002769,test
C0002770,C0002770,train
C0002771,C0002771,train
C0002772,C0002772,train
C0002773,C0002773,train
C0002774,C0002774,val
C0002775,C0003576,train
C0002776,C0002776,train
C0002777,C0002777,test
C0002778,C0002778,train
C0002779,C0002779,train
C0002780,C0002780,train
C0002781,C0002781,train
C0002782,C0002782,train
C0002783,C0002783,train
C0002784,C0002784,train
C0002785,C0002785,val
C0002786,C0002786,train
C0002787,C0002787,train
C0002788,C0005050,train
C0002789,C0002789,val
C0002790,C0002790,train
C0002791,C0002791,train
C0002792,C0004327,train
C0002793,C0002793,train
C0002794,C0002794,train
C0002795,C0002795,val
C0002796,C0002796,test
C0002797,C0002797,train
C0002798,C0002798,val
C0002799,C0002799,train
C0002800,C0004953,train
C0002801,C0002801,train
C0002802,C0005028,train
C0002803,C0002803,train
C0002804,C0002804,train
C0002805,C0002805,test
C0002806,C0004090,train
C0002807,C0002807,train
C0002808,C0002808,train
C0002809,C0002809,train
C0002810,C0002810,train
C0002811,C0002811,train
C0002812,C0002812,train
C0002813,C0004291,val
C0002814,C0002814,train
C0002815,C0002815,train
C0002816,C0002816,train
C0002817,C0002817,train
C0002818,C0005878,train
C0002819,C0002819,test
C0002820,C0002820,train
C0002821,C0002821,train
C0002822,C0003567,train
C0002823,C0004797,train
C0002824,C0002824,val
C0002825,C0002825,test
C0002826,C0002826,val
C0002827,C0002827,train
C0002828,C0004645,train
C0002829,C0002829,train
C0002830,C0002830,train
C0002831,C0005231,test
C0002832,C0002832,train
C0002833,C0002833,train
C0002834,C0002834,train
C0002835,C0002835,train
C0002836,C0002836,train
C0002837,C0002837,train
C0002838,C0002838,train
C0002839,C0002839,train
C0002840,C0002840,test
C0002841,C0002841,test
C0002842,C0002842,train
C0002843,C0002843,val
C0002844,C0002844,test
C0002845,C0002845,train
C0002846,C0002846,train
C0002847,C0002847,val
C0002848,C0001528,train
C0002849,C0002849,train
C0002850,C0002850,test
C0002851,C0002851,test
C0002852,C0002852,train
C0002853,C0002853,test
C0002854,C0002854,train
C0002855,C0005369,test
C0002856,C0002856,train
C0002857,C0002857,train
C0002858,C0002858,val
C0002859,C0002859,train
C0002860,C0002860,val
C0002861,C0002861,train
C0002862,C0004799,test
C0002863,C0002863,test
C0002864,C0002864,test
C0002865,C0002865,train
C0002866,C0002866,test
C0002867,C0005498,test
C0002868,C0002868,val
C0002869,C0002869,train
C0002870,C0002870,val
C0002871,C0005755,train
C0002872,C0002872,train
C0002873,C0002873,train
C0002874,C0002874,val
C0002875,C0002875,train
C0002876,C0002876,val
C0002877,C0003348,train
C0002878,C0002878,train
C0002879,C0002879,train
C0002880,C0004865,val
C0002881,C0002881,train
C0002882,C0002882,train
C0002883,C0003424,train
C0002884,C0004541,train
C0002885,C0003567,train
C0002886,C0002886,train
C0002887,C0002887,train
C0002888,C0002888,train
C0002889,C0002889,test
C0002890,C0002890,train
C0002891,C0002891,train
C0002892,C0003424,train
C0002893,C0002893,val
C0002894,C0002894,train
C0002895,C0002895,test
C0002896,C0002896,train
C0002897,C0002897,train
C0002898,C0002898,train
C0002899,C0002899,test
C0002900,C0004432,test
C0002901,C0002901,train
C0002902,C0002902,train
C0002903,C0002903,train
C0002904,C0002904,train
C0002905,C0002905,train
C0002906,C0002906,train
C0002907,C0002907,train
C0002908,C0002908,test
C0002909,C0002909,train
C0002910,C0002910,train
C0002911,C0002911,train
C0002912,C0002912,train
C0002913,C0002913,test
C0002914,C0002914,train
C0002915,C0002915,train
C0002916,C0002916,train
C0002917,C0002917,train
C0002918,C0002918,train
C0002919,C0005176,train
C0002920,C0002920,val
C0002921,C0002921,train
C0002922,C0002922,train
C0002923,C0002923,train
C0002924,C0002924,train
C0002925,C0002925,train
C0002926,C0002926,test
C0002927,C0002927,train
C0002928,C0002928,train
C0002929,C0002929,train
C0002930,C0002930,train
C0002931,C0002931,train
C0002932,C0002932,train
C0002933,C0005624,train
C0002934,C0002934,train
C0002935,C0005414,test
C0002936,C0002936,test
C0002937,C0002937,train
C0002938,C0002938,test
C0002939,C0002939,test
C0002940,C0001413,train
C0002941,C0002941,val
C0002942,C0004614,val
C0002943,C0002943,train
C0002944,C0002944,train
C0002945,C0002945,train
C0002946,C0002946,train
C0002947,C0005648,train
C0002948,C0005960,train
C0002949,C0002949,val
C0002950,C0002950,train
C0002951,C0002951,train
C0002952,C0002952,train
C0002953,C0002953,train
C0002954,C0002954,val
C0002955,C0002955,test
C0002956,C0004663,train
C0002957,C0002957,train
C0002958,C0002958,train
C0002959,C0002959,test
C0002960,C0004341,val
C0002961,C0002961,train
C0002962,C0002962,train
C0002963,C0002963,train
C0002964,C0004546,train
C0002965,C0002965,test
C0002966,C0002966,train
C0002967,C0002967,train
C0002968,C0002968,test
C0002969,C0002969,val
C0002970,C0002970,train
C0002971,C0002971,train
C0002972,C0002972,test
C0002973,C0002973,train
C0002974,C0002974,test
C0002975,C0002975,train
C0002976,C0002976,train
C0002977,C0002977,train
C0002978,C0002978,train
C0002979,C0002979,test
C0002980,C0002980,train
C0002981,C0002981,test
C0002982,C0002982,train
C0002983,C0002983,train
C0002984,C0002984,train
C0002985,C0002985,train
C0002986,C0002986,test
C0002987,C0002987,train
C0002988,C0003603,test
C0002989,C0002989,train
C0002990,C0002990,test
C0002991,C0002991,test
C0002992,C0002992,train
C0002993,C0005269,val
C0002994,C0002994,test
C0002995,C0002995,val
C0002996,C0005709,train
C0002997,C0002997,val
C0002998,C0002998,test
C0002999,C0002999,train
C0003000,C0002684,train
C0003001,C0003001,train
C0003002,C0003002,train
C0003003,C0003003,train
C0003004,C0004584,train
C0003005,C0003005,test
C0003006,C0003006,test
C0003007,C0003007,test
C0003008,C0003008,train
C0003009,C0003902,train
C0003010,C0003010,train
C0003011,C0003011,val
C0003012,C0004618,train
C0003013,C0003013,train
C0003014,C0003014,test
C0003015,C0003015,train
C0003016,C0003016,train
C0003017,C0005085,train
C0003018,C0003018,test
C0003019,C0003019,train
C0003020,C0003020,train
C0003021,C0005692,train
C0003022,C0003022,train
C0003023,C0000799,train
C0003024,C0005919,train
C0003025,C0003025,train
C0003026,C0003661,val
C0003027,C0003027,train
C0003028,C0003028,train
C0003029,C0003029,train
C0003030,C0003030,train
C0003031,C0005856,train
C0003032,C0003032,train
C0003033,C0005755,train
C0003034,C0003034,train
C0003035,C0003035,train
C0003036,C0003254,test
C0003037,C0003037,val
C0003038,C0003038,train
C0003039,C0003039,train
C0003040,C0003040,train
C0003041,C0003041,train
C0003042,C0003042,test
C0003043,C0003043,train
C0003044,C0003044,train
C0003045,C0003045,train
C0003046,C0003046,val
C0003047,C0005144,test
C0003048,C0003048,train
C0003049,C0004291,val
C0003050,C0003050,train
C0003051,C0005647,train
C0003052,C0003052,train
C0003053,C0003053,val
C0003054,C0003054,train
C0003055,C0003055,train
C0003056,C0003056,train
C0003057,C0004706,train
C0003058,C0003058,train
C0003059,C0003059,train
C0003060,C0003060,train
C0003061,C0003061,train
C0003062,C0003062,train
C0003063,C0003063,train
C0003064,C0003064,train
C0003065,C0005915,train
C0003066,C0003066,train
C0003067,C0003067,train
C0003068,C0003068,train
C0003069,C0003069,train
C0003070,C0003070,train
C0003071,C0003783,train
C0003072,C0003072,test
C0003073,C0003073,test
C0003074,C0003074,test
C0003075,C0003075,train
C0003076,C0003076,train
C0003077,C0003077,val
C0003078,C0003078,test
C0003079,C0003079,train
C0003080,C0003080,train
C0003081,C0003902,train
C0003082,C0003082,val
C0003083,C0004706,train
C0003084,C0003084,val
C0003085,C0003085,val
C0003086,C0003086,train
C0003087,C0003087,test
C0003088,C0003088,train
C0003089,C0003089,train
C0003090,C0003090,train
C0003091,C0003091,test
C0003092,C0003092,train
C0003093,C0003093,train
C0003094,C0004736,train
C0003095,C0003095,train
C0003096,C0003096,train
C0003097,C0004432,test
C0003098,C0003098,train
C0003099,C0003099,train
C0003100,C0003100,train
C0003101,C0003101,test
C0003102,C0004953,train
C0003103,C0003103,test
C0003104,C0003104,train
C0003105,C0003105,train
C0003106,C0003106,val
C0003107,C0003107,train
C0003108,C0005802,train
C0003109,C0003583,train
C0003110,C0005877,train
C0003111,C0003111,train
C0003112,C0003334,val
C0003113,C0003113,train
C0003114,C0003114,train
C0003115,C0003115,test
C0003116,C0003116,test
C0003117,C0005792,train
C0003118,C0003118,val
C0003119,C0005927,train
C0003120,C0003120,train
C0003121,C0003121,train
C0003122,C0003122,val
C0003123,C0003123,test
C0003124,C0003124,train
C0003125,C0003125,train
C0003126,C0003126,train
C0003127,C0004049,train
C0003128,C0003128,train
C0003129,C0003129,test
C0003130,C0003130,train
C0003131,C0003131,test
C0003132,C0003132,train
C0003133,C0003133,test
C0003134,C0003134,train
C0003135,C0003135,train
C0003136,C0003136,test
C0003137,C0003137,train
C0003138,C0003138,train
C0003139,C0003139,train
C0003140,C0003140,train
C0003141,C0005356,val
C0003142,C0003142,train
C0003143,C0003143,train
C0003144,C0003144,test
C0003145,C0003145,test
C0003146,C0003146,train
C0003147,C0004127,train
C0003148,C0004475,train
C0003149,C0003149,train
C0003150,C0003150,train
C0003151,C0003151,train
C0003152,C0003152,train
C0003153,C0003153,test
C0003154,C0003154,train
C0003155,C0003155,train
C0003156,C0003156,val
C0003157,C0003157,val
C0003158,C0003158,train
C0003159,C0003159,train
C0003160,C0003160,train
C0003161,C0003161,val
C0003162,C0003162,train
C0003163,C0003163,test
C0003164,C0003164,train
C0003165,C0003165,train
C0003166,C0003166,train
C0003167,C0003167,test
C0003168,C0003168,test
C0003169,C0005176,train
C0003170,C0003170,train
C0003171,C0003661,val
C0003172,C0003172,train
C0003173,C0003173,train
C0003174,C0003174,train
C0003175,C0003175,train
C0003176,C0003176,train
C0003177,C0003177,test
C0003178,C0003710,train
C0003179,C0003179,train
C0003180,C0003180,train
C0003181,C0003181,train
C0003182,C0003182,val
C0003183,C0003183,val
C0003184,C0003184,train
C0003185,C0003185,train
C0003186,C0003186,test
C0003187,C0003187,train
C0003188,C0003188,test
C0003189,C0003189,train
C0003190,C0003190,train
C0003191,C0003191,train
C0003192,C0003192,train
C0003193,C0003193,train
C0003194,C0005498,test
C0003195,C0004953,train
C0003196,C0003196,val
C0003197,C0003197,train
C0003198,C0003198,train
C0003199,C0004953,train
C0003200,C0003200,test
C0003201,C0003201,val
C0003202,C0003202,val
C0003203,C0003203,train
C0003204,C0003204,train
C0003205,C0005070,train
C0003206,C0003206,test
C0003207,C0003207,train
C0003208,C0003208,train
C0003209,C0003209,test
C0003210,C0003210,test
C0003211,C0003211,train
C0003212,C0003212,test
C0003213,C0003213,val
C0003214,C0003214,val
C0003215,C0003215,train
C0003216,C0003216,test
C0003217,C0003217,train
C0003218,C0003218,train
C0003219,C0003219,train
C0003220,C0003220,train
C0003221,C0003221,test
C0003222,C0003222,train
C0003223,C0003223,train
C0003224,C0003224,test
C0003225,C0003225,train
C0003226,C0002545,test
C0003227,C0003227,train
C0003228,C0003228,test
C0003229,C0003229,train
C0003230,C0003230,train
C0003231,C0001711,test
C0003232,C0003232,test
C0003233,C0003233,test
C0003234,C0003234,test
C0003235,C0003235,train
C0003236,C0003236,test
C0003237,C0003237,test
C0003238,C0003238,test
C0003239,C0003239,train
C0003240,C0003240,train
C0003241,C0005144,test
C0003242,C0001413,train
C0003243,C0003243,train
C0003244,C0003244,train
C0003245,C0003245,train
C0003246,C0003246,train
C0003247,C0005144,test
C0003248,C0003248,test
C0003249,C0003249,train
C0003250,C0003250,train
C0003251,C0003251,train
C0003252,C0003252,val
C0003253,C0003253,test
C0003254,C0003254,test
C0003255,C0003891,train
C0003256,C0003256,train
C0003257,C0003257,test
C0003258,C0003258,test
C0003259,C0003259,train
C0003260,C0003260,train
C0003261,C0003261,train
C0003262,C0003262,train
C0003263,C0003263,test
C0003264,C0003264,train
C0003265,C0003265,test
C0003266,C0003266,train
C0003267,C0003267,test
C0003268,C0003268,test
C0003269,C0003269,train
C0003270,C0003270,train
C0003271,C0003271,train
C0003272,C0003272,test
C0003273,C0003273,test
C0003274,C0003274,train
C0003275,C0005877,train
C0003276,C0003276,val
C0003277,C0003277,test
C0003278,C0003278,train
C0003279,C0003279,train
C0003280,C0003280,train
C0003281,C0003281,test
C0003282,C0003282,train
C0003283,C0003283,val
C0003284,C0003284,train
C0003285,C0003285,test
C0003286,C0003286,test
C0003287,C0003591,train
C0003288,C0003288,train
C0003289,C0003289,train
C0003290,C0003290,train
C0003291,C0003291,test
C0003292,C0003292,train
C0003293,C0005762,val
C0003294,C0003294,train
C0003295,C0003295,train
C0003296,C0003296,test
C0003297,C0003297,train
C0003298,C0003298,train
C0003299,C0003299,train
C0003300,C0004614,val
C0003301,C0003301,train
C0003302,C0003302,test
C0003303,C0003303,train
C0003304,C0003304,test
C0003305,C0003305,train
C0003306,C0003306,train
C0003307,C0003307,train
C0003308,C0003308,train
C0003309,C0005414,test
C0003310,C0003310,train
C0003311,C0003311,train
C0003312,C0003312,val
C0003313,C0003313,train
C0003314,C0003314,train
C0003315,C0003315,test
C0003316,C0003316,train
C0003317,C0003317,train
C0003318,C0003318,train
C0003319,C0003319,train
C0003320,C0004342,test
C0003321,C0003321,train
C0003322,C0003322,train
C0003323,C0005050,train
C0003324,C0003324,test
C0003325,C0003325,train
C0003326,C0004788,val
C0003327,C0003327,train
C0003328,C0003328,val
C0003329,C0003329,train
C0003330,C0003330,test
C0003331,C0003331,train
C0003332,C0003332,train
C0003333,C0003333,train
C0003334,C0003334,val
C0003335,C0003335,train
C0003336,C0003336,test
C0003337,C0004786,train
C0003338,C0003338,train
C0003339,C0004228,train
C0003340,C0003340,val
C0003341,C0003341,train
C0003342,C0003342,train
C0003343,C0003343,val
C0003344,C0003344,train
C0003345,C0003648,train
C0003346,C0005075,train
C0003347,C0003347,train
C0003348,C0003348,train
C0003349,C0003349,train
C0003350,C0005176,train
C0003351,C0003351,train
C0003352,C0005531,test
C0003353,C0003353,train
C0003354,C0003354,train
C0003355,C0005763,test
C0003356,C0003356,train
C0003357,C0003357,train
C0003358,C0001797,train
C0003359,C0003359,train
C0003360,C0003360,train
C0003361,C0003361,val
C0003362,C0003362,test
C0003363,C0003363,train
C0003364,C0005498,test
C0003365,C0003365,val
C0003366,C0003366,train
C0003367,C0003367,test
C0003368,C0003368,train
C0003369,C0005144,test
C0003370,C0003370,test
C0003371,C0003371,val
C0003372,C0003372,train
C0003373,C0005977,train
C0003374,C0003374,train
C0003375,C0003375,train
C0003376,C0003376,train
C0003377,C0003377,train
C0003378,C0003378,test
C0003379,C0003379,train
C0003380,C0003380,train
C0003381,C0003381,train
C0003382,C0003382,train
C0003383,C0003383,train
C0003384,C0005755,train
C0003385,C0003385,val
C0003386,C0003286,test
C0003387,C0003387,train
C0003388,C0003388,val
C0003389,C0002088,train
C0003390,C0003390,train
C0003391,C0003391,val
C0003392,C0003392,train
C0003393,C0003393,train
C0003394,C0003394,train
C0003395,C0003395,train
C0003396,C0003396,val
C0003397,C0003397,test
C0003398,C0003398,train
C0003399,C0003399,train
C0003400,C0003400,train
C0003401,C0003401,train
C0003402,C0003402,train
C0003403,C0003403,train
C0003404,C0003404,train
C0003405,C0003405,train
C0003406,C0003406,test
C0003407,C0003407,train
C0003408,C0003408,test
C0003409,C0005624,train
C0003410,C0003410,val
C0003411,C0003411,train
C0003412,C0003412,test
C0003413,C0004786,train
C0003414,C0005792,train
C0003415,C0003415,train
C0003416,C0003416,val
C0003417,C0003417,train
C0003418,C0003418,train
C0003419,C0005801,train
C0003420,C0003420,train
C0003421,C0003421,test
C0003422,C0003422,val
C0003423,C0003423,train
C0003424,C0003424,train
C0003425,C0003425,train
C0003426,C0003426,test
C0003427,C0003427,train
C0003428,C0003428,test
C0003429,C0005162,train
C0003430,C0003430,train
C0003431,C0001261,val
C0003432,C0003432,test
C0003433,C0003433,train
C0003434,C0003434,train
C0003435,C0003435,train
C0003436,C0003436,train
C0003437,C0003437,train
C0003438,C0003438,train
C0003439,C0003439,train
C0003440,C0003440,train
C0003441,C0003441,train
C0003442,C0005761,test
C0003443,C0005624,train
C0003444,C0003444,test
C0003445,C0003445,train
C0003446,C0003446,train
C0003447,C0003447,train
C0003448,C0003448,train
C0003449,C0003449,test
C0003450,C0003450,test
C0003451,C0003451,train
C0003452,C0003452,train
C0003453,C0003453,test
C0003454,C0003454,train
C0003455,C0003455,test
C0003456,C0005133,train
C0003457,C0003457,val
C0003458,C0003458,train
C0003459,C0003459,val
C0003460,C0003460,train
C0003461,C0003461,train
C0003462,C0003462,train
C0003463,C0005050,train
C0003464,C0003464,train
C0003465,C0003465,test
C0003466,C0003466,train
C0003467,C0003467,train
C0003468,C0003468,train
C0003469,C0003469,train
C0003470,C0003470,train
C0003471,C0003471,test
C0003472,C0003472,test
C0003473,C0003473,test
C0003474,C0003474,test
C0003475,C0003475,val
C0003476,C0004737,train
C0003477,C0003477,test
C0003478,C0003478,val
C0003479,C0003479,train
C0003480,C0003480,val
C0003481,C0003481,train
C0003482,C0003482,train
C0003483,C0003483,val
C0003484,C0003484,train
C0003485,C0003485,train
C0003486,C0003486,train
C0003487,C0003487,train
C0003488,C0003488,train
C0003489,C0005478,test
C0003490,C0003490,train
C0003491,C0003491,train
C0003492,C0003492,train
C0003493,C0003493,train
C0003494,C0004309,train
C0003495,C0003495,test
C0003496,C0003496,train
C0003497,C0005920,test
C0003498,C0003498,val
C0003499,C0003499,test
C0003500,C0003500,train
C0003501,C0003501,train
C0003502,C0003502,train
C0003503,C0003503,train
C0003504,C0003504,train
C0003505,C0003505,train
C0003506,C0003506,test
C0003507,C0003507,train
C0003508,C0003508,train
C0003509,C0003509,train
C0003510,C0003510,test
C0003511,C0005232,train
C0003512,C0003512,train
C0003513,C0003513,train
C0003514,C0003514,train
C0003515,C0003515,train
C0003516,C0003516,test
C0003517,C0004755,val
C0003518,C0003518,test
C0003519,C0003519,train
C0003520,C0004736,train
C0003521,C0003521,test
C0003522,C0004491,train
C0003523,C0003523,test
C0003524,C0003524,train
C0003525,C0005624,train
C0003526,C0003526,test
C0003527,C0003527,train
C0003528,C0003528,test
C0003529,C0003529,train
C0003530,C0003530,train
C0003531,C0003531,val
C0003532,C0003532,train
C0003533,C0003533,train
C0003534,C0003534,test
C0003535,C0003535,train
C0003536,C0003536,train
C0003537,C0003537,train
C0003538,C0003538,test
C0003539,C0003539,train
C0003540,C0003540,train
C0003541,C0003541,val
C0003542,C0003542,train
C0003543,C0003543,test
C0003544,C0005151,train
C0003545,C0003545,train
C0003546,C0003546,train
C0003547,C0003547,train
C0003548,C0005162,train
C0003549,C0003549,train
C0003550,C0003550,train
C0003551,C0003551,train
C0003552,C0003552,test
C0003553,C0003553,train
C0003554,C0003554,train
C0003555,C0003555,test
C0003556,C0004993,train
C0003557,C0003557,train
C0003558,C0003558,train
C0003559,C0003559,train
C0003560,C0003560,train
C0003561,C0004205,train
C0003562,C0003562,train
C0003563,C0003563,test
C0003564,C0003564,train
C0003565,C0003565,train
C0003566,C0003566,train
C0003567,C0003567,train
C0003568,C0003568,train
C0003569,C0003569,val
C0003570,C0003570,val
C0003571,C0003571,train
C0003572,C0003572,train
C0003573,C0003573,train
C0003574,C0003574,train
C0003575,C0003575,train
C0003576,C0003576,train
C0003577,C0003577,train
C0003578,C0003578,train
C0003579,C0003579,val
C0003580,C0003580,train
C0003581,C0003581,test
C0003582,C0003582,train
C0003583,C0003583,train
C0003584,C0003584,train
C0003585,C0003585,test
C0003586,C0003586,train
C0003587,C0003587,train
C0003588,C0003588,train
C0003589,C0003589,train
C0003590,C0003590,train
C0003591,C0003591,train
C0003592,C0005840,train
C0003593,C0003593,train
C0003594,C0003594,test
C0003595,C0003595,train
C0003596,C0003596,train
C0003597,C0003597,train
C0003598,C0005977,train
C0003599,C0003599,train
C0003600,C0003600,train
C0003601,C0003601,train
C0003602,C0003602,train
C0003603,C0003603,test
C0003604,C0003604,train
C0003605,C0003605,train
C0003606,C0003606,train
C0003607,C0003607,train
C0003608,C0003608,train
C0003609,C0003609,train
C0003610,C0003610,test
C0003611,C0003611,train
C0003612,C0003612,test
C0003613,C0003613,test
C0003614,C0003614,train
C0003615,C0005602,test
C0003616,C0003616,train
C0003617,C0003617,train
C0003618,C0002475,train
C0003619,C0003619,train
C0003620,C0003620,test
C0003621,C0003621,test
C0003622,C0003622,test
C0003623,C0003623,train
C0003624,C0003624,train
C0003625,C0003625,train
C0003626,C0004541,train
C0003627,C0003627,train
C0003628,C0003628,test
C0003629,C0003629,train
C0003630,C0003630,train
C0003631,C0003631,test
C0003632,C0003632,train
C0003633,C0003633,train
C0003634,C0003634,train
C0003635,C0003635,train
C0003636,C0003636,train
C0003637,C0003637,val
C0003638,C0003638,train
C0003639,C0003639,val
C0003640,C0003640,test
C0003641,C0003641,test
C0003642,C0003642,train
C0003643,C0003643,train
C0003644,C0003644,test
C0003645,C0003645,train
C0003646,C0003646,train
C0003647,C0003647,train
C0003648,C0003648,train
C0003649,C0003649,train
C0003650,C0003650,train
C0003651,C0003651,test
C0003652,C0005231,test
C0003653,C0003653,train
C0003654,C0003654,val
C0003655,C0003655,train
C0003656,C0003656,train
C0003657,C0003657,test
C0003658,C0003658,train
C0003659,C0003659,train
C0003660,C0003660,train
C0003661,C0003661,val
C0003662,C0003662,train
C0003663,C0003663,train
C0003664,C0003664,train
C0003665,C0003665,test
C0003666,C0004533,train
C0003667,C0003667,train
C0003668,C0003668,train
C0003669,C0004030,train
C0003670,C0003670,test
C0003671,C0003671,train
C0003672,C0003672,train
C0003673,C0003673,train
C0003674,C0003674,train
C0003675,C0003675,val
C0003676,C0003676,train
C0003677,C0003677,train
C0003678,C0004788,val
C0003679,C0003679,train
C0003680,C0003680,train
C0003681,C0003681,train
C0003682,C0003682,test
C0003683,C0003683,train
C0003684,C0003684,train
C0003685,C0003685,val
C0003686,C0002190,test
C0003687,C0003687,val
C0003688,C0003688,train
C0003689,C0003689,train
C0003690,C0003690,train
C0003691,C0003933,train
C0003692,C0003692,val
C0003693,C0003693,train
C0003694,C0003694,train
C0003695,C0003695,train
C0003696,C0003696,train
C0003697,C0003697,train
C0003698,C0003698,train
C0003699,C0003699,val
C0003700,C0003700,train
C0003701,C0003701,train
C0003702,C0003702,train
C0003703,C0005028,train
C0003704,C0003704,train
C0003705,C0003705,train
C0003706,C0001149,train
C0003707,C0003707,train
C0003708,C0004788,val
C0003709,C0003709,test
C0003710,C0003710,train
C0003711,C0003711,train
C0003712,C0003712,test
C0003713,C0003713,train
C0003714,C0003714,train
C0003715,C0003715,train
C0003716,C0002140,train
C0003717,C0003717,train
C0003718,C0003718,val
C0003719,C0005474,train
C0003720,C0003720,test
C0003721,C0003721,train
C0003722,C0003722,train
C0003723,C0003723,val
C0003724,C0003724,train
C0003725,C0003725,train
C0003726,C0003726,train
C0003727,C0003727,val
C0003728,C0003728,train
C0003729,C0003729,val
C0003730,C0003730,train
C0003731,C0003731,train
C0003732,C0003732,train
C0003733,C0003733,train
C0003734,C0003734,train
C0003735,C0003735,val
C0003736,C0005761,test
C0003737,C0003737,train
C0003738,C0003738,test
C0003739,C0003739,train
C0003740,C0003740,train
C0003741,C0004786,train
C0003742,C0002475,train
C0003743,C0005802,train
C0003744,C0003744,train
C0003745,C0003745,test
C0003746,C0003746,train
C0003747,C0003747,train
C0003748,C0003748,test
C0003749,C0003749,test
C0003750,C0003750,train
C0003751,C0002640,train
C0003752,C0003752,train
C0003753,C0003753,val
C0003754,C0005356,val
C0003755,C0003755,train
C0003756,C0003756,train
C0003757,C0003757,train
C0003758,C0003758,test
C0003759,C0003759,train
C0003760,C0003760,train
C0003761,C0003761,train
C0003762,C0003762,train
C0003763,C0003763,train
C0003764,C0003764,test
C0003765,C0003765,val
C0003766,C0003766,train
C0003767,C0003767,val
C0003768,C0003768,train
C0003769,C0003769,test
C0003770,C0003770,train
C0003771,C0003771,train
C0003772,C0003772,test
C0003773,C0003773,train
C0003774,C0003774,test
C0003775,C0003775,train
C0003776,C0003776,train
C0003777,C0003777,train
C0003778,C0003778,train
C0003779,C0003779,train
C0003780,C0003780,train
C0003781,C0003781,train
C0003782,C0003782,train
C0003783,C0003783,train
C0003784,C0001738,train
C0003785,C0005248,test
C0003786,C0003786,train
C0003787,C0003787,train
C0003788,C0003788,train
C0003789,C0003789,train
C0003790,C0003790,val
C0003791,C0003791,val
C0003792,C0003792,test
C0003793,C0003793,train
C0003794,C0005478,test
C0003795,C0003795,train
C0003796,C0003796,train
C0003797,C0003797,train
C0003798,C0003798,train
C0003799,C0003799,train
C0003800,C0003800,train
C0003801,C0003801,train
C0003802,C0003802,train
C0003803,C0003803,train
C0003804,C0003804,train
C0003805,C0003805,train
C0003806,C0003806,train
C0003807,C0003807,train
C0003808,C0004045,test
C0003809,C0003809,test
C0003810,C0005308,train
C0003811,C0003811,test
C0003812,C0003812,train
C0003813,C0003813,train
C0003814,C0003814,train
C0003815,C0003815,train
C0003816,C0003816,train
C0003817,C0003817,test
C0003818,C0003818,val
C0003819,C0003819,train
C0003820,C0003820,train
C0003821,C0003821,train
C0003822,C0003822,train
C0003823,C0003823,train
C0003824,C0003824,train
C0003825,C0003825,train
C0003826,C0003826,test
C0003827,C0004438,train
C0003828,C0003828,train
C0003829,C0003829,test
C0003830,C0003830,train
C0003831,C0003831,train
C0003832,C0003832,test
C0003833,C0003833,train
C0003834,C0003834,train
C0003835,C0003835,train
C0003836,C0003836,train
C0003837,C0004938,train
C0003838,C0003838,train
C0003839,C0003839,train
C0003840,C0003840,test
C0003841,C0003841,train
C0003842,C0005845,train
C0003843,C0003843,train
C0003844,C0003844,test
C0003845,C0003845,train
C0003846,C0003846,train
C0003847,C0005873,test
C0003848,C0003848,test
C0003849,C0003849,train
C0003850,C0003850,train
C0003851,C0004498,val
C0003852,C0003852,train
C0003853,C0003853,train
C0003854,C0003854,train
C0003855,C0003855,test
C0003856,C0003856,train
C0003857,C0003891,train
C0003858,C0003858,train
C0003859,C0003859,test
C0003860,C0003860,train
C0003861,C0005356,val
C0003862,C0005761,test
C0003863,C0003863,train
C0003864,C0003864,train
C0003865,C0003865,val
C0003866,C0003866,test
C0003867,C0000865,train
C0003868,C0003868,test
C0003869,C0003869,train
C0003870,C0003870,train
C0003871,C0003871,train
C0003872,C0004865,val
C0003873,C0003873,train
C0003874,C0003874,train
C0003875,C0003875,train
C0003876,C0004475,train
C0003877,C0003877,train
C0003878,C0005662,test
C0003879,C0003879,train
C0003880,C0003880,train
C0003881,C0003881,train
C0003882,C0003882,test
C0003883,C0003883,train
C0003884,C0003884,train
C0003885,C0003885,test
C0003886,C0003886,train
C0003887,C0003887,train
C0003888,C0003888,train
C0003889,C0003889,test
C0003890,C0003890,val
C0003891,C0003891,train
C0003892,C0003892,train
C0003893,C0003893,test
C0003894,C0003894,train
C0003895,C0003895,train
C0003896,C0003896,val
C0003897,C0005917,train
C0003898,C0003898,train
C0003899,C0003899,train
C0003900,C0003900,train
C0003901,C0003901,val
C0003902,C0003902,train
C0003903,C0003903,train
C0003904,C0003904,train
C0003905,C0003905,train
C0003906,C0004511,val
C0003907,C0003907,train
C0003908,C0005455,train
C0003909,C0005844,train
C0003910,C0003910,train
C0003911,C0004691,train
C0003912,C0003912,train
C0003913,C0003913,train
C0003914,C0003914,train
C0003915,C0003915,train
C0003916,C0003916,train
C0003917,C0003917,test
C0003918,C0003918,train
C0003919,C0003919,train
C0003920,C0003920,train
C0003921,C0003921,train
C0003922,C0003922,train
C0003923,C0004235,train
C0003924,C0005104,test
C0003925,C0003925,train
C0003926,C0003926,train
C0003927,C0003927,train
C0003928,C0003928,train
C0003929,C0003929,train
C0003930,C0003930,train
C0003931,C0003931,train
C0003932,C0003932,train
C0003933,C0003933,train
C0003934,C0003934,train
C0003935,C0004341,val
C0003936,C0003936,train
C0003937,C0003937,test
C0003938,C0003938,test
C0003939,C0003939,train
C0003940,C0003940,train
C0003941,C0003941,train
C0003942,C0003942,train
C0003943,C0003943,train
C0003944,C0003944,train
C0003945,C0003945,train
C0003946,C0003946,train
C0003947,C0003947,train
C0003948,C0004770,train
C0003949,C0003949,test
C0003950,C0003950,train
C0003951,C0003951,train
C0003952,C0003952,train
C0003953,C0003953,val
C0003954,C0003954,train
C0003955,C0003955,train
C0003956,C0003956,train
C0003957,C0003957,train
C0003958,C0003372,train
C0003959,C0003959,train
C0003960,C0003960,train
C0003961,C0005496,val
C0003962,C0003962,train
C0003963,C0003963,train
C0003964,C0003964,test
C0003965,C0003965,train
C0003966,C0003966,train
C0003967,C0003967,train
C0003968,C0003968,test
C0003969,C0003969,train
C0003970,C0004755,val
C0003971,C0003971,test
C0003972,C0003972,train
C0003973,C0003973,val
C0003974,C0003974,test
C0003975,C0005743,test
C0003976,C0005830,train
C0003977,C0003977,train
C0003978,C0003978,val
C0003979,C0003979,train
C0003980,C0003980,train
C0003981,C0003981,train
C0003982,C0003982,train
C0003983,C0003983,train
C0003984,C0003984,val
C0003985,C0003985,train
C0003986,C0003986,train
C0003987,C0003987,train
C0003988,C0003988,test
C0003989,C0003989,train
C0003990,C0003990,train
C0003991,C0003991,test
C0003992,C0003992,train
C0003993,C0004127,train
C0003994,C0005269,val
C0003995,C0003995,val
C0003996,C0003996,train
C0003997,C0003997,val
C0003998,C0003998,train
C0003999,C0003999,train
C0004000,C0004000,train
C0004001,C0004001,val
C0004002,C0004002,train
C0004003,C0004003,train
C0004004,C0004004,train
C0004005,C0004005,train
C0004006,C0004006,test
C0004007,C0004007,test
C0004008,C0004008,train
C0004009,C0004009,train
C0004010,C0004010,train
C0004011,C0004011,val
C0004012,C0002190,test
C0004013,C0004013,train
C0004014,C0004014,train
C0004015,C0004015,val
C0004016,C0005356,val
C0004017,C0004017,train
C0004018,C0003648,train
C0004019,C0004019,val
C0004020,C0004020,train
C0004021,C0004021,train
C0004022,C0004022,train
C0004023,C0004023,train
C0004024,C0004024,train
C0004025,C0004025,test
C0004026,C0000865,train
C0004027,C0004027,train
C0004028,C0004028,train
C0004029,C0004029,train
C0004030,C0004030,train
C0004031,C0005842,val
C0004032,C0004032,test
C0004033,C0005231,test
C0004034,C0002088,train
C0004035,C0003451,train
C0004036,C0004036,train
C0004037,C0004037,train
C0004038,C0004038,train
C0004039,C0004039,test
C0004040,C0004040,train
C0004041,C0004041,train
C0004042,C0005113,test
C0004043,C0004833,test
C0004044,C0004044,val
C0004045,C0004045,test
C0004046,C0004046,train
C0004047,C0004047,train
C0004048,C0004048,train
C0004049,C0004049,train
C0004050,C0004050,train
C0004051,C0004051,test
C0004052,C0004052,train
C0004053,C0004053,train
C0004054,C0004054,test
C0004055,C0003451,train
C0004056,C0004056,train
C0004057,C0004057,val
C0004058,C0004058,test
C0004059,C0004059,train
C0004060,C0004060,train
C0004061,C0004061,train
C0004062,C0004062,val
C0004063,C0004063,train
C0004064,C0004064,train
C0004065,C0004065,train
C0004066,C0004066,train
C0004067,C0004067,test
C0004068,C0004068,train
C0004069,C0004069,test
C0004070,C0004070,train
C0004071,C0004071,val
C0004072,C0004072,train
C0004073,C0004073,train
C0004074,C0004074,train
C0004075,C0004075,test
C0004076,C0004076,val
C0004077,C0004077,train
C0004078,C0004078,train
C0004079,C0004079,test
C0004080,C0005915,train
C0004081,C0004081,train
C0004082,C0004082,test
C0004083,C0004083,train
C0004084,C0004084,train
C0004085,C0002190,test
C0004086,C0004086,train
C0004087,C0004087,train
C0004088,C0004088,train
C0004089,C0004089,train
C0004090,C0004090,train
C0004091,C0004091,train
C0004092,C0004092,train
C0004093,C0004093,train
C0004094,C0004094,train
C0004095,C0004095,train
C0004096,C0004096,test
C0004097,C0004097,test
C0004098,C0004098,test
C0004099,C0004099,test
C0004100,C0004100,train
C0004101,C0004533,train
C0004102,C0004102,train
C0004103,C0004103,train
C0004104,C0004104,train
C0004105,C0004533,train
C0004106,C0004106,train
C0004107,C0004107,val
C0004108,C0004108,train
C0004109,C0004541,train
C0004110,C0004110,train
C0004111,C0004111,train
C0004112,C0004112,val
C0004113,C0005920,test
C0004114,C0004114,train
C0004115,C0004115,val
C0004116,C0004116,train
C0004117,C0002545,test
C0004118,C0005755,train
C0004119,C0004119,test
C0004120,C0004120,train
C0004121,C0004121,train
C0004122,C0004228,train
C0004123,C0004123,train
C0004124,C0004124,test
C0004125,C0004125,train
C0004126,C0003092,train
C0004127,C0004127,train
C0004128,C0004128,train
C0004129,C0004129,train
C0004130,C0004130,test
C0004131,C0004172,train
C0004132,C0004132,train
C0004133,C0004133,val
C0004134,C0005050,train
C0004135,C0004135,train
C0004136,C0004136,val
C0004137,C0004137,train
C0004138,C0004138,train
C0004139,C0004139,train
C0004140,C0004140,val
C0004141,C0004141,train
C0004142,C0001336,train
C0004143,C0004143,test
C0004144,C0004144,train
C0004145,C0004145,test
C0004146,C0004146,train
C0004147,C0004147,train
C0004148,C0004148,train
C0004149,C0004149,train
C0004150,C0004150,train
C0004151,C0004151,train
C0004152,C0005252,test
C0004153,C0004153,train
C0004154,C0004154,train
C0004155,C0004155,train
C0004156,C0004156,test
C0004157,C0004157,test
C0004158,C0004158,train
C0004159,C0004159,train
C0004160,C0004160,train
C0004161,C0004161,test
C0004162,C0004162,train
C0004163,C0004163,train
C0004164,C0004164,test
C0004165,C0004165,train
C0004166,C0004166,val
C0004167,C0004167,train
C0004168,C0004168,train
C0004169,C0004169,train
C0004170,C0004170,train
C0004171,C0004171,test
C0004172,C0004172,train
C0004173,C0004173,test
C0004174,C0004174,train
C0004175,C0004175,train
C0004176,C0004176,train
C0004177,C0004177,train
C0004178,C0004178,train
C0004179,C0004179,test
C0004180,C0004180,train
C0004181,C0004181,test
C0004182,C0004182,test
C0004183,C0004183,train
C0004184,C0004184,train
C0004185,C0004185,test
C0004186,C0004186,train
C0004187,C0005235,train
C0004188,C0004188,train
C0004189,C0001149,train
C0004190,C0004913,train
C0004191,C0005235,train
C0004192,C0004192,train
C0004193,C0004193,train
C0004194,C0004194,val
C0004195,C0004195,train
C0004196,C0004196,train
C0004197,C0004197,train
C0004198,C0004198,test
C0004199,C0005248,test
C0004200,C0004200,train
C0004201,C0001852,train
C0004202,C0004202,test
C0004203,C0004203,train
C0004204,C0005552,train
C0004205,C0004205,train
C0004206,C0004206,train
C0004207,C0002820,train
C0004208,C0004208,train
C0004209,C0005315,train
C0004210,C0004210,test
C0004211,C0004211,train
C0004212,C0004212,train
C0004213,C0004213,test
C0004214,C0004214,train
C0004215,C0004215,test
C0004216,C0004216,test
C0004217,C0004217,val
C0004218,C0004218,train
C0004219,C0004219,train
C0004220,C0004220,train
C0004221,C0004221,train
C0004222,C0004222,train
C0004223,C0004223,train
C0004224,C0004224,test
C0004225,C0004225,train
C0004226,C0004226,train
C0004227,C0004227,train
C0004228,C0004228,train
C0004229,C0004229,train
C0004230,C0004230,train
C0004231,C0004231,train
C0004232,C0004232,train
C0004233,C0004233,train
C0004234,C0004234,test
C0004235,C0004235,train
C0004236,C0004236,val
C0004237,C0004237,train
C0004238,C0004238,train
C0004239,C0004239,test
C0004240,C0004240,train
C0004241,C0004241,val
C0004242,C0004242,train
C0004243,C0004243,train
C0004244,C0004244,train
C0004245,C0004245,train
C0004246,C0004246,test
C0004247,C0002088,train
C0004248,C0005941,train
C0004249,C0005917,train
C0004250,C0004250,train
C0004251,C0004251,val
C0004252,C0004252,train
C0004253,C0004253,train
C0004254,C0004254,train
C0004255,C0004255,val
C0004256,C0004256,test
C0004257,C0002190,test
C0004258,C0004258,train
C0004259,C0005830,train
C0004260,C0004260,train
C0004261,C0004261,train
C0004262,C0004262,train
C0004263,C0004263,test
C0004264,C0004264,test
C0004265,C0004265,train
C0004266,C0004266,val
C0004267,C0005343,train
C0004268,C0004268,train
C0004269,C0004269,train
C0004270,C0004270,train
C0004271,C0004271,train
C0004272,C0004272,train
C0004273,C0004273,train
C0004274,C0004274,train
C0004275,C0004275,test
C0004276,C0004276,train
C0004277,C0004277,train
C0004278,C0005941,train
C0004279,C0004279,train
C0004280,C0004280,train
C0004281,C0004281,test
C0004282,C0004282,train
C0004283,C0004283,train
C0004284,C0004284,val
C0004285,C0004285,train
C0004286,C0004286,test
C0004287,C0004287,train
C0004288,C0005414,test
C0004289,C0004289,test
C0004290,C0004290,train
C0004291,C0004291,val
C0004292,C0003418,train
C0004293,C0004293,train
C0004294,C0005977,train
C0004295,C0004295,val
C0004296,C0004296,train
C0004297,C0004786,train
C0004298,C0004298,train
C0004299,C0004299,train
C0004300,C0004300,train
C0004301,C0004301,train
C0004302,C0004302,test
C0004303,C0003214,val
C0004304,C0004304,test
C0004305,C0004305,test
C0004306,C0004306,train
C0004307,C0004307,train
C0004308,C0004308,test
C0004309,C0004309,train
C0004310,C0004310,train
C0004311,C0004311,train
C0004312,C0004312,train
C0004313,C0004313,train
C0004314,C0004314,train
C0004315,C0004315,train
C0004316,C0004316,val
C0004317,C0004317,train
C0004318,C0004584,train
C0004319,C0004319,train
C0004320,C0004320,train
C0004321,C0004321,test
C0004322,C0004322,val
C0004323,C0003545,train
C0004324,C0004324,val
C0004325,C0004325,test
C0004326,C0004326,train
C0004327,C0004327,train
C0004328,C0004328,val
C0004329,C0004329,train
C0004330,C0004330,train
C0004331,C0004331,train
C0004332,C0005917,train
C0004333,C0004333,train
C0004334,C0004334,val
C0004335,C0004335,train
C0004336,C0002088,train
C0004337,C0004337,train
C0004338,C0004338,train
C0004339,C0004799,test
C0004340,C0004340,train
C0004341,C0004341,val
C0004342,C0004342,test
C0004343,C0004343,train
C0004344,C0004344,train
C0004345,C0004345,train
C0004346,C0004346,train
C0004347,C0004347,test
C0004348,C0005613,train
C0004349,C0004349,train
C0004350,C0004350,train
C0004351,C0004351,train
C0004352,C0004352,test
C0004353,C0004353,train
C0004354,C0004354,train
C0004355,C0004355,test
C0004356,C0004356,train
C0004357,C0004357,train
C0004358,C0004358,test
C0004359,C0004359,val
C0004360,C0004360,test
C0004361,C0004361,test
C0004362,C0004362,train
C0004363,C0004363,test
C0004364,C0004364,val
C0004365,C0004365,test
C0004366,C0005813,train
C0004367,C0004367,train
C0004368,C0004368,test
C0004369,C0004369,train
C0004370,C0004370,train
C0004371,C0004371,train
C0004372,C0004372,test
C0004373,C0004373,train
C0004374,C0003348,train
C0004375,C0004375,train
C0004376,C0004376,val
C0004377,C0004377,test
C0004378,C0004378,test
C0004379,C0004379,test
C0004380,C0004380,train
C0004381,C0004381,test
C0004382,C0004382,val
C0004383,C0004383,test
C0004384,C0004384,train
C0004385,C0004385,train
C0004386,C0004386,train
C0004387,C0004387,train
C0004388,C0004388,train
C0004389,C0004389,train
C0004390,C0004390,test
C0004391,C0004391,val
C0004392,C0004392,train
C0004393,C0004393,test
C0004394,C0004394,test
C0004395,C0004395,test
C0004396,C0004396,test
C0004397,C0004397,test
C0004398,C0004398,train
C0004399,C0004399,test
C0004400,C0004400,test
C0004401,C0004401,train
C0004402,C0004402,test
C0004403,C0004403,test
C0004404,C0004404,train
C0004405,C0004405,train
C0004406,C0004406,val
C0004407,C0004407,val
C0004408,C0004408,test
C0004409,C0004409,val
C0004410,C0004410,train
C0004411,C0004411,test
C0004412,C0004412,train
C0004413,C0004691,train
C0004414,C0004414,train
C0004415,C0004415,train
C0004416,C0004416,train
C0004417,C0004417,train
C0004418,C0004418,train
C0004419,C0004419,train
C0004420,C0004420,val
C0004421,C0004421,train
C0004422,C0005496,val
C0004423,C0004423,train
C0004424,C0004424,val
C0004425,C0004425,test
C0004426,C0004426,train
C0004427,C0004427,val
C0004428,C0004428,train
C0004429,C0004429,test
C0004430,C0005456,train
C0004431,C0004431,train
C0004432,C0004432,test
C0004433,C0004433,test
C0004434,C0004691,train
C0004435,C0004435,train
C0004436,C0004436,train
C0004437,C0004437,test
C0004438,C0004438,train
C0004439,C0004439,train
C0004440,C0004440,train
C0004441,C0004441,train
C0004442,C0004442,train
C0004443,C0002088,train
C0004444,C0004444,test
C0004445,C0004445,train
C0004446,C0004446,train
C0004447,C0004447,train
C0004448,C0004448,train
C0004449,C0004449,train
C0004450,C0004450,test
C0004451,C0004451,train
C0004452,C0004452,test
C0004453,C0004453,test
C0004454,C0004454,train
C0004455,C0004455,train
C0004456,C0005891,train
C0004457,C0004457,train
C0004458,C0004458,train
C0004459,C0004459,train
C0004460,C0004438,train
C0004461,C0004461,train
C0004462,C0004462,train
C0004463,C0003040,train
C0004464,C0004464,train
C0004465,C0004465,val
C0004466,C0004466,train
C0004467,C0004467,train
C0004468,C0004468,test
C0004469,C0003214,val
C0004470,C0005761,test
C0004471,C0004471,train
C0004472,C0004472,train
C0004473,C0004473,test
C0004474,C0004474,train
C0004475,C0004475,train
C0004476,C0004476,train
C0004477,C0004477,train
C0004478,C0004478,test
C0004479,C0003902,train
C0004480,C0002475,train
C0004481,C0004481,val
C0004482,C0004482,val
C0004483,C0004483,train
C0004484,C0004484,train
C0004485,C0004485,val
C0004486,C0003567,train
C0004487,C0005960,train
C0004488,C0005668,train
C0004489,C0004489,val
C0004490,C0004490,train
C0004491,C0004491,train
C0004492,C0004492,val
C0004493,C0004493,train
C0004494,C0005478,test
C0004495,C0004495,train
C0004496,C0002684,train
C0004497,C0004497,train
C0004498,C0004498,val
C0004499,C0004499,train
C0004500,C0004500,train
C0004501,C0005075,train
C0004502,C0004502,train
C0004503,C0004503,train
C0004504,C0004504,train
C0004505,C0004505,train
C0004506,C0004953,train
C0004507,C0004507,train
C0004508,C0004508,train
C0004509,C0004509,train
C0004510,C0005743,test
C0004511,C0004511,val
C0004512,C0004512,train
C0004513,C0004513,train
C0004514,C0004514,test
C0004515,C0004515,train
C0004516,C0004516,train
C0004517,C0004517,train
C0004518,C0004518,test
C0004519,C0004519,train
C0004520,C0004520,test
C0004521,C0004521,train
C0004522,C0004522,train
C0004523,C0004523,test
C0004524,C0004524,train
C0004525,C0004525,test
C0004526,C0005662,test
C0004527,C0004527,val
C0004528,C0004528,train
C0004529,C0004529,val
C0004530,C0004530,train
C0004531,C0004531,train
C0004532,C0004532,train
C0004533,C0004533,train
C0004534,C0005127,train
C0004535,C0004535,train
C0004536,C0004536,val
C0004537,C0004537,test
C0004538,C0004538,train
C0004539,C0004539,train
C0004540,C0004540,train
C0004541,C0004541,train
C0004542,C0004542,train
C0004543,C0002981,test
C0004544,C0004799,test
C0004545,C0004545,train
C0004546,C0004546,train
C0004547,C0004547,train
C0004548,C0004548,train
C0004549,C0002684,train
C0004550,C0002874,val
C0004551,C0005567,train
C0004552,C0004552,train
C0004553,C0005144,test
C0004554,C0004554,train
C0004555,C0004555,test
C0004556,C0004556,train
C0004557,C0004557,train
C0004558,C0004558,val
C0004559,C0004559,train
C0004560,C0005915,train
C0004561,C0004561,train
C0004562,C0004562,train
C0004563,C0004563,val
C0004564,C0004564,train
C0004565,C0004503,train
C0004566,C0004566,test
C0004567,C0004567,test
C0004568,C0004568,train
C0004569,C0004569,train
C0004570,C0003648,train
C0004571,C0004571,train
C0004572,C0004572,train
C0004573,C0004573,train
C0004574,C0004574,train
C0004575,C0004575,val
C0004576,C0004576,test
C0004577,C0004577,train
C0004578,C0004578,train
C0004579,C0004579,val
C0004580,C0004580,train
C0004581,C0004581,test
C0004582,C0004582,val
C0004583,C0004583,train
C0004584,C0004584,train
C0004585,C0004585,train
C0004586,C0004586,train
C0004587,C0004587,test
C0004588,C0004588,train
C0004589,C0004589,train
C0004590,C0004590,train
C0004591,C0004591,val
C0004592,C0004592,train
C0004593,C0004593,train
C0004594,C0004594,train
C0004595,C0004595,test
C0004596,C0004596,train
C0004597,C0004597,train
C0004598,C0004598,val
C0004599,C0001738,train
C0004600,C0004600,train
C0004601,C0004601,train
C0004602,C0004602,test
C0004603,C0004603,train
C0004604,C0004604,train
C0004605,C0004605,val
C0004606,C0004606,train
C0004607,C0004607,test
C0004608,C0005315,train
C0004609,C0005714,train
C0004610,C0004610,test
C0004611,C0004611,test
C0004612,C0004612,train
C0004613,C0003214,val
C0004614,C0004614,val
C0004615,C0004615,train
C0004616,C0004616,val
C0004617,C0004617,val
C0004618,C0004618,train
C0004619,C0004619,val
C0004620,C0004620,train
C0004621,C0004621,train
C0004622,C0004622,train
C0004623,C0004623,train
C0004624,C0004624,test
C0004625,C0004625,train
C0004626,C0004626,train
C0004627,C0004627,train
C0004628,C0004628,train
C0004629,C0005878,train
C0004630,C0003090,train
C0004631,C0004631,train
C0004632,C0004632,test
C0004633,C0004633,test
C0004634,C0004634,train
C0004635,C0004635,train
C0004636,C0004636,train
C0004637,C0004637,train
C0004638,C0004638,test
C0004639,C0004639,train
C0004640,C0004640,train
C0004641,C0005006,test
C0004642,C0004642,test
C0004643,C0004643,train
C0004644,C0004644,train
C0004645,C0004645,train
C0004646,C0002715,train
C0004647,C0004647,val
C0004648,C0004648,train
C0004649,C0004649,train
C0004650,C0004650,test
C0004651,C0002817,train
C0004652,C0004652,train
C0004653,C0004309,train
C0004654,C0004654,train
C0004655,C0004655,train
C0004656,C0002536,train
C0004657,C0004657,train
C0004658,C0002457,train
C0004659,C0004659,val
C0004660,C0005552,train
C0004661,C0004661,train
C0004662,C0004662,train
C0004663,C0004663,train
C0004664,C0004664,test
C0004665,C0004665,train
C0004666,C0004666,train
C0004667,C0004667,train
C0004668,C0003603,test
C0004669,C0004669,train
C0004670,C0004670,train
C0004671,C0004671,train
C0004672,C0004672,train
C0004673,C0004673,val
C0004674,C0004674,train
C0004675,C0004675,test
C0004676,C0004676,train
C0004677,C0004677,val
C0004678,C0004678,train
C0004679,C0004679,train
C0004680,C0004680,train
C0004681,C0005907,train
C0004682,C0004682,train
C0004683,C0004683,train
C0004684,C0004684,train
C0004685,C0004685,val
C0004686,C0004686,test
C0004687,C0004687,train
C0004688,C0004688,train
C0004689,C0003661,val
C0004690,C0003418,train
C0004691,C0004691,train
C0004692,C0004692,train
C0004693,C0005176,train
C0004694,C0004694,train
C0004695,C0004695,train
C0004696,C0004696,test
C0004697,C0004697,train
C0004698,C0004698,test
C0004699,C0004699,train
C0004700,C0004700,train
C0004701,C0004701,train
C0004702,C0005446,train
C0004703,C0004703,train
C0004704,C0004704,test
C0004705,C0004705,train
C0004706,C0004706,train
C0004707,C0004707,val
C0004708,C0004708,test
C0004709,C0004709,val
C0004710,C0004710,val
C0004711,C0004711,train
C0004712,C0004712,train
C0004713,C0004713,train
C0004714,C0004714,test
C0004715,C0004715,train
C0004716,C0004716,train
C0004717,C0004717,train
C0004718,C0004718,train
C0004719,C0004719,train
C0004720,C0004720,train
C0004721,C0004721,train
C0004722,C0004722,test
C0004723,C0004723,train
C0004724,C0004724,train
C0004725,C0004725,train
C0004726,C0004726,train
C0004727,C0004727,train
C0004728,C0004728,train
C0004729,C0004729,train
C0004730,C0004730,train
C0004731,C0004731,train
C0004732,C0005067,train
C0004733,C0004733,train
C0004734,C0004734,train
C0004735,C0004735,train
C0004736,C0004736,train
C0004737,C0004737,train
C0004738,C0004738,train
C0004739,C0005845,train
C0004740,C0004740,train
C0004741,C0004741,train
C0004742,C0004742,train
C0004743,C0004743,train
C0004744,C0004744,train
C0004745,C0005917,train
C0004746,C0004746,train
C0004747,C0004747,test
C0004748,C0004748,val
C0004749,C0004749,val
C0004750,C0004750,train
C0004751,C0004751,val
C0004752,C0004752,train
C0004753,C0004753,test
C0004754,C0004754,val
C0004755,C0004755,val
C0004756,C0004756,val
C0004757,C0004757,train
C0004758,C0004758,train
C0004759,C0004759,train
C0004760,C0002536,train
C0004761,C0005801,train
C0004762,C0005552,train
C0004763,C0004763,train
C0004764,C0004764,train
C0004765,C0004765,train
C0004766,C0004766,train
C0004767,C0004767,train
C0004768,C0004768,train
C0004769,C0004769,test
C0004770,C0004770,train
C0004771,C0004771,test
C0004772,C0005127,train
C0004773,C0004773,train
C0004774,C0004774,train
C0004775,C0004775,train
C0004776,C0004776,test
C0004777,C0004777,train
C0004778,C0004778,val
C0004779,C0004779,train
C0004780,C0004780,train
C0004781,C0004781,test
C0004782,C0004833,test
C0004783,C0003214,val
C0004784,C0004706,train
C0004785,C0004785,train
C0004786,C0004786,train
C0004787,C0005960,train
C0004788,C0004788,val
C0004789,C0004789,val
C0004790,C0004790,train
C0004791,C0004791,train
C0004792,C0004792,val
C0004793,C0004793,train
C0004794,C0004794,train
C0004795,C0004795,train
C0004796,C0004796,train
C0004797,C0004797,train
C0004798,C0005801,train
C0004799,C0004799,test
C0004800,C0004800,train
C0004801,C0004801,train
C0004802,C0004802,train
C0004803,C0004803,test
C0004804,C0004804,train
C0004805,C0004805,train
C0004806,C0003372,train
C0004807,C0004807,test
C0004808,C0004808,train
C0004809,C0004809,train
C0004810,C0004810,train
C0004811,C0004811,train
C0004812,C0004812,test
C0004813,C0004813,val
C0004814,C0004814,train
C0004815,C0005877,train
C0004816,C0004816,test
C0004817,C0004817,test
C0004818,C0004818,train
C0004819,C0004819,test
C0004820,C0004820,train
C0004821,C0003661,val
C0004822,C0005678,train
C0004823,C0004823,test
C0004824,C0004824,train
C0004825,C0004825,train
C0004826,C0004826,test
C0004827,C0004827,test
C0004828,C0003040,train
C0004829,C0004829,train
C0004830,C0004830,train
C0004831,C0004831,train
C0004832,C0004832,train
C0004833,C0004833,test
C0004834,C0004834,train
C0004835,C0004835,val
C0004836,C0004836,test
C0004837,C0004837,test
C0004838,C0004838,train
C0004839,C0004839,train
C0004840,C0004840,train
C0004841,C0004841,test
C0004842,C0002505,test
C0004843,C0004843,train
C0004844,C0004844,train
C0004845,C0004845,train
C0004846,C0004846,train
C0004847,C0004847,val
C0004848,C0003254,test
C0004849,C0004849,train
C0004850,C0004850,train
C0004851,C0004851,train
C0004852,C0004852,train
C0004853,C0004853,train
C0004854,C0004854,train
C0004855,C0004855,val
C0004856,C0004856,train
C0004857,C0005941,train
C0004858,C0004858,train
C0004859,C0004859,train
C0004860,C0004860,train
C0004861,C0004861,train
C0004862,C0004862,test
C0004863,C0004863,test
C0004864,C0004864,train
C0004865,C0004865,val
C0004866,C0004866,test
C0004867,C0004867,train
C0004868,C0000799,train
C0004869,C0003079,train
C0004870,C0004870,train
C0004871,C0004871,train
C0004872,C0004872,train
C0004873,C0004873,train
C0004874,C0004874,train
C0004875,C0004875,train
C0004876,C0004876,val
C0004877,C0004877,train
C0004878,C0004878,train
C0004879,C0004879,train
C0004880,C0004880,train
C0004881,C0005761,test
C0004882,C0004882,train
C0004883,C0004883,train
C0004884,C0004884,test
C0004885,C0004885,train
C0004886,C0004886,train
C0004887,C0004887,train
C0004888,C0004888,test
C0004889,C0004889,train
C0004890,C0004890,test
C0004891,C0004891,val
C0004892,C0004892,train
C0004893,C0004893,train
C0004894,C0004894,train
C0004895,C0004895,train
C0004896,C0004896,test
C0004897,C0004897,train
C0004898,C0004898,train
C0004899,C0005915,train
C0004900,C0004900,train
C0004901,C0004901,test
C0004902,C0004902,train
C0004903,C0004903,train
C0004904,C0004904,train
C0004905,C0004905,train
C0004906,C0004906,train
C0004907,C0004907,val
C0004908,C0004908,train
C0004909,C0004909,val
C0004910,C0004910,test
C0004911,C0005151,train
C0004912,C0004912,train
C0004913,C0004913,train
C0004914,C0004914,train
C0004915,C0004915,val
C0004916,C0004916,test
C0004917,C0004917,train
C0004918,C0004918,train
C0004919,C0004919,train
C0004920,C0004920,train
C0004921,C0004921,val
C0004922,C0003079,train
C0004923,C0004923,train
C0004924,C0004924,train
C0004925,C0004925,test
C0004926,C0004926,test
C0004927,C0004927,train
C0004928,C0004928,train
C0004929,C0004929,val
C0004930,C0004930,train
C0004931,C0004931,train
C0004932,C0004932,test
C0004933,C0005813,train
C0004934,C0004934,test
C0004935,C0004935,train
C0004936,C0004936,val
C0004937,C0004937,val
C0004938,C0004938,train
C0004939,C0004939,test
C0004940,C0004940,train
C0004941,C0004941,train
C0004942,C0004942,train
C0004943,C0004943,train
C0004944,C0004944,train
C0004945,C0005977,train
C0004946,C0004946,train
C0004947,C0004947,train
C0004948,C0005762,val
C0004949,C0004949,train
C0004950,C0004950,train
C0004951,C0004951,test
C0004952,C0004952,train
C0004953,C0004953,train
C0004954,C0004954,train
C0004955,C0004955,train
C0004956,C0004956,train
C0004957,C0004957,train
C0004958,C0004958,val
C0004959,C0004959,train
C0004960,C0004960,train
C0004961,C0004961,train
C0004962,C0004962,train
C0004963,C0004963,train
C0004964,C0004964,train
C0004965,C0004965,train
C0004966,C0004966,train
C0004967,C0004967,train
C0004968,C0004968,test
C0004969,C0004969,train
C0004970,C0004970,train
C0004971,C0004971,train
C0004972,C0004972,train
C0004973,C0004973,train
C0004974,C0004974,test
C0004975,C0004975,train
C0004976,C0004976,train
C0004977,C0004977,test
C0004978,C0004978,train
C0004979,C0004979,test
C0004980,C0004980,train
C0004981,C0004981,test
C0004982,C0004982,train
C0004983,C0004983,train
C0004984,C0004984,train
C0004985,C0004985,val
C0004986,C0004986,test
C0004987,C0004987,train
C0004988,C0004988,test
C0004989,C0004989,train
C0004990,C0004990,train
C0004991,C0004991,train
C0004992,C0004992,train
C0004993,C0004993,train
C0004994,C0004994,train
C0004995,C0005343,train
C0004996,C0004996,train
C0004997,C0004997,train
C0004998,C0004998,train
C0004999,C0004999,val
C0005000,C0005000,train
C0005001,C0005792,train
C0005002,C0005002,train
C0005003,C0005003,train
C0005004,C0005004,train
C0005005,C0005005,train
C0005006,C0005006,test
C0005007,C0005007,train
C0005008,C0005008,val
C0005009,C0004090,train
C0005010,C0004309,train
C0005011,C0005011,train
C0005012,C0005012,train
C0005013,C0003040,train
C0005014,C0005014,train
C0005015,C0005015,test
C0005016,C0005016,train
C0005017,C0005692,train
C0005018,C0005018,test
C0005019,C0005019,train
C0005020,C0005020,test
C0005021,C0005021,train
C0005022,C0005022,test
C0005023,C0005531,test
C0005024,C0005024,test
C0005025,C0005025,train
C0005026,C0005551,train
C0005027,C0005027,train
C0005028,C0005028,train
C0005029,C0005029,test
C0005030,C0003040,train
C0005031,C0005031,train
C0005032,C0005032,train
C0005033,C0005033,train
C0005034,C0005034,val
C0005035,C0005035,val
C0005036,C0005036,train
C0005037,C0005037,train
C0005038,C0005038,test
C0005039,C0005039,train
C0005040,C0005040,train
C0005041,C0005041,test
C0005042,C0005042,val
C0005043,C0005043,train
C0005044,C0005044,test
C0005045,C0005045,train
C0005046,C0005046,test
C0005047,C0003902,train
C0005048,C0005048,test
C0005049,C0005049,val
C0005050,C0005050,train
C0005051,C0005051,train
C0005052,C0005801,train
C0005053,C0005053,train
C0005054,C0005196,train
C0005055,C0005104,test
C0005056,C0005465,train
C0005057,C0005057,train
C0005058,C0005058,test
C0005059,C0005059,train
C0005060,C0005060,test
C0005061,C0005061,train
C0005062,C0001253,train
C0005063,C0005063,train
C0005064,C0005064,test
C0005065,C0005065,train
C0005066,C0005066,val
C0005067,C0005067,train
C0005068,C0005068,test
C0005069,C0005069,train
C0005070,C0005070,train
C0005071,C0005071,train
C0005072,C0005072,val
C0005073,C0005073,train
C0005074,C0005059,train
C0005075,C0005075,train
C0005076,C0005076,train
C0005077,C0005077,train
C0005078,C0005078,train
C0005079,C0005079,train
C0005080,C0005080,train
C0005081,C0005081,train
C0005082,C0005082,val
C0005083,C0005083,train
C0005084,C0005084,train
C0005085,C0005085,train
C0005086,C0005086,train
C0005087,C0005087,train
C0005088,C0005088,test
C0005089,C0002817,train
C0005090,C0005090,train
C0005091,C0005091,val
C0005092,C0005092,train
C0005093,C0005093,train
C0005094,C0001524,train
C0005095,C0005095,test
C0005096,C0005096,train
C0005097,C0005097,train
C0005098,C0005098,train
C0005099,C0005099,train
C0005100,C0005100,train
C0005101,C0005101,train
C0005102,C0005102,train
C0005103,C0000865,train
C0005104,C0005104,test
C0005105,C0005801,train
C0005106,C0005106,train
C0005107,C0005107,test
C0005108,C0005108,train
C0005109,C0003126,train
C0005110,C0005110,test
C0005111,C0005111,test
C0005112,C0005112,train
C0005113,C0005113,test
C0005114,C0003545,train
C0005115,C0005115,train
C0005116,C0005116,train
C0005117,C0005117,test
C0005118,C0005118,val
C0005119,C0005119,train
C0005120,C0005873,test
C0005121,C0005121,train
C0005122,C0005122,val
C0005123,C0005123,train
C0005124,C0005124,val
C0005125,C0005125,val
C0005126,C0005126,train
C0005127,C0005127,train
C0005128,C0005128,test
C0005129,C0005129,train
C0005130,C0005130,train
C0005131,C0005131,val
C0005132,C0005132,train
C0005133,C0005133,train
C0005134,C0005134,train
C0005135,C0005135,val
C0005136,C0005136,train
C0005137,C0005137,train
C0005138,C0005138,val
C0005139,C0005139,test
C0005140,C0005140,train
C0005141,C0005141,test
C0005142,C0005142,train
C0005143,C0005845,train
C0005144,C0005144,test
C0005145,C0005145,train
C0005146,C0005146,train
C0005147,C0005147,train
C0005148,C0005148,train
C0005149,C0005149,val
C0005150,C0005150,val
C0005151,C0005151,train
C0005152,C0005152,train
C0005153,C0005153,train
C0005154,C0005154,test
C0005155,C0005155,train
C0005156,C0005156,train
C0005157,C0005157,train
C0005158,C0005158,val
C0005159,C0005159,train
C0005160,C0005160,train
C0005161,C0005161,train
C0005162,C0005162,train
C0005163,C0005163,train
C0005164,C0005164,train
C0005165,C0005165,train
C0005166,C0005166,train
C0005167,C0005167,train
C0005168,C0005168,test
C0005169,C0005840,train
C0005170,C0005170,test
C0005171,C0005171,test
C0005172,C0005172,train
C0005173,C0005173,test
C0005174,C0005174,train
C0005175,C0005175,val
C0005176,C0005176,train
C0005177,C0005177,test
C0005178,C0005178,train
C0005179,C0005179,test
C0005180,C0005180,test
C0005181,C0004691,train
C0005182,C0005182,train
C0005183,C0005183,test
C0005184,C0005184,train
C0005185,C0005185,test
C0005186,C0005186,train
C0005187,C0005187,test
C0005188,C0005188,train
C0005189,C0005189,val
C0005190,C0005190,train
C0005191,C0005191,test
C0005192,C0005192,train
C0005193,C0005193,train
C0005194,C0005194,train
C0005195,C0005195,train
C0005196,C0005196,train
C0005197,C0005197,train
C0005198,C0005198,train
C0005199,C0005199,test
C0005200,C0005200,train
C0005201,C0004927,train
C0005202,C0005202,train
C0005203,C0005203,train
C0005204,C0005915,train
C0005205,C0005205,train
C0005206,C0005474,train
C0005207,C0005207,train
C0005208,C0005208,train
C0005209,C0005209,test
C0005210,C0005210,train
C0005211,C0005211,train
C0005212,C0005212,train
C0005213,C0005213,train
C0005214,C0005214,train
C0005215,C0005215,val
C0005216,C0005216,train
C0005217,C0005217,train
C0005218,C0005218,train
C0005219,C0005219,train
C0005220,C0005220,train
C0005221,C0005221,train
C0005222,C0005222,train
C0005223,C0005223,test
C0005224,C0005224,train
C0005225,C0005225,test
C0005226,C0005226,train
C0005227,C0005227,train
C0005228,C0003661,val
C0005229,C0005229,test
C0005230,C0005230,train
C0005231,C0005231,test
C0005232,C0005232,train
C0005233,C0005233,train
C0005234,C0005234,test
C0005235,C0005235,train
C0005236,C0005236,train
C0005237,C0005237,train
C0005238,C0005238,test
C0005239,C0005239,train
C0005240,C0005240,train
C0005241,C0005241,train
C0005242,C0005242,train
C0005243,C0005243,val
C0005244,C0005244,train
C0005245,C0005245,val
C0005246,C0005246,train
C0005247,C0004797,train
C0005248,C0005248,test
C0005249,C0005249,train
C0005250,C0005250,train
C0005251,C0005251,test
C0005252,C0005252,test
C0005253,C0005253,test
C0005254,C0005254,train
C0005255,C0005315,train
C0005256,C0005256,train
C0005257,C0005456,train
C0005258,C0005258,train
C0005259,C0005259,train
C0005260,C0005260,test
C0005261,C0005261,train
C0005262,C0005262,train
C0005263,C0005802,train
C0005264,C0005264,train
C0005265,C0005265,train
C0005266,C0003902,train
C0005267,C0005267,train
C0005268,C0005268,train
C0005269,C0005269,val
C0005270,C0005270,train
C0005271,C0005271,test
C0005272,C0005272,train
C0005273,C0005273,train
C0005274,C0005274,train
C0005275,C0005275,train
C0005276,C0005276,train
C0005277,C0005277,test
C0005278,C0005278,test
C0005279,C0005279,train
C0005280,C0005280,train
C0005281,C0005281,test
C0005282,C0005282,train
C0005283,C0003092,train
C0005284,C0005284,test
C0005285,C0005285,test
C0005286,C0005286,test
C0005287,C0005287,train
C0005288,C0001528,train
C0005289,C0005289,train
C0005290,C0005290,train
C0005291,C0005291,test
C0005292,C0005292,val
C0005293,C0005293,train
C0005294,C0001711,test
C0005295,C0005295,train
C0005296,C0005296,test
C0005297,C0005297,train
C0005298,C0005298,train
C0005299,C0005299,train
C0005300,C0005300,train
C0005301,C0005301,train
C0005302,C0005302,train
C0005303,C0005127,train
C0005304,C0005304,val
C0005305,C0005305,train
C0005306,C0005306,train
C0005307,C0005307,test
C0005308,C0005308,train
C0005309,C0005309,test
C0005310,C0005310,train
C0005311,C0005311,train
C0005312,C0005312,train
C0005313,C0005127,train
C0005314,C0005314,val
C0005315,C0005315,train
C0005316,C0005316,train
C0005317,C0005317,train
C0005318,C0005318,val
C0005319,C0005319,train
C0005320,C0005320,val
C0005321,C0005127,train
C0005322,C0005322,val
C0005323,C0005323,test
C0005324,C0005324,train
C0005325,C0005325,test
C0005326,C0005075,train
C0005327,C0005327,train
C0005328,C0005328,train
C0005329,C0005329,train
C0005330,C0005330,val
C0005331,C0005331,train
C0005332,C0005769,train
C0005333,C0005333,train
C0005334,C0005334,test
C0005335,C0005335,train
C0005336,C0005336,train
C0005337,C0005337,train
C0005338,C0005338,train
C0005339,C0005339,train
C0005340,C0005340,train
C0005341,C0001456,train
C0005342,C0005342,train
C0005343,C0005343,train
C0005344,C0005344,train
C0005345,C0005345,train
C0005346,C0005346,val
C0005347,C0005347,test
C0005348,C0005348,train
C0005349,C0005349,train
C0005350,C0004491,train
C0005351,C0003286,test
C0005352,C0005352,train
C0005353,C0005353,train
C0005354,C0005354,train
C0005355,C0005355,train
C0005356,C0005356,val
C0005357,C0002786,train
C0005358,C0005358,train
C0005359,C0005359,val
C0005360,C0005360,train
C0005361,C0005361,train
C0005362,C0005362,train
C0005363,C0005363,train
C0005364,C0005364,test
C0005365,C0005365,test
C0005366,C0005366,train
C0005367,C0005367,train
C0005368,C0005368,train
C0005369,C0005369,test
C0005370,C0005370,train
C0005371,C0005371,val
C0005372,C0005372,train
C0005373,C0005373,train
C0005374,C0005374,train
C0005375,C0005375,train
C0005376,C0005376,train
C0005377,C0005377,train
C0005378,C0005378,train
C0005379,C0005379,train
C0005380,C0005792,train
C0005381,C0005381,train
C0005382,C0005382,train
C0005383,C0005383,test
C0005384,C0005384,train
C0005385,C0005385,test
C0005386,C0005386,train
C0005387,C0005387,train
C0005388,C0002786,train
C0005389,C0005389,train
C0005390,C0005390,train
C0005391,C0005391,test
C0005392,C0005392,train
C0005393,C0005393,train
C0005394,C0005394,train
C0005395,C0003040,train
C0005396,C0005396,train
C0005397,C0005397,train
C0005398,C0005398,test
C0005399,C0005399,train
C0005400,C0005400,test
C0005401,C0005763,test
C0005402,C0005402,val
C0005403,C0005403,train
C0005404,C0005844,train
C0005405,C0005405,test
C0005406,C0005406,train
C0005407,C0005407,val
C0005408,C0005408,test
C0005409,C0005409,train
C0005410,C0005410,train
C0005411,C0005411,train
C0005412,C0005412,train
C0005413,C0005413,test
C0005414,C0005414,test
C0005415,C0005415,train
C0005416,C0005416,train
C0005417,C0005417,test
C0005418,C0005418,train
C0005419,C0005419,train
C0005420,C0005420,test
C0005421,C0005421,val
C0005422,C0005422,train
C0005423,C0005423,test
C0005424,C0005792,train
C0005425,C0005425,test
C0005426,C0005426,train
C0005427,C0005427,train
C0005428,C0005559,train
C0005429,C0005308,train
C0005430,C0005430,train
C0005431,C0005431,test
C0005432,C0005552,train
C0005433,C0005433,train
C0005434,C0005434,train
C0005435,C0005435,train
C0005436,C0005436,train
C0005437,C0005437,val
C0005438,C0005438,train
C0005439,C0005439,train
C0005440,C0004618,train
C0005441,C0005441,train
C0005442,C0005442,train
C0005443,C0005443,train
C0005444,C0002305,train
C0005445,C0005445,train
C0005446,C0005446,train
C0005447,C0005447,train
C0005448,C0005448,train
C0005449,C0005920,test
C0005450,C0005602,test
C0005451,C0005451,test
C0005452,C0005452,val
C0005453,C0005453,test
C0005454,C0005454,train
C0005455,C0005455,train
C0005456,C0005456,train
C0005457,C0005457,train
C0005458,C0005458,train
C0005459,C0005459,train
C0005460,C0005460,train
C0005461,C0005461,train
C0005462,C0005462,val
C0005463,C0005463,train
C0005464,C0005464,train
C0005465,C0005465,train
C0005466,C0005466,train
C0005467,C0005467,train
C0005468,C0005468,train
C0005469,C0005469,train
C0005470,C0005470,train
C0005471,C0005471,val
C0005472,C0005472,train
C0005473,C0005473,train
C0005474,C0005474,train
C0005475,C0005475,val
C0005476,C0005476,train
C0005477,C0005477,test
C0005478,C0005478,test
C0005479,C0005479,train
C0005480,C0005602,test
C0005481,C0005481,train
C0005482,C0005482,test
C0005483,C0005483,train
C0005484,C0005484,train
C0005485,C0005485,test
C0005486,C0005486,train
C0005487,C0005487,val
C0005488,C0005488,train
C0005489,C0005489,train
C0005490,C0005490,train
C0005491,C0005491,test
C0005492,C0005492,train
C0005493,C0004786,train
C0005494,C0005494,train
C0005495,C0004913,train
C0005496,C0005496,val
C0005497,C0005497,train
C0005498,C0005498,test
C0005499,C0005499,test
C0005500,C0005500,test
C0005501,C0005501,train
C0005502,C0005502,train
C0005503,C0005503,train
C0005504,C0005504,test
C0005505,C0005505,val
C0005506,C0005506,train
C0005507,C0005507,train
C0005508,C0005508,test
C0005509,C0005509,train
C0005510,C0005510,train
C0005511,C0005511,train
C0005512,C0005512,test
C0005513,C0005513,train
C0005514,C0005514,test
C0005515,C0005515,test
C0005516,C0005873,test
C0005517,C0005517,test
C0005518,C0005518,train
C0005519,C0004420,val
C0005520,C0002088,train
C0005521,C0005521,train
C0005522,C0005522,train
C0005523,C0005523,test
C0005524,C0005524,train
C0005525,C0005958,train
C0005526,C0005526,test
C0005527,C0005527,train
C0005528,C0005528,train
C0005529,C0002874,val
C0005530,C0005530,train
C0005531,C0005531,test
C0005532,C0005532,test
C0005533,C0005533,train
C0005534,C0005534,train
C0005535,C0005535,test
C0005536,C0004235,train
C0005537,C0005537,train
C0005538,C0005538,test
C0005539,C0005539,train
C0005540,C0005540,val
C0005541,C0005541,train
C0005542,C0005542,test
C0005543,C0005543,train
C0005544,C0005544,train
C0005545,C0005545,train
C0005546,C0005546,train
C0005547,C0005547,train
C0005548,C0005548,test
C0005549,C0005549,train
C0005550,C0005550,train
C0005551,C0005551,train
C0005552,C0005552,train
C0005553,C0005553,train
C0005554,C0005554,train
C0005555,C0005555,train
C0005556,C0005556,test
C0005557,C0005557,train
C0005558,C0005558,train
C0005559,C0005559,train
C0005560,C0005560,val
C0005561,C0005561,test
C0005562,C0005562,train
C0005563,C0005563,train
C0005564,C0005564,test
C0005565,C0005565,test
C0005566,C0005566,train
C0005567,C0005567,train
C0005568,C0005568,train
C0005569,C0005569,val
C0005570,C0005570,val
C0005571,C0005571,train
C0005572,C0005572,test
C0005573,C0005573,train
C0005574,C0005574,train
C0005575,C0005575,val
C0005576,C0005576,train
C0005577,C0005577,train
C0005578,C0005578,train
C0005579,C0005579,train
C0005580,C0005580,test
C0005581,C0005581,train
C0005582,C0003681,train
C0005583,C0005583,test
C0005584,C0005584,train
C0005585,C0005585,train
C0005586,C0005586,test
C0005587,C0005587,test
C0005588,C0005588,test
C0005589,C0005589,test
C0005590,C0005907,train
C0005591,C0005591,test
C0005592,C0005592,test
C0005593,C0005593,train
C0005594,C0005594,val
C0005595,C0005595,test
C0005596,C0002786,train
C0005597,C0005597,train
C0005598,C0005598,train
C0005599,C0005599,test
C0005600,C0005600,train
C0005601,C0005601,train
C0005602,C0005602,test
C0005603,C0005603,val
C0005604,C0005604,test
C0005605,C0005763,test
C0005606,C0005606,train
C0005607,C0005607,train
C0005608,C0005608,train
C0005609,C0005609,train
C0005610,C0005610,train
C0005611,C0005611,train
C0005612,C0003424,train
C0005613,C0005613,train
C0005614,C0005614,test
C0005615,C0005615,val
C0005616,C0005616,test
C0005617,C0005617,test
C0005618,C0005618,train
C0005619,C0005619,train
C0005620,C0005620,val
C0005621,C0005621,train
C0005622,C0005622,train
C0005623,C0005623,train
C0005624,C0005624,train
C0005625,C0005625,test
C0005626,C0005626,train
C0005627,C0005627,train
C0005628,C0005628,train
C0005629,C0005629,train
C0005630,C0005630,val
C0005631,C0005631,val
C0005632,C0005632,train
C0005633,C0005633,test
C0005634,C0005634,test
C0005635,C0005635,train
C0005636,C0005636,test
C0005637,C0005637,test
C0005638,C0005638,test
C0005639,C0005639,train
C0005640,C0005640,train
C0005641,C0005641,val
C0005642,C0005642,train
C0005643,C0005643,train
C0005644,C0005644,test
C0005645,C0005645,train
C0005646,C0003661,val
C0005647,C0005647,train
C0005648,C0005648,train
C0005649,C0005649,train
C0005650,C0005650,train
C0005651,C0005651,train
C0005652,C0005652,val
C0005653,C0005653,train
C0005654,C0005654,train
C0005655,C0005655,train
C0005656,C0005656,train
C0005657,C0005657,train
C0005658,C0005658,train
C0005659,C0005659,train
C0005660,C0005660,test
C0005661,C0005661,train
C0005662,C0005662,test
C0005663,C0005663,val
C0005664,C0005664,train
C0005665,C0005665,train
C0005666,C0005666,test
C0005667,C0005667,test
C0005668,C0005668,train
C0005669,C0005669,train
C0005670,C0005085,train
C0005671,C0004327,train
C0005672,C0005672,train
C0005673,C0005673,test
C0005674,C0005674,train
C0005675,C0005675,train
C0005676,C0005676,train
C0005677,C0005677,train
C0005678,C0005678,train
C0005679,C0005679,train
C0005680,C0005680,train
C0005681,C0005681,test
C0005682,C0005682,train
C0005683,C0005683,train
C0005684,C0005684,test
C0005685,C0005685,train
C0005686,C0005686,val
C0005687,C0005687,train
C0005688,C0005688,train
C0005689,C0005689,train
C0005690,C0005690,train
C0005691,C0005691,test
C0005692,C0005692,train
C0005693,C0005693,train
C0005694,C0003090,train
C0005695,C0005695,train
C0005696,C0005696,test
C0005697,C0005697,test
C0005698,C0005698,train
C0005699,C0004059,train
C0005700,C0005700,train
C0005701,C0005701,train
C0005702,C0005702,test
C0005703,C0005703,train
C0005704,C0005704,train
C0005705,C0005705,train
C0005706,C0005706,train
C0005707,C0005707,train
C0005708,C0005708,train
C0005709,C0005709,train
C0005710,C0005710,train
C0005711,C0005711,train
C0005712,C0005769,train
C0005713,C0005713,val
C0005714,C0005714,train
C0005715,C0005715,train
C0005716,C0005716,train
C0005717,C0005717,train
C0005718,C0005718,train
C0005719,C0005719,test
C0005720,C0005720,train
C0005721,C0005721,train
C0005722,C0002715,train
C0005723,C0005723,train
C0005724,C0005724,train
C0005725,C0005725,train
C0005726,C0005726,train
C0005727,C0005727,train
C0005728,C0005728,train
C0005729,C0005729,train
C0005730,C0005730,train
C0005731,C0005731,val
C0005732,C0005732,train
C0005733,C0005733,train
C0005734,C0005734,train
C0005735,C0005735,train
C0005736,C0005736,train
C0005737,C0005737,train
C0005738,C0005738,train
C0005739,C0003451,train
C0005740,C0005740,train
C0005741,C0005741,train
C0005742,C0005742,train
C0005743,C0005743,test
C0005744,C0002981,test
C0005745,C0005745,train
C0005746,C0005746,val
C0005747,C0005747,test
C0005748,C0005748,train
C0005749,C0005749,test
C0005750,C0005750,train
C0005751,C0005751,train
C0005752,C0005752,train
C0005753,C0005753,train
C0005754,C0005754,train
C0005755,C0005755,train
C0005756,C0005756,test
C0005757,C0005757,train
C0005758,C0002505,test
C0005759,C0005759,train
C0005760,C0005760,train
C0005761,C0005761,test
C0005762,C0005762,val
C0005763,C0005763,test
C0005764,C0005842,val
C0005765,C0005765,train
C0005766,C0005766,train
C0005767,C0005567,train
C0005768,C0005768,val
C0005769,C0005769,train
C0005770,C0005770,train
C0005771,C0005771,train
C0005772,C0005772,train
C0005773,C0005773,train
C0005774,C0005840,train
C0005775,C0005775,train
C0005776,C0005776,test
C0005777,C0005777,test
C0005778,C0000799,train
C0005779,C0005779,train
C0005780,C0005780,train
C0005781,C0005781,test
C0005782,C0005782,train
C0005783,C0002140,train
C0005784,C0005784,train
C0005785,C0005785,train
C0005786,C0005786,train
C0005787,C0005787,train
C0005788,C0005788,train
C0005789,C0005789,train
C0005790,C0005790,train
C0005791,C0005791,train
C0005792,C0005792,train
C0005793,C0005793,train
C0005794,C0005794,train
C0005795,C0005795,train
C0005796,C0005796,train
C0005797,C0005797,train
C0005798,C0005798,val
C0005799,C0005799,train
C0005800,C0005800,test
C0005801,C0005801,train
C0005802,C0005802,train
C0005803,C0005803,test
C0005804,C0005804,test
C0005805,C0005805,train
C0005806,C0005806,train
C0005807,C0005842,val
C0005808,C0005808,train
C0005809,C0005809,train
C0005810,C0005810,train
C0005811,C0005811,val
C0005812,C0005812,train
C0005813,C0005813,train
C0005814,C0005814,test
C0005815,C0005815,test
C0005816,C0005816,val
C0005817,C0005817,train
C0005818,C0005818,train
C0005819,C0002505,test
C0005820,C0005820,test
C0005821,C0005821,val
C0005822,C0005822,train
C0005823,C0005823,val
C0005824,C0005824,train
C0005825,C0005825,train
C0005826,C0005826,train
C0005827,C0005827,val
C0005828,C0005828,test
C0005829,C0005829,train
C0005830,C0005830,train
C0005831,C0005831,train
C0005832,C0005832,test
C0005833,C0005833,train
C0005834,C0005834,train
C0005835,C0005835,train
C0005836,C0005836,train
C0005837,C0005837,train
C0005838,C0005838,train
C0005839,C0005839,train
C0005840,C0005840,train
C0005841,C0005841,train
C0005842,C0005842,val
C0005843,C0005843,test
C0005844,C0005844,train
C0005845,C0005845,train
C0005846,C0005846,test
C0005847,C0005847,train
C0005848,C0005848,train
C0005849,C0002587,train
C0005850,C0005850,train
C0005851,C0005851,train
C0005852,C0005852,val
C0005853,C0005853,val
C0005854,C0005854,test
C0005855,C0005855,train
C0005856,C0005856,train
C0005857,C0005857,train
C0005858,C0005858,train
C0005859,C0005859,test
C0005860,C0005860,test
C0005861,C0005861,train
C0005862,C0005862,train
C0005863,C0005863,train
C0005864,C0005864,train
C0005865,C0005865,train
C0005866,C0005866,test
C0005867,C0005867,train
C0005868,C0005868,train
C0005869,C0005869,train
C0005870,C0005870,train
C0005871,C0005871,train
C0005872,C0005872,train
C0005873,C0005873,test
C0005874,C0005874,val
C0005875,C0005875,train
C0005876,C0005876,train
C0005877,C0005877,train
C0005878,C0005878,train
C0005879,C0005879,train
C0005880,C0005880,train
C0005881,C0005881,test
C0005882,C0005882,train
C0005883,C0005883,train
C0005884,C0005884,test
C0005885,C0003681,train
C0005886,C0005886,test
C0005887,C0005887,train
C0005888,C0004876,val
C0005889,C0005889,train
C0005890,C0005890,train
C0005891,C0005891,train
C0005892,C0005892,train
C0005893,C0005893,test
C0005894,C0005894,train
C0005895,C0005895,train
C0005896,C0005896,train
C0005897,C0005897,train
C0005898,C0005898,train
C0005899,C0005899,train
C0005900,C0005900,test
C0005901,C0005901,train
C0005902,C0005902,train
C0005903,C0005903,val
C0005904,C0005904,train
C0005905,C0005905,train
C0005906,C0005906,train
C0005907,C0005907,train
C0005908,C0005908,train
C0005909,C0005909,val
C0005910,C0005910,test
C0005911,C0005911,train
C0005912,C0005912,train
C0005913,C0005913,train
C0005914,C0005914,val
C0005915,C0005915,train
C0005916,C0005916,train
C0005917,C0005917,train
C0005918,C0005918,test
C0005919,C0005919,train
C0005920,C0005920,test
C0005921,C0005921,train
C0005922,C0005922,train
C0005923,C0005923,train
C0005924,C0005924,train
C0005925,C0005925,test
C0005926,C0005926,test
C0005927,C0005927,train
C0005928,C0005928,test
C0005929,C0005929,test
C0005930,C0005930,train
C0005931,C0005931,train
C0005932,C0005932,train
C0005933,C0005933,val
C0005934,C0005934,train
C0005935,C0005935,train
C0005936,C0005936,test
C0005937,C0005937,train
C0005938,C0005938,train
C0005939,C0005939,val
C0005940,C0005840,train
C0005941,C0005941,train
C0005942,C0005942,train
C0005943,C0005943,train
C0005944,C0005944,val
C0005945,C0005945,train
C0005946,C0005946,train
C0005947,C0005947,train
C0005948,C0005948,train
C0005949,C0005949,train
C0005950,C0005950,train
C0005951,C0005951,train
C0005952,C0005952,test
C0005953,C0005953,val
C0005954,C0005954,val
C0005955,C0005955,test
C0005956,C0005956,train
C0005957,C0005957,train
C0005958,C0005958,train
C0005959,C0005959,test
C0005960,C0005960,train
C0005961,C0005961,train
C0005962,C0005962,train
C0005963,C0005963,train
C0005964,C0005964,train
C0005965,C0005965,train
C0005966,C0005966,val
C0005967,C0005967,val
C0005968,C0005968,train
C0005969,C0005969,train
C0005970,C0005970,train
C0005971,C0005971,train
C0005972,C0005972,train
C0005973,C0005973,train
C0005974,C0005974,train
C0005975,C0005975,train
C0005976,C0005976,train
C0005977,C0005977,train
C0005978,C0005978,val
C0005979,C0005979,val
C0005980,C0005980,train
C0005981,C0005981,train
C0005982,C0005982,train
C0005983,C0005983,test
C0005984,C0005984,train
C0005985,C0005985,train
C0005986,C0005986,train
C0005987,C0005987,test
C0005988,C0005988,test
C0005989,C0005989,train
C0005990,C0005990,test
C0005991,C0005991,train
C0005992,C0005992,train
C0005993,C0005993,test
C0005994,C0005994,train
C0005995,C0005995,train
C0005996,C0005996,train
C0005997,C0005997,train
C0005998,C0005998,train
C0005999,C0005999,train
